SearchType,n_feat,R2,Adj_R2,n_obs,rank,SSE,features,b_const,f1,b_f1,f2,b_f2,f3,b_f3,f4,b_f4,f5,b_f5
RAW_5VARS,5,0.7761695483952445,0.6518192975037137,15,6,1.1893941106538757,Black_Median_Variance_Ratio | lambda_var_median | Delaunay_mean | Voronoi_mean | Voronoi_CV_mean,25.967551242904513,Black_Median_Variance_Ratio,-53.26678970525911,lambda_var_median,-0.005093010077587223,Delaunay_mean,-1.8929049958209883,Voronoi_mean,0.10260204973447884,Voronoi_CV_mean,-8.887443508656576
RAW_5VARS,5,0.7723928207316254,0.6459443878047506,15,6,1.2094629511911958,lambda_median_median | lambda_var_median | Delaunay_mean | Voronoi_mean | Voronoi_CV_mean,20.992235473517535,lambda_median_median,0.10391152106178679,lambda_var_median,-0.0038452280340418726,Delaunay_mean,-1.9302192389933306,Voronoi_mean,0.10193355832417937,Voronoi_CV_mean,-7.531837119961741
RAW_5VARS,5,0.767792590873157,0.6387884746915775,15,6,1.2339077318816183,Black_Median_Variance_Ratio | lambda_var_median | FVC_percent | Delaunay_mean | Voronoi_mean,18.717038450406797,Black_Median_Variance_Ratio,-72.06281976923569,lambda_var_median,-0.012767412714865145,FVC_percent,-0.17521798405989397,Delaunay_mean,-0.4979003749028066,Voronoi_mean,0.03576103719009538
RAW_5VARS,5,0.7670221369811976,0.6375899908596407,15,6,1.2380017830487269,lambda_var_median | FVC_percent | Delaunay_mean | Voronoi_mean | Voronoi_CV_mean,20.293172895271557,lambda_var_median,-0.004670481404525223,FVC_percent,-0.06403685123869837,Delaunay_mean,-1.4950044014034984,Voronoi_mean,0.08292564302747099,Voronoi_CV_mean,-5.658664672184306
RAW_5VARS,5,0.7589201634029055,0.624986920848964,15,6,1.281054189857565,Circ_median | lambda_var_median | Delaunay_mean | Voronoi_mean | Voronoi_CV_mean,27.649263797244448,Circ_median,-3.5618858245801848,lambda_var_median,-0.0026096442253567,Delaunay_mean,-2.154350246479771,Voronoi_mean,0.11471983594493196,Voronoi_CV_mean,-9.58079092580126
RAW_5VARS,5,0.7577177859418458,0.623116555909538,15,6,1.287443403928815,Dm_median | lambda_var_median | Delaunay_mean | Voronoi_mean | Voronoi_CV_mean,21.630597807212062,Dm_median,-0.061671063083668515,lambda_var_median,-0.00225300594118312,Delaunay_mean,-1.831208808797354,Voronoi_mean,0.09825861425261367,Voronoi_CV_mean,-7.807634718313252
RAW_4VARS,4,0.7551525618321887,0.6572135865650642,15,5,1.301074536005165,lambda_var_median | Delaunay_mean | Voronoi_mean | Voronoi_CV_mean,22.1973219992893,lambda_var_median,-0.002225333396628504,Delaunay_mean,-1.8993630694750931,Voronoi_mean,0.10143349068203726,Voronoi_CV_mean,-8.17843598098404,,
RAW_5VARS,5,0.7362657748293443,0.5897467608456467,15,6,1.4014354702270393,Black_Median_Variance_Ratio | lambda_var_median | FVC_percent | Voronoi_mean | Voronoi_CV_mean,16.85801679710155,Black_Median_Variance_Ratio,-89.10937199675442,lambda_var_median,-0.015070211097935271,FVC_percent,-0.20883647505619596,Voronoi_mean,0.011553265037278493,Voronoi_CV_mean,1.2219186433200246
RAW_5VARS,5,0.7360870417751515,0.5894687316502356,15,6,1.4023852250102338,lambda_median_median | FVC_percent | Delaunay_mean | Voronoi_mean | Voronoi_CV_mean,23.879512201308845,lambda_median_median,0.1073990655664991,FVC_percent,0.09822165724675913,Delaunay_mean,-2.5641016640370853,Voronoi_mean,0.13093699540404916,Voronoi_CV_mean,-11.335317551963108
RAW_5VARS,5,0.7325187936473424,0.5839181234514215,15,6,1.4213462433977675,Circ_median | lambda_var_median | FVC_percent | Delaunay_mean | Voronoi_mean,12.97489303471821,Circ_median,1.1304772016702034,lambda_var_median,-0.007439518773873388,FVC_percent,-0.14046996159736935,Delaunay_mean,-0.6498449920032464,Voronoi_mean,0.040280012417519495
RAW_5VARS,5,0.7324304702789477,0.5837807315450297,15,6,1.4218155776346801,Dm_median | Black_Median_Variance_Ratio | lambda_var_median | FVC_percent | Voronoi_mean,17.629791054652628,Dm_median,-0.06964443695365205,Black_Median_Variance_Ratio,-99.6541813054535,lambda_var_median,-0.014942786334553579,FVC_percent,-0.1881781112962645,Voronoi_mean,0.011971087681654544
RAW_5VARS,5,0.7320661680903354,0.5832140392516328,15,6,1.4237514128819724,Dm_median | lambda_var_median | FVC_percent | Delaunay_mean | Voronoi_mean,14.220295156526442,Dm_median,-0.008348350033154341,lambda_var_median,-0.007803959569592692,FVC_percent,-0.1467698619057557,Delaunay_mean,-0.6630032763626262,Voronoi_mean,0.04115763249740244
RAW_5VARS,5,0.7320266626159458,0.5831525862914713,15,6,1.423961337752519,lambda_median_median | lambda_var_median | FVC_percent | Delaunay_mean | Voronoi_mean,14.27391756225327,lambda_median_median,-0.0011873670162996612,lambda_var_median,-0.007846330326175384,FVC_percent,-0.14845949413105589,Delaunay_mean,-0.6623437930475649,Voronoi_mean,0.041159288288336954
RAW_4VARS,4,0.732025104213794,0.6248351458993116,15,5,1.4239696188167272,lambda_var_median | FVC_percent | Delaunay_mean | Voronoi_mean,14.261066826715073,lambda_var_median,-0.007851535103397853,FVC_percent,-0.14811307291241485,Delaunay_mean,-0.6640869664384961,Voronoi_mean,0.04121888996978601,,
RAW_5VARS,5,0.7315014696038606,0.5823356193837832,15,6,1.4267521174299584,Dm_median | FVC_percent | Delaunay_mean | Voronoi_mean | Voronoi_CV_mean,22.964894107425895,Dm_median,-0.09773050480239776,FVC_percent,0.05579502193163803,Delaunay_mean,-2.155421958472731,Voronoi_mean,0.11308500040070996,Voronoi_CV_mean,-9.749344398090829
RAW_5VARS,5,0.7305429052038397,0.5808445192059728,15,6,1.4318457534562161,Circ_median | Black_Median_Variance_Ratio | lambda_var_median | FVC_percent | Voronoi_mean,15.913422020014737,Circ_median,1.5622160323297831,Black_Median_Variance_Ratio,-95.12242598204736,lambda_var_median,-0.014460858064963444,FVC_percent,-0.1871108212634908,Voronoi_mean,0.011537354165790048
RAW_5VARS,5,0.729841057711806,0.5797527564405871,15,6,1.4355752427532136,Black_Median_Variance_Ratio | lambda_median_median | lambda_var_median | FVC_percent | Voronoi_mean,17.835562216720582,Black_Median_Variance_Ratio,-94.76071438000491,lambda_median_median,-0.014797799479372653,lambda_var_median,-0.014938723999804893,FVC_percent,-0.20181498210458582,Voronoi_mean,0.012179657927354981
RAW_4VARS,4,0.7295865606143094,0.6214211848600331,15,5,1.4369275938152375,Black_Median_Variance_Ratio | lambda_var_median | FVC_percent | Voronoi_mean,17.77509471812803,Black_Median_Variance_Ratio,-97.75543248839348,lambda_var_median,-0.015231926671461338,FVC_percent,-0.19910451134159146,Voronoi_mean,0.011957241999482449,,
RAW_5VARS,5,0.7266603875047126,0.574805047229553,15,6,1.4524767429071306,Black_Median_Variance_Ratio | FVC_percent | Delaunay_mean | Voronoi_mean | Voronoi_CV_mean,22.761796791647825,Black_Median_Variance_Ratio,9.48234506112075,FVC_percent,0.041336778022341925,Delaunay_mean,-2.1730869108841873,Voronoi_mean,0.1137203692558213,Voronoi_CV_mean,-9.642433633330965
RAW_5VARS,5,0.7253717871185197,0.5728005577399196,15,6,1.4593241298436967,Circ_median | FVC_percent | Delaunay_mean | Voronoi_mean | Voronoi_CV_mean,22.665289745749842,Circ_median,0.7134796822792011,FVC_percent,0.0522178605182982,Delaunay_mean,-2.1910961575340906,Voronoi_mean,0.11448424180265743,Voronoi_CV_mean,-9.911098068677838
RAW_4VARS,4,0.725191848165054,0.6152685874310756,15,5,1.4602802925552267,FVC_percent | Delaunay_mean | Voronoi_mean | Voronoi_CV_mean,23.813906765652938,FVC_percent,0.05411190745573584,Delaunay_mean,-2.2545269826695553,Voronoi_mean,0.11771174477962801,Voronoi_CV_mean,-10.265290634997223,,
RAW_5VARS,5,0.7151654260202449,0.556923996031492,15,6,1.513558867317805,Black_Median_Variance_Ratio | lambda_median_median | Delaunay_mean | Voronoi_mean | Voronoi_CV_mean,20.433279903719217,Black_Median_Variance_Ratio,29.66939220539186,lambda_median_median,-0.028197480930010954,Delaunay_mean,-1.910545582861824,Voronoi_mean,0.10140350852352498,Voronoi_CV_mean,-7.908792952764948
RAW_5VARS,5,0.7133264455449184,0.5540633597365396,15,6,1.5233308734558397,Circ_median | Black_Median_Variance_Ratio | Delaunay_mean | Voronoi_mean | Voronoi_CV_mean,17.76961159045687,Circ_median,1.2909365302245241,Black_Median_Variance_Ratio,34.78231211803899,Delaunay_mean,-1.8292427834687306,Voronoi_mean,0.09671214012342633,Voronoi_CV_mean,-7.150354328511537
RAW_5VARS,5,0.7132474016316191,0.5539404025380743,15,6,1.523750898364368,Dm_median | Black_Median_Variance_Ratio | Delaunay_mean | Voronoi_mean | Voronoi_CV_mean,19.316999528004153,Dm_median,-0.026811555267673634,Black_Median_Variance_Ratio,37.36443677978276,Delaunay_mean,-1.8933827810292203,Voronoi_mean,0.10013998891914677,Voronoi_CV_mean,-7.4597583086383645
RAW_5VARS,5,0.7128671657987372,0.5533489245758134,15,6,1.5257714020851394,Black_Median_Variance_Ratio | lambda_var_median | FVC_percent | Delaunay_mean | Voronoi_CV_mean,14.78895959112745,Black_Median_Variance_Ratio,-85.99990397461092,lambda_var_median,-0.015156824501303845,FVC_percent,-0.21527459692597972,Delaunay_mean,0.20830608902747594,Voronoi_CV_mean,2.369728506135408
RAW_4VARS,4,0.7127576930882495,0.5978607703235493,15,5,1.5263531200604994,Black_Median_Variance_Ratio | Delaunay_mean | Voronoi_mean | Voronoi_CV_mean,19.57299202910463,Black_Median_Variance_Ratio,37.22562687394785,Delaunay_mean,-1.9226101726565945,Voronoi_mean,0.10150501860434957,Voronoi_CV_mean,-7.624025850398174,,
RAW_5VARS,5,0.703133221973309,0.5382072341807029,15,6,1.5774958005143747,Dm_median | lambda_median_median | Delaunay_mean | Voronoi_mean | Voronoi_CV_mean,22.142476629118903,Dm_median,-0.16940607810920993,lambda_median_median,-0.1282703715097985,Delaunay_mean,-1.6996059961788073,Voronoi_mean,0.09330624245499586,Voronoi_CV_mean,-7.877697938373931
RAW_5VARS,5,0.7014440490775617,0.5355796318984294,15,6,1.586471756554644,Circ_median | lambda_median_median | Delaunay_mean | Voronoi_mean | Voronoi_CV_mean,14.651670729760632,Circ_median,5.596605803451658,lambda_median_median,-0.08692167828042663,Delaunay_mean,-1.4954648131925992,Voronoi_mean,0.08120866296030815,Voronoi_CV_mean,-6.4449120089085055
RAW_5VARS,5,0.6929520798627831,0.5223699020087736,15,6,1.6315965288968233,Circ_median | Black_Median_Variance_Ratio | lambda_var_median | FVC_percent | Delaunay_mean,11.543294986661776,Circ_median,3.699646313850213,Black_Median_Variance_Ratio,-90.56118400300234,lambda_var_median,-0.012874234098556148,FVC_percent,-0.15644597266832116,Delaunay_mean,0.18318502240444395
RAW_5VARS,5,0.6911150467266711,0.519512294908155,15,6,1.6413581872301846,Dm_median | Black_Median_Variance_Ratio | lambda_var_median | FVC_percent | Delaunay_mean,15.663516599847831,Dm_median,-0.08049076452822389,Black_Median_Variance_Ratio,-99.33874946099334,lambda_var_median,-0.01437391823178795,FVC_percent,-0.17176841557378578,Delaunay_mean,0.20164013148560794
RAW_5VARS,5,0.6894672483138826,0.5169490529327063,15,6,1.6501142868299665,lambda_median_median | lambda_var_median | FVC_percent | Voronoi_mean | Voronoi_CV_mean,11.708396576734122,lambda_median_median,-0.08679476450392806,lambda_var_median,-0.008927911609509814,FVC_percent,-0.2091038366514888,Voronoi_mean,0.010023558373380266,Voronoi_CV_mean,1.8091921760947263
RAW_5VARS,5,0.6881590875307363,0.5149141361589231,15,6,1.6570656141409175,Circ_median | lambda_var_median | FVC_percent | Voronoi_mean | Voronoi_CV_mean,4.978990345439357,Circ_median,4.656229573653277,lambda_var_median,-0.00786473195407833,FVC_percent,-0.15895041033711527,Voronoi_mean,0.007063436615827978,Voronoi_CV_mean,2.2469982231742773
RAW_5VARS,5,0.6876418348273036,0.5141095208424722,15,6,1.659814200469417,Black_Median_Variance_Ratio | lambda_median_median | lambda_var_median | FVC_percent | Delaunay_mean,15.8868197640151,Black_Median_Variance_Ratio,-93.83500533721838,lambda_median_median,-0.017388863502921126,lambda_var_median,-0.01438178027328263,FVC_percent,-0.1877191099316846,Delaunay_mean,0.20657384117184474
RAW_4VARS,4,0.6873212148359965,0.5622497007703952,15,5,1.661517916503962,Black_Median_Variance_Ratio | lambda_var_median | FVC_percent | Delaunay_mean,15.79734637867778,Black_Median_Variance_Ratio,-96.80716499286035,lambda_var_median,-0.01466475632963693,FVC_percent,-0.18374888681408486,Delaunay_mean,0.2001520888937094,,
RAW_5VARS,5,0.6860357801253116,0.5116112135282627,15,6,1.6683484816194645,Circ_median | lambda_median_median | lambda_var_median | FVC_percent | Voronoi_mean,7.2440928679273835,Circ_median,5.22813437897944,lambda_median_median,-0.1234901786457043,lambda_var_median,-0.006081361211694336,FVC_percent,-0.16231326164001803,Voronoi_mean,0.009902664697639896
RAW_4VARS,4,0.6854050283707805,0.5595670397190927,15,5,1.6717001811614405,lambda_median_median | Delaunay_mean | Voronoi_mean | Voronoi_CV_mean,23.57283867098981,lambda_median_median,-0.1169616140230716,Delaunay_mean,-1.8986700002346066,Voronoi_mean,0.10248438582875774,Voronoi_CV_mean,-8.799188964078201,,
RAW_5VARS,5,0.6824927390450324,0.5060998162922726,15,6,1.6871755543634812,Dm_median | lambda_median_median | lambda_var_median | FVC_percent | Voronoi_mean,12.74080622869283,Dm_median,-0.12366908987374922,lambda_median_median,-0.14629029993669987,lambda_var_median,-0.007208626054364564,FVC_percent,-0.18494452333552824,Voronoi_mean,0.011378610322280484
RAW_5VARS,5,0.6793760805352365,0.50125168083259,15,6,1.7037369080572868,Dm_median | lambda_var_median | FVC_percent | Voronoi_mean | Voronoi_CV_mean,9.869097767972837,Dm_median,-0.01813341582460776,lambda_var_median,-0.009540923554383185,FVC_percent,-0.18906270016300547,Voronoi_mean,0.007993169658782022,Voronoi_CV_mean,2.219624821671603
RAW_4VARS,4,0.6791825486106617,0.5508555680549264,15,5,1.7047653013329223,lambda_var_median | FVC_percent | Voronoi_mean | Voronoi_CV_mean,9.940674150427968,lambda_var_median,-0.009653118937662353,FVC_percent,-0.19221363579093773,Voronoi_mean,0.008008102581402356,Voronoi_CV_mean,2.2351772842203603,,
RAW_5VARS,5,0.6753387751997272,0.4949714280884645,15,6,1.7251904107176201,Circ_median | lambda_var_median | FVC_percent | Delaunay_mean | Voronoi_CV_mean,2.598697742197177,Circ_median,5.799924983866069,lambda_var_median,-0.007455213687989293,FVC_percent,-0.15148191585306325,Delaunay_mean,0.11899430238786696,Voronoi_CV_mean,2.889220450137684
RAW_4VARS,4,0.6748024896013088,0.5447234854418324,15,5,1.728040134371458,lambda_median_median | lambda_var_median | FVC_percent | Voronoi_mean,12.666527082530688,lambda_median_median,-0.11593456347678884,lambda_var_median,-0.008144827471601182,FVC_percent,-0.1979513464155942,Voronoi_mean,0.010789182889541692,,
RAW_5VARS,5,0.6699705570549614,0.4866208665299401,15,6,1.753716140797298,lambda_median_median | lambda_var_median | FVC_percent | Delaunay_mean | Voronoi_CV_mean,10.065061860889761,lambda_median_median,-0.08553454182959697,lambda_var_median,-0.00914141397756281,FVC_percent,-0.2140107782013512,Delaunay_mean,0.18059495614609655,Voronoi_CV_mean,2.7809197425733205
RAW_5VARS,5,0.6654042343870282,0.47951769793537724,15,6,1.7779807448743856,Circ_median | lambda_median_median | lambda_var_median | Delaunay_mean | Voronoi_mean,1.9712314263732402,Circ_median,8.25147877654207,lambda_median_median,0.08361475912148106,lambda_var_median,-0.0025836163317531913,Delaunay_mean,-0.7706306521920223,Voronoi_mean,0.03839980643224816
RAW_5VARS,5,0.6636519298269623,0.4767918908419414,15,6,1.78729217104036,Circ_median | Dm_median | lambda_var_median | FVC_percent | Voronoi_mean,5.440174500460272,Circ_median,4.724408144118496,Dm_median,0.010165358062059662,lambda_var_median,-0.007170846839565037,FVC_percent,-0.13745241131082797,Voronoi_mean,0.007178436477305983
RAW_4VARS,4,0.6635983099570844,0.5290376339399181,15,5,1.7875770972288634,Circ_median | lambda_var_median | FVC_percent | Voronoi_mean,5.542136305412723,Circ_median,4.589207659944028,lambda_var_median,-0.007162814754890334,FVC_percent,-0.13674337920383522,Voronoi_mean,0.0071970111593746555,,
RAW_5VARS,5,0.6628198154738115,0.4754974907370402,15,6,1.7917138746286443,Circ_median | Black_Median_Variance_Ratio | lambda_var_median | Delaunay_mean | Voronoi_mean,1.0553249950539902,Circ_median,10.889528429429026,Black_Median_Variance_Ratio,-27.04641250820259,lambda_var_median,-0.0024535432947256908,Delaunay_mean,-0.5738809221835952,Voronoi_mean,0.02992305456715627
RAW_5VARS,5,0.661076012101731,0.47278490771380377,15,6,1.800980127035414,Dm_median | lambda_var_median | FVC_percent | Delaunay_mean | Voronoi_CV_mean,8.479496007745032,Dm_median,-0.020082240628082008,lambda_var_median,-0.00951865071332915,FVC_percent,-0.1883800647329582,Delaunay_mean,0.13736521725691578,Voronoi_CV_mean,2.9573109474754657
RAW_5VARS,5,0.660878671404495,0.47247793329588106,15,6,1.8020287594328477,Black_Median_Variance_Ratio | lambda_median_median | lambda_var_median | Delaunay_mean | Voronoi_mean,12.85108874418181,Black_Median_Variance_Ratio,-68.93938977394056,lambda_median_median,0.24773235765932888,lambda_var_median,-0.009704636012230594,Delaunay_mean,-1.0002462267842809,Voronoi_mean,0.04818828687805521
RAW_4VARS,4,0.6608386335297087,0.5251740869415922,15,5,1.8022415133817962,lambda_var_median | FVC_percent | Delaunay_mean | Voronoi_CV_mean,8.556366110533524,lambda_var_median,-0.009643782459746009,FVC_percent,-0.1918922035475593,Delaunay_mean,0.1376862007972811,Voronoi_CV_mean,2.9762354363173813,,
RAW_5VARS,5,0.6596116471988965,0.47050700675383905,15,6,1.8087614944891826,Circ_median | Dm_median | lambda_var_median | Delaunay_mean | Voronoi_mean,1.171474307508828,Circ_median,9.292142420621055,Dm_median,-0.06761079206029044,lambda_var_median,-0.0012018714123556151,Delaunay_mean,-0.634360045582989,Voronoi_mean,0.03282666718612548
RAW_4VARS,4,0.6571565062958007,0.5200191088141211,15,5,1.8218076645256174,Circ_median | lambda_var_median | Delaunay_mean | Voronoi_mean,0.028849415165775445,Circ_median,10.520113462573544,lambda_var_median,-0.001039999505552558,Delaunay_mean,-0.6309936273104086,Voronoi_mean,0.032296733719030524,,
RAW_4VARS,4,0.6555530997157699,0.5177743396020779,15,5,1.8303278740395572,Dm_median | lambda_var_median | FVC_percent | Voronoi_mean,10.290200627142642,Dm_median,-0.03377363006163002,lambda_var_median,-0.008729649224101611,FVC_percent,-0.16406927665839477,Voronoi_mean,0.008098097985252992,,
RAW_5VARS,5,0.6553305738847419,0.4638475593762652,15,6,1.8315103356349094,Circ_median | lambda_median_median | lambda_var_median | FVC_percent | Delaunay_mean,3.7793692806028703,Circ_median,7.016468099380604,lambda_median_median,-0.12337293592118709,lambda_var_median,-0.004933899841015332,FVC_percent,-0.13600100199386356,Delaunay_mean,0.15773991405198268
RAW_3VARS,3,0.6548776680079871,0.5607533956465289,15,4,1.8339169946870209,lambda_var_median | FVC_percent | Voronoi_mean,10.429851657314549,lambda_var_median,-0.008929232872729374,FVC_percent,-0.1696454486851339,Voronoi_mean,0.008127457440306093,,,,
RAW_5VARS,5,0.6509657672057844,0.45705786009788674,15,6,1.8547041205773716,Circ_median | Black_Median_Variance_Ratio | FVC_percent | Delaunay_mean | Voronoi_mean,-0.6467564026675593,Circ_median,10.269651492553079,Black_Median_Variance_Ratio,29.466431077910283,FVC_percent,-0.017470766158772966,Delaunay_mean,-0.6864544504466363,Voronoi_mean,0.03576191532699724
RAW_5VARS,5,0.6506057072903446,0.4564977668960917,15,6,1.8566174131603788,Circ_median | lambda_median_median | FVC_percent | Delaunay_mean | Voronoi_mean,-1.2335730750897567,Circ_median,13.14123195951626,lambda_median_median,-0.10921499352016628,FVC_percent,-0.029423865380891367,Delaunay_mean,-0.4413423800288603,Voronoi_mean,0.025857242772669764
RAW_5VARS,5,0.6478110172337748,0.4521504712525385,15,6,1.8714678853394577,Circ_median | Black_Median_Variance_Ratio | lambda_median_median | Delaunay_mean | Voronoi_mean,-1.4260363459096377,Circ_median,11.523323657598933,Black_Median_Variance_Ratio,11.560509638007954,lambda_median_median,-0.01417692628414291,Delaunay_mean,-0.6263723759560644,Voronoi_mean,0.03220959505777721
RAW_5VARS,5,0.647489361184477,0.45165011739807526,15,6,1.873177106796807,Circ_median | Dm_median | Black_Median_Variance_Ratio | Delaunay_mean | Voronoi_mean,-1.1013657365787515,Circ_median,10.873677502015656,Dm_median,-0.02183297827420616,Black_Median_Variance_Ratio,16.702790880586768,Delaunay_mean,-0.6606014783236407,Voronoi_mean,0.03384940692987115
RAW_4VARS,4,0.6472071542042532,0.5060900158859545,15,5,1.8746767031111473,Circ_median | Black_Median_Variance_Ratio | Delaunay_mean | Voronoi_mean,-1.3974334512208497,Circ_median,11.232610268170376,Black_Median_Variance_Ratio,15.910382768601153,Delaunay_mean,-0.6581752508351306,Voronoi_mean,0.033612911283384506,,
RAW_5VARS,5,0.6470389077085734,0.45094941199111416,15,6,1.8755707342390169,Circ_median | Dm_median | lambda_median_median | Delaunay_mean | Voronoi_mean,-0.9113324933482053,Circ_median,11.697370254473881,Dm_median,-0.07244112673800174,lambda_median_median,-0.05287683138315491,Delaunay_mean,-0.5389937776479536,Voronoi_mean,0.028913780508641906
RAW_5VARS,5,0.6456730680386051,0.4488247725044968,15,6,1.8828285566126512,Circ_median | Dm_median | Delaunay_mean | Voronoi_mean | Voronoi_CV_mean,2.500940835097256,Circ_median,13.472362059197168,Dm_median,0.09688192417167651,Delaunay_mean,-1.103637864237972,Voronoi_mean,0.0590906876700128,Voronoi_CV_mean,-3.262789774258856
RAW_4VARS,4,0.644652188170673,0.5025130634389423,15,5,1.888253325646078,Circ_median | lambda_median_median | Delaunay_mean | Voronoi_mean,-1.9868433133254233,Circ_median,12.835521669154305,lambda_median_median,-0.04208111337449716,Delaunay_mean,-0.5526197770877541,Voronoi_mean,0.029124024097434642,,
RAW_5VARS,5,0.6432271333665074,0.4450199852367892,15,6,1.8958258064201716,Dm_median | lambda_median_median | lambda_var_median | FVC_percent | Delaunay_mean,10.906619561358443,Dm_median,-0.13570746381662763,lambda_median_median,-0.14873310415132737,lambda_var_median,-0.006628589822780001,FVC_percent,-0.1689218290680179,Delaunay_mean,0.19150330727842518
RAW_5VARS,5,0.6428509179351588,0.4444347612324693,15,6,1.897824946461998,Circ_median | Black_Median_Variance_Ratio | lambda_var_median | FVC_percent | Voronoi_CV_mean,0.5800541567052808,Circ_median,8.01210445889288,Black_Median_Variance_Ratio,-26.676011118309653,lambda_var_median,-0.005052875186906114,FVC_percent,-0.05851361424230783,Voronoi_CV_mean,2.0465784299065093
RAW_4VARS,4,0.6393820691425436,0.495134896799561,15,5,1.9162577749493876,Circ_median | Delaunay_mean | Voronoi_mean | Voronoi_CV_mean,2.2140989986204,Circ_median,13.080771486340513,Delaunay_mean,-1.0318626309008556,Voronoi_mean,0.05590793866492838,Voronoi_CV_mean,-2.8116267934110004,,
RAW_5VARS,5,0.6380556659291439,0.43697548033422384,15,6,1.9233060392005612,Circ_median | Dm_median | lambda_var_median | FVC_percent | Voronoi_CV_mean,-1.781973555297334,Circ_median,8.929331218378929,Dm_median,0.05548885461224162,lambda_var_median,-0.003929867929034714,FVC_percent,-0.06977376995014084,Voronoi_CV_mean,2.3845918350512134
RAW_5VARS,5,0.6370896497978702,0.4354727885744647,15,6,1.9284392723647534,Circ_median | lambda_median_median | lambda_var_median | FVC_percent | Voronoi_CV_mean,-1.2185717987638616,Circ_median,7.943016871190542,lambda_median_median,0.018392178025789407,lambda_var_median,-0.004234237228717852,FVC_percent,-0.06658190658983365,Voronoi_CV_mean,2.4213072004476084
RAW_5VARS,5,0.6366181002661193,0.43473926708063004,15,6,1.9309450003920394,Circ_median | Dm_median | FVC_percent | Delaunay_mean | Voronoi_mean,-2.6779667163286707,Circ_median,13.056188760946366,Dm_median,-0.01731126061310634,FVC_percent,0.0144698186133696,Delaunay_mean,-0.6169193181104073,Voronoi_mean,0.03144768655782215
RAW_4VARS,4,0.6364623669798796,0.4910473137718314,15,5,1.9317725386119657,Circ_median | FVC_percent | Delaunay_mean | Voronoi_mean,-2.8881456866654083,Circ_median,13.312067468919738,FVC_percent,0.013543373668024383,Delaunay_mean,-0.6161582888607295,Voronoi_mean,0.031364360628069576,,
RAW_4VARS,4,0.6364586022436637,0.4910420431411292,15,5,1.9317925437321413,Circ_median | lambda_var_median | FVC_percent | Voronoi_CV_mean,-1.305836841497536,Circ_median,8.242824277342475,lambda_var_median,-0.0038106892676523785,FVC_percent,-0.06401221953997016,Voronoi_CV_mean,2.3364446266776935,,
RAW_5VARS,5,0.6364022657691816,0.434403524529838,15,6,1.932091905461002,Circ_median | Dm_median | lambda_var_median | FVC_percent | Delaunay_mean,2.209916073632971,Circ_median,6.529009572280579,Dm_median,0.019784638898539757,lambda_var_median,-0.005806769999082029,FVC_percent,-0.10633073432497187,Delaunay_mean,0.09545218676492401
RAW_4VARS,4,0.6361989067409595,0.4906784694373433,15,5,1.933172518169333,Circ_median | lambda_var_median | FVC_percent | Delaunay_mean,2.397323094125594,Circ_median,6.271426255268108,lambda_var_median,-0.005788325602541278,FVC_percent,-0.10488741298475573,Delaunay_mean,0.09607582819764746,,
RAW_5VARS,5,0.6361111304775902,0.43395064740958467,15,6,1.9336389451901346,Dm_median | lambda_median_median | lambda_var_median | Delaunay_mean | Voronoi_mean,9.585738748375126,Dm_median,-0.0936175124245259,lambda_median_median,0.1365951084088744,lambda_var_median,-0.004312500865136085,Delaunay_mean,-0.972850119929935,Voronoi_mean,0.047164536229080324
RAW_5VARS,5,0.6358407128042003,0.43352999769542266,15,6,1.935075895282674,Circ_median | Dm_median | lambda_median_median | FVC_percent | Voronoi_mean,-1.0656517773637995,Circ_median,12.264361716505844,Dm_median,-0.13886036201778784,lambda_median_median,-0.2091819540815818,FVC_percent,-0.062208489925320354,Voronoi_mean,0.006970539308682078
RAW_4VARS,4,0.634320952622635,0.488049333671689,15,5,1.9431516231231023,lambda_median_median | lambda_var_median | FVC_percent | Delaunay_mean,10.746476234985675,lambda_median_median,-0.10898669208885456,lambda_var_median,-0.007594664898642245,FVC_percent,-0.17909178249652208,Delaunay_mean,0.17211007721050345,,
RAW_5VARS,5,0.6341189766717624,0.4308517414894082,15,6,1.9442248864111813,Black_Median_Variance_Ratio | lambda_median_median | lambda_var_median | FVC_percent | Voronoi_CV_mean,9.330728611245418,Black_Median_Variance_Ratio,-62.810948614552366,lambda_median_median,0.1235776318740105,lambda_var_median,-0.011277688200870273,FVC_percent,-0.09632590135898855,Voronoi_CV_mean,2.224317043629827
RAW_5VARS,5,0.6336482407132868,0.4301194855540018,15,6,1.946726291258778,Circ_median | Black_Median_Variance_Ratio | lambda_median_median | FVC_percent | Voronoi_mean,-2.409932476070663,Circ_median,12.699645251334921,Black_Median_Variance_Ratio,19.39292393328734,lambda_median_median,-0.1870262760879733,FVC_percent,-0.08156832918045609,Voronoi_mean,0.006494829430550908
RAW_4VARS,4,0.6320733594454357,0.48490270322361007,15,5,1.9550949224773253,lambda_median_median | lambda_var_median | Delaunay_mean | Voronoi_mean,9.510480044651267,lambda_median_median,0.17651740933941798,lambda_var_median,-0.004888933555445396,Delaunay_mean,-1.0480235353059466,Voronoi_mean,0.04984722258276662,,
RAW_5VARS,5,0.62974642030837,0.42404998714635334,15,6,1.9674598517603314,Circ_median | lambda_median_median | FVC_percent | Voronoi_mean | Voronoi_CV_mean,-4.540133875466103,Circ_median,15.018407170821868,lambda_median_median,-0.1723425784329049,FVC_percent,-0.05785489759893858,Voronoi_mean,0.00522005157722738,Voronoi_CV_mean,0.7460161980138987
RAW_5VARS,5,0.6294932827468005,0.42365621760613414,15,6,1.968804978496919,Circ_median | Black_Median_Variance_Ratio | lambda_median_median | lambda_var_median | FVC_percent,3.4856797409806086,Circ_median,6.619216706297909,Black_Median_Variance_Ratio,-57.44853933017904,lambda_median_median,0.06916612498123681,lambda_var_median,-0.007374238788298015,FVC_percent,-0.04011922821233127
RAW_4VARS,4,0.627070640571676,0.4778988968003465,15,5,1.98167845623266,Circ_median | lambda_median_median | FVC_percent | Voronoi_mean,-3.583582586268746,Circ_median,14.539891798915088,lambda_median_median,-0.18120148820295268,FVC_percent,-0.05875120926730082,Voronoi_mean,0.005759727326191566,,
RAW_5VARS,5,0.6265082129629654,0.4190127757201685,15,6,1.984667093751253,Dm_median | Black_Median_Variance_Ratio | lambda_var_median | Delaunay_mean | Voronoi_mean,11.69196770860913,Dm_median,-0.2542595774934136,Black_Median_Variance_Ratio,-35.92451547607281,lambda_var_median,-0.004184703221933761,Delaunay_mean,-0.7041593619844715,Voronoi_mean,0.036342224485561084
RAW_4VARS,4,0.626353627729531,0.4768950788213433,15,5,1.9854885314283999,Circ_median | Dm_median | Delaunay_mean | Voronoi_mean,-4.489730661985244,Circ_median,15.575945256480308,Dm_median,0.055742135902130785,Delaunay_mean,-0.6003188165212825,Voronoi_mean,0.031511202725724274,,
RAW_3VARS,3,0.6241411389259891,0.5216341768148952,15,4,1.9972452925569846,Circ_median | Delaunay_mean | Voronoi_mean,-4.074204404862402,Circ_median,15.158787450983759,Delaunay_mean,-0.5989870928788645,Voronoi_mean,0.031896787138190774,,,,
RAW_5VARS,5,0.6237949165028578,0.4147920923377788,15,6,1.999085055234924,Circ_median | Dm_median | Black_Median_Variance_Ratio | lambda_var_median | FVC_percent,1.608070220579752,Circ_median,8.098243774466134,Dm_median,0.014504470852123308,Black_Median_Variance_Ratio,-37.544826733881266,lambda_var_median,-0.0049170593704577215,FVC_percent,-0.03702932155334382
RAW_4VARS,4,0.6236870294881693,0.4731618412834371,15,5,1.9996583471126221,Circ_median | Black_Median_Variance_Ratio | lambda_var_median | FVC_percent,1.761447024969498,Circ_median,7.914825531757898,Black_Median_Variance_Ratio,-38.00302646127554,lambda_var_median,-0.004913333703624012,FVC_percent,-0.035616601020389216,,
RAW_5VARS,5,0.622528719226186,0.41282245212962265,15,6,2.0058133961420794,Circ_median | lambda_median_median | FVC_percent | Delaunay_mean | Voronoi_CV_mean,-5.936510626262419,Circ_median,15.46350968252683,lambda_median_median,-0.16606379827873496,FVC_percent,-0.05636030391629809,Delaunay_mean,0.08933008358068673,Voronoi_CV_mean,1.2857300166215295
RAW_5VARS,5,0.6206623620271176,0.40991922981996065,15,6,2.015730877186474,Circ_median | Dm_median | lambda_median_median | FVC_percent | Delaunay_mean,-2.372625359716176,Circ_median,12.54733936761438,Dm_median,-0.124735381466901,lambda_median_median,-0.20009790304764152,FVC_percent,-0.05770419725712017,Delaunay_mean,0.12039322238257011
RAW_5VARS,5,0.6202958785444508,0.40934914440247894,15,6,2.0176783034317,Circ_median | Dm_median | Black_Median_Variance_Ratio | lambda_var_median | Voronoi_mean,-1.4699313941288406,Circ_median,11.768613907916874,Dm_median,-0.11475102007272504,Black_Median_Variance_Ratio,-57.58807876021628,lambda_var_median,-0.004239672970193453,Voronoi_mean,0.0020665369444481385
RAW_4VARS,4,0.6202583878283905,0.46836174295974664,15,5,2.017877522244719,Dm_median | lambda_var_median | FVC_percent | Delaunay_mean,8.683196578843734,Dm_median,-0.042179862824082585,lambda_var_median,-0.007863918064923398,FVC_percent,-0.1403895217344376,Delaunay_mean,0.11520963272914188,,
RAW_3VARS,3,0.6192037669249555,0.5153502488135797,15,4,2.0234815849740078,lambda_var_median | FVC_percent | Delaunay_mean,8.848553407012616,lambda_var_median,-0.008106204696855102,FVC_percent,-0.14716897810718058,Delaunay_mean,0.11558869633072545,,,,
RAW_5VARS,5,0.6174167769054226,0.40487054185287963,15,6,2.032977323332177,Circ_median | Black_Median_Variance_Ratio | lambda_median_median | FVC_percent | Delaunay_mean,-3.74448263418724,Circ_median,13.151234745051779,Black_Median_Variance_Ratio,14.185372806715133,lambda_median_median,-0.1732151592751583,FVC_percent,-0.06862897750473884,Delaunay_mean,0.10438072874877058
RAW_4VARS,4,0.6171389814627206,0.46399457404780886,15,5,2.034453477542417,Dm_median | lambda_var_median | Delaunay_mean | Voronoi_mean,9.872752352225971,Dm_median,-0.22217943337936671,lambda_var_median,-0.002239824760147363,Delaunay_mean,-0.7803841551948766,Voronoi_mean,0.039318520898605644,,
RAW_5VARS,5,0.6147726108768578,0.4007573946973343,15,6,2.0470279383375005,Circ_median | Black_Median_Variance_Ratio | lambda_median_median | lambda_var_median | Voronoi_CV_mean,-3.9419163937695325,Circ_median,12.998251251921879,Black_Median_Variance_Ratio,-51.42293925175009,lambda_median_median,0.04417067435147426,lambda_var_median,-0.0043902393791395156,Voronoi_CV_mean,0.7628483179156199
RAW_5VARS,5,0.6147561956742209,0.400731859937677,15,6,2.0471151657241293,Circ_median | Dm_median | Black_Median_Variance_Ratio | lambda_var_median | Voronoi_CV_mean,-3.323999366896376,Circ_median,12.018335891487,Dm_median,-0.06301157759338982,Black_Median_Variance_Ratio,-39.65147344492109,lambda_var_median,-0.0031785620187658736,Voronoi_CV_mean,0.8426842238372553
RAW_5VARS,5,0.6146203671681961,0.4005205711505273,15,6,2.047836933579962,Dm_median | Black_Median_Variance_Ratio | lambda_var_median | FVC_percent | Voronoi_CV_mean,8.632380255857512,Dm_median,-0.04713091260087826,Black_Median_Variance_Ratio,-31.78302296467556,lambda_var_median,-0.007392939711549952,FVC_percent,-0.08893152432181815,Voronoi_CV_mean,1.950440110316115
RAW_5VARS,5,0.6144971083452551,0.4003288352037301,15,6,2.048491908437231,Circ_median | Black_Median_Variance_Ratio | lambda_median_median | lambda_var_median | Voronoi_mean,-3.240880251673909,Circ_median,13.30726351280323,Black_Median_Variance_Ratio,-57.08740694567568,lambda_median_median,0.02731549872751604,lambda_var_median,-0.0044363002087433046,Voronoi_mean,0.0011313117949276474
RAW_5VARS,5,0.6144862000491309,0.4003118667430925,15,6,2.048549873129141,Circ_median | Black_Median_Variance_Ratio | lambda_var_median | Voronoi_mean | Voronoi_CV_mean,-4.507280759548548,Circ_median,14.081198199743648,Black_Median_Variance_Ratio,-46.59627066446274,lambda_var_median,-0.0033287979802238965,Voronoi_mean,0.0010094456307445654,Voronoi_CV_mean,0.42708543343257266
RAW_5VARS,5,0.6144441090194979,0.4002463918081077,15,6,2.048773537167693,Circ_median | Dm_median | Black_Median_Variance_Ratio | lambda_var_median | Delaunay_mean,-1.793359708976724,Circ_median,11.613314754729394,Dm_median,-0.09256207966486041,Black_Median_Variance_Ratio,-53.25840099236999,lambda_var_median,-0.004022763786464267,Delaunay_mean,0.026032560900216106
RAW_4VARS,4,0.6137917949750666,0.45930851296509334,15,5,2.052239814777289,Circ_median | lambda_median_median | FVC_percent | Delaunay_mean,-4.517880081025988,Circ_median,14.497650728374902,lambda_median_median,-0.1697608468244569,FVC_percent,-0.05241052140151936,Delaunay_mean,0.09523496288851874,,
RAW_4VARS,4,0.6136542576430746,0.45911596070030447,15,5,2.052970663021992,Circ_median | Black_Median_Variance_Ratio | lambda_var_median | Voronoi_mean,-3.7845240015737307,Circ_median,13.801413346985798,Black_Median_Variance_Ratio,-50.413861865705584,lambda_var_median,-0.0035884347550130258,Voronoi_mean,0.0013190856819838004,,
RAW_4VARS,4,0.6133331770224131,0.45866644783137833,15,5,2.054676826756738,Black_Median_Variance_Ratio | lambda_var_median | FVC_percent | Voronoi_CV_mean,8.70636631185336,Black_Median_Variance_Ratio,-30.22319816421466,lambda_var_median,-0.007599544114107459,FVC_percent,-0.09708450809406433,Voronoi_CV_mean,2.0083047655253172,,
RAW_5VARS,5,0.6125615555403225,0.39731797528494617,15,6,2.0587770822844043,Circ_median | Black_Median_Variance_Ratio | lambda_var_median | Delaunay_mean | Voronoi_CV_mean,-4.722883924922194,Circ_median,13.736563433581079,Black_Median_Variance_Ratio,-41.33234837259744,lambda_var_median,-0.0030699259371829157,Delaunay_mean,0.00642855173456458,Voronoi_CV_mean,0.6855841785297719
RAW_5VARS,5,0.6124888814645142,0.3972049267225777,15,6,2.0591632590407123,Circ_median | Dm_median | Black_Median_Variance_Ratio | lambda_median_median | lambda_var_median,-1.344124145716317,Circ_median,10.822761981934711,Dm_median,-0.045030122682030285,Black_Median_Variance_Ratio,-54.4286999606953,lambda_median_median,0.03999692560580964,lambda_var_median,-0.004780363036745783
RAW_4VARS,4,0.6123073890533798,0.45723034467473167,15,5,2.0601276765423706,Circ_median | Black_Median_Variance_Ratio | lambda_var_median | Voronoi_CV_mean,-4.669240888517649,Circ_median,13.477045462056312,Black_Median_Variance_Ratio,-38.653823581944216,lambda_var_median,-0.0029466773427699877,Voronoi_CV_mean,0.7701811165901112,,
RAW_5VARS,5,0.6117298306128474,0.39602418095331815,15,6,2.063196716535824,Dm_median | Black_Median_Variance_Ratio | lambda_median_median | lambda_var_median | FVC_percent,10.406384924829657,Dm_median,-0.00667018996020426,Black_Median_Variance_Ratio,-71.29464992839014,lambda_median_median,0.10909544822433012,lambda_var_median,-0.010634886499163661,FVC_percent,-0.07024325805391589
RAW_4VARS,4,0.6117070125577364,0.45638981758083097,15,5,2.0633179675102595,Black_Median_Variance_Ratio | lambda_median_median | lambda_var_median | FVC_percent,10.430407337957623,Black_Median_Variance_Ratio,-71.54059862653484,lambda_median_median,0.11063761634429392,lambda_var_median,-0.01070912014051828,FVC_percent,-0.07126334053186856,,
RAW_5VARS,5,0.6116409689493092,0.3958859516989254,15,6,2.0636689111747453,Circ_median | Black_Median_Variance_Ratio | lambda_median_median | lambda_var_median | Delaunay_mean,-2.7409020529290093,Circ_median,12.440694584911515,Black_Median_Variance_Ratio,-55.632061599786596,lambda_median_median,0.03745185505784854,lambda_var_median,-0.004615193881226887,Delaunay_mean,0.007975470120433259
RAW_4VARS,4,0.6112509054670934,0.4557512676539307,15,5,2.065741637227892,Circ_median | Black_Median_Variance_Ratio | lambda_median_median | lambda_var_median,-2.3367813127008525,Circ_median,11.889409889141222,Black_Median_Variance_Ratio,-54.87188195391278,lambda_median_median,0.04477721878156332,lambda_var_median,-0.004747597838976603,,
RAW_5VARS,5,0.6105996978817454,0.39426619670493723,15,6,2.069202035316145,Circ_median | Dm_median | lambda_median_median | lambda_var_median | FVC_percent,-1.151835149956299,Circ_median,8.730598987783882,Dm_median,0.03385718312557928,lambda_median_median,-0.004174947545672492,lambda_var_median,-0.002973571802364461,FVC_percent,-0.0418596241751652
RAW_4VARS,4,0.6105682568426496,0.4547955595797094,15,5,2.0693691072514664,Circ_median | Dm_median | lambda_var_median | FVC_percent,-1.1479647620541096,Circ_median,8.691609408761645,Dm_median,0.0362058639765657,lambda_var_median,-0.003067373442274146,FVC_percent,-0.04245908973912982,,
RAW_4VARS,4,0.6105133477620144,0.45471868686682015,15,5,2.0696608840703075,Circ_median | Dm_median | Black_Median_Variance_Ratio | lambda_var_median,-1.7848194609752879,Circ_median,11.033621991336629,Dm_median,-0.053618344864591064,Black_Median_Variance_Ratio,-43.07304057066038,lambda_var_median,-0.0035121214576356863,,
RAW_5VARS,5,0.6104737838786187,0.39407033047785134,15,6,2.069871119315637,Circ_median | Black_Median_Variance_Ratio | lambda_median_median | FVC_percent | Voronoi_CV_mean,-6.403905731464682,Circ_median,12.783772187448353,Black_Median_Variance_Ratio,18.072792030572135,lambda_median_median,-0.0678779681940922,FVC_percent,-0.03237269409424215,Voronoi_CV_mean,1.8584037053628124
RAW_4VARS,4,0.6101309573823598,0.4541833403353037,15,5,2.071692836658845,Circ_median | Black_Median_Variance_Ratio | lambda_var_median | Delaunay_mean,-3.5611771245274975,Circ_median,13.1963047497676,Black_Median_Variance_Ratio,-47.00704381891952,lambda_var_median,-0.003474574821805021,Delaunay_mean,0.014014360307528118,,
RAW_4VARS,4,0.6100511835182838,0.45407165692559737,15,5,2.0721167403923886,Circ_median | lambda_median_median | lambda_var_median | FVC_percent,-0.8957139675170288,Circ_median,8.394061335458536,lambda_median_median,-0.0092275522456437,lambda_var_median,-0.0028027695864096813,FVC_percent,-0.03820147828858289,,
RAW_3VARS,3,0.6098835155010758,0.5034881106377329,15,4,2.073007697591387,Circ_median | lambda_var_median | FVC_percent,-0.8435072437017673,Circ_median,8.243659985084966,lambda_var_median,-0.003000504321821751,FVC_percent,-0.03903557443345007,,,,
RAW_5VARS,5,0.6097677406710772,0.39297204104389793,15,6,2.073622903877998,Dm_median | lambda_median_median | lambda_var_median | FVC_percent | Voronoi_CV_mean,6.281808360390429,Dm_median,0.002769447901302382,lambda_median_median,0.049019151981817354,lambda_var_median,-0.007176775827214359,FVC_percent,-0.10797182869046724,Voronoi_CV_mean,2.565278474404979
RAW_4VARS,4,0.609763857754847,0.45366940085678586,15,5,2.0736435369851702,lambda_median_median | lambda_var_median | FVC_percent | Voronoi_CV_mean,6.2781835486468465,lambda_median_median,0.04845298985596448,lambda_var_median,-0.00715031982316694,FVC_percent,-0.10748189232715616,Voronoi_CV_mean,2.5602622940958812,,
RAW_3VARS,3,0.6087171803114857,0.5020036840327999,15,4,2.0792053896194425,Circ_median | Black_Median_Variance_Ratio | lambda_var_median,-3.058547515709574,Circ_median,12.364036488687711,Black_Median_Variance_Ratio,-41.95932632870947,lambda_var_median,-0.003287502560036515,,,,
RAW_4VARS,4,0.6056639785629225,0.4479295699880915,15,5,2.095429545681959,Dm_median | lambda_var_median | FVC_percent | Voronoi_CV_mean,6.715062578431914,Dm_median,-0.031036442181181324,lambda_var_median,-0.006088945007275512,FVC_percent,-0.09948806380788686,Voronoi_CV_mean,2.3097811014266325,,
RAW_5VARS,5,0.6053813118231169,0.38614870728040407,15,6,2.096931585074687,Circ_median | Dm_median | lambda_median_median | FVC_percent | Voronoi_CV_mean,-6.539746841955749,Circ_median,13.953122560892886,Dm_median,-0.020394312247644653,lambda_median_median,-0.07542208280023655,FVC_percent,-0.013988558328694722,Voronoi_CV_mean,1.4491859689475246
RAW_5VARS,5,0.6053570848150418,0.3861110208233983,15,6,2.0970603229676628,Circ_median | Dm_median | Black_Median_Variance_Ratio | lambda_median_median | Voronoi_mean,-4.93447262016532,Circ_median,13.766034039688941,Dm_median,-0.12614304170248758,Black_Median_Variance_Ratio,-12.571154578123256,lambda_median_median,-0.09811195461709166,Voronoi_mean,0.0025335254889427006
RAW_4VARS,4,0.6051606568013611,0.4472249195219056,15,5,2.0981041055314926,Circ_median | lambda_median_median | FVC_percent | Voronoi_CV_mean,-6.862016412446257,Circ_median,14.334808109676999,lambda_median_median,-0.07469367970973195,FVC_percent,-0.0150928247839488,Voronoi_CV_mean,1.4546791113421764,,
RAW_3VARS,3,0.60509628372274,0.49739527019257823,15,4,2.0984461723059087,lambda_var_median | FVC_percent | Voronoi_CV_mean,6.8276343469814,lambda_var_median,-0.006270177245011933,FVC_percent,-0.10460145904322123,Voronoi_CV_mean,2.336724181731936,,,,
RAW_5VARS,5,0.6032366091215045,0.3828125030778958,15,6,2.1083281432467884,Circ_median | Dm_median | lambda_median_median | Voronoi_mean | Voronoi_CV_mean,-6.457518268136212,Circ_median,13.560830998573703,Dm_median,-0.09613373814977749,lambda_median_median,-0.05790066178228992,Voronoi_mean,0.0011445160898411189,Voronoi_CV_mean,0.7294406377961753
RAW_5VARS,5,0.6024133328193184,0.38153185105227316,15,6,2.112702883047565,Black_Median_Variance_Ratio | lambda_median_median | FVC_percent | Delaunay_mean | Voronoi_mean,9.445574993715946,Black_Median_Variance_Ratio,66.00006860287822,lambda_median_median,-0.10928280883256392,FVC_percent,-0.08661372432262304,Delaunay_mean,-0.770458982121732,Voronoi_mean,0.04188138736354574
RAW_5VARS,5,0.6017826994969652,0.380550865884168,15,6,2.116053953262593,Circ_median | Dm_median | lambda_median_median | lambda_var_median | Voronoi_CV_mean,-6.730993401055457,Circ_median,13.268534746985761,Dm_median,-0.0619424175765734,lambda_median_median,-0.02932048583713509,lambda_var_median,-0.00046019908830352563,Voronoi_CV_mean,1.053538300599726
RAW_5VARS,5,0.6010998051510239,0.3794885857904817,15,6,2.119682729005295,Circ_median | Dm_median | lambda_median_median | Delaunay_mean | Voronoi_CV_mean,-6.9011201256350665,Circ_median,13.776370354415821,Dm_median,-0.07411687145937673,lambda_median_median,-0.05362807243426637,Delaunay_mean,0.009671722211750833,Voronoi_CV_mean,0.977379351350859
RAW_5VARS,5,0.600782330006159,0.3789947355651362,15,6,2.1213697339006257,Circ_median | Dm_median | lambda_var_median | Delaunay_mean | Voronoi_CV_mean,-6.978744275342359,Circ_median,13.144028924452904,Dm_median,-0.04055196794999466,lambda_var_median,-0.0009253229865020529,Delaunay_mean,-0.010263605974381307,Voronoi_CV_mean,1.1848003145957895
RAW_5VARS,5,0.6007735696537375,0.37898110835025833,15,6,2.1214162848122764,Circ_median | Dm_median | lambda_median_median | lambda_var_median | Voronoi_mean,-5.421240173188071,Circ_median,13.01637423816918,Dm_median,-0.10970403634135026,lambda_median_median,-0.0711340411181085,lambda_var_median,9.58038772704839e-05,Voronoi_mean,0.001759362227669925
RAW_4VARS,4,0.6007358733522267,0.4410302226931173,15,5,2.1216165960688054,Circ_median | Dm_median | lambda_median_median | Voronoi_mean,-5.379142697381617,Circ_median,12.901484727932369,Dm_median,-0.10796970885584589,lambda_median_median,-0.06634372879788875,Voronoi_mean,0.001679692693942414,,
RAW_5VARS,5,0.6006826434285195,0.3788396675554748,15,6,2.1218994501546273,Circ_median | Dm_median | Black_Median_Variance_Ratio | lambda_median_median | Voronoi_CV_mean,-6.937997378318062,Circ_median,13.968637356719631,Dm_median,-0.05352324515869755,Black_Median_Variance_Ratio,-1.9211603254138871,lambda_median_median,-0.05494193072314957,Voronoi_CV_mean,1.1048547065316818
RAW_5VARS,5,0.6005745560010367,0.37867153155716826,15,6,2.1224738069892854,Circ_median | Black_Median_Variance_Ratio | lambda_median_median | Voronoi_mean | Voronoi_CV_mean,-7.960290843537427,Circ_median,15.799154138986983,Black_Median_Variance_Ratio,-7.295983239860863,lambda_median_median,-0.06083398040817012,Voronoi_mean,0.0009327784684174389,Voronoi_CV_mean,0.7200763453987813
RAW_4VARS,4,0.6005288306021377,0.4407403628429927,15,5,2.122716783401869,Circ_median | Dm_median | lambda_median_median | Voronoi_CV_mean,-6.99778088491704,Circ_median,13.839037168807982,Dm_median,-0.055798940074699654,lambda_median_median,-0.05059474452486157,Voronoi_CV_mean,1.0987671665719945,,
RAW_5VARS,5,0.6000866803004588,0.3779126138007136,15,6,2.1250662892938075,Circ_median | lambda_median_median | lambda_var_median | Delaunay_mean | Voronoi_CV_mean,-7.632366378063486,Circ_median,14.060860792456081,lambda_median_median,-0.011837094648391888,lambda_var_median,-0.0006209142290156677,Delaunay_mean,-0.01087056251452656,Voronoi_CV_mean,1.1193831895535562
RAW_5VARS,5,0.6000714964402734,0.37788899446264734,15,6,2.1251469735517,Circ_median | Dm_median | lambda_var_median | Voronoi_mean | Voronoi_CV_mean,-7.209373271463848,Circ_median,13.401685252877892,Dm_median,-0.054584014465873715,lambda_var_median,-0.0009172676016397929,Voronoi_mean,4.4844217912398676e-05,Voronoi_CV_mean,1.0829037687901462
RAW_4VARS,4,0.6000667545235887,0.4400934563330242,15,5,2.1251721712302896,Circ_median | Dm_median | lambda_var_median | Voronoi_CV_mean,-7.205230301262846,Circ_median,13.389131743324613,Dm_median,-0.05350137096829298,lambda_var_median,-0.0009171612661358353,Voronoi_CV_mean,1.0944393990719459,,
RAW_4VARS,4,0.5998932234129648,0.4398505127781507,15,5,2.12609428383611,Circ_median | lambda_var_median | Delaunay_mean | Voronoi_CV_mean,-7.592730017563964,Circ_median,13.850277969084003,lambda_var_median,-0.000829839518527109,Delaunay_mean,-0.014335872196426513,Voronoi_CV_mean,1.176175137363375,,
RAW_5VARS,5,0.5995062529590527,0.37700972682519307,15,6,2.128150574102159,Circ_median | lambda_median_median | lambda_var_median | Voronoi_mean | Voronoi_CV_mean,-8.07086818724736,Circ_median,14.786453262627907,lambda_median_median,-0.026764814149617955,lambda_var_median,-0.0003200948676091997,Voronoi_mean,0.0001434217763254253,Voronoi_CV_mean,0.9389901064915485
RAW_4VARS,4,0.5994668037438895,0.43925352524144523,15,5,2.1283602000214588,Circ_median | lambda_median_median | lambda_var_median | Voronoi_CV_mean,-8.018453403740095,Circ_median,14.660882318002498,lambda_median_median,-0.023927926179662884,lambda_var_median,-0.0003758969186513639,Voronoi_CV_mean,0.9852153951767607,,
RAW_5VARS,5,0.5990944009420984,0.3763690681321532,15,6,2.1303390804466455,Circ_median | Black_Median_Variance_Ratio | lambda_median_median | Delaunay_mean | Voronoi_CV_mean,-8.0474864049127,Circ_median,15.372444167821689,Black_Median_Variance_Ratio,-4.226467249799267,lambda_median_median,-0.052524839684748414,Delaunay_mean,0.005136657167701841,Voronoi_CV_mean,0.9714547874013134
RAW_4VARS,4,0.5990876506642698,0.4387227109299777,15,5,2.130374950189288,Circ_median | lambda_median_median | Voronoi_mean | Voronoi_CV_mean,-8.234589838854468,Circ_median,15.226284084735749,lambda_median_median,-0.04248037922396741,Voronoi_mean,0.00040872943426961683,Voronoi_CV_mean,0.8784416732016415,,
RAW_4VARS,4,0.5989572303255364,0.4385401224557509,15,5,2.1310679800325776,Circ_median | Black_Median_Variance_Ratio | lambda_median_median | Voronoi_CV_mean,-7.977423389132304,Circ_median,15.140855267523346,Black_Median_Variance_Ratio,-2.83745624076038,lambda_median_median,-0.04900551041785661,Voronoi_CV_mean,1.041704759849658,,
RAW_5VARS,5,0.5987630382977921,0.3758536151298988,15,6,2.1320998809758094,Circ_median | Dm_median | Black_Median_Variance_Ratio | lambda_median_median | Delaunay_mean,-5.308039135140929,Circ_median,13.641345381943209,Dm_median,-0.10181872444922524,Black_Median_Variance_Ratio,-10.15889014710203,lambda_median_median,-0.09085233598675657,Delaunay_mean,0.035239575185139316
RAW_4VARS,4,0.5986189981053356,0.4380665973474699,15,5,2.1328652842325018,Circ_median | lambda_median_median | Delaunay_mean | Voronoi_CV_mean,-8.113765284781987,Circ_median,14.996603958258131,lambda_median_median,-0.04205416460499656,Delaunay_mean,-0.0007140645085641495,Voronoi_CV_mean,1.0391456268090806,,
RAW_3VARS,3,0.5986147613739436,0.48914605993047366,15,4,2.1328877974487774,Circ_median | lambda_median_median | Voronoi_CV_mean,-8.134171849042563,Circ_median,15.02061551982323,lambda_median_median,-0.04207153609963754,Voronoi_CV_mean,1.0284799774337285,,,,
RAW_4VARS,4,0.5984717336548018,0.43786042711672246,15,5,2.133647820607324,Circ_median | lambda_var_median | Voronoi_mean | Voronoi_CV_mean,-8.122515319951338,Circ_median,14.391754734332132,lambda_var_median,-0.0007845903283101308,Voronoi_mean,-0.00025522961333734884,Voronoi_CV_mean,1.1006391417991388,,
RAW_3VARS,3,0.5982946230302608,0.48873861112942285,15,4,2.134588954095877,Circ_median | lambda_var_median | Voronoi_CV_mean,-8.268560267527796,Circ_median,14.603006507704302,lambda_var_median,-0.0007680185361724767,Voronoi_CV_mean,1.0272456125627472,,,,
RAW_4VARS,4,0.598262738847491,0.4375678343864875,15,5,2.1347583808156894,Circ_median | Black_Median_Variance_Ratio | lambda_median_median | Voronoi_mean,-7.06151718774944,Circ_median,15.569604465214105,Black_Median_Variance_Ratio,-9.790782168324718,lambda_median_median,-0.07323863302961664,Voronoi_mean,0.001528317703160198,,
RAW_4VARS,4,0.5974155047841373,0.4363817066977922,15,5,2.139260427780584,Dm_median | Black_Median_Variance_Ratio | lambda_var_median | FVC_percent,9.622999993402482,Dm_median,-0.06582030128551256,Black_Median_Variance_Ratio,-43.03134179828596,lambda_var_median,-0.0071504327147432906,FVC_percent,-0.06368776010184496,,
RAW_5VARS,5,0.5961924032565044,0.3718548495101178,15,6,2.1457597657538963,Circ_median | Dm_median | lambda_median_median | lambda_var_median | Delaunay_mean,-5.417127297049091,Circ_median,12.638669687864237,Dm_median,-0.0788701785569034,lambda_median_median,-0.053717797026947234,lambda_var_median,-0.0002143095183555488,Delaunay_mean,0.016473041619389783
RAW_4VARS,4,0.596024071929034,0.43443370070064746,15,5,2.1466542476623967,Circ_median | Dm_median | lambda_median_median | Delaunay_mean,-5.543549776811795,Circ_median,12.90545936774127,Dm_median,-0.08370008431282194,lambda_median_median,-0.06459172051679651,Delaunay_mean,0.02034991573199285,,
RAW_5VARS,5,0.5959281389333968,0.37144377167417275,15,6,2.147164018067675,Dm_median | Black_Median_Variance_Ratio | FVC_percent | Delaunay_mean | Voronoi_mean,7.93399973910335,Dm_median,-0.11404134093627775,Black_Median_Variance_Ratio,58.99241697108839,FVC_percent,-0.03167954702908423,Delaunay_mean,-0.9121982313215187,Voronoi_mean,0.04612247926097279
RAW_4VARS,4,0.5954276539789313,0.4335987155705038,15,5,2.14982350364278,Circ_median | lambda_median_median | lambda_var_median | Voronoi_mean,-7.084650586807209,Circ_median,14.487201902882726,lambda_median_median,-0.044930372033133104,lambda_var_median,-0.0001189865624908748,Voronoi_mean,0.0008733940279821439,,
RAW_3VARS,3,0.5953673701438451,0.48501301654671203,15,4,2.1501438409244367,Circ_median | lambda_median_median | Voronoi_mean,-7.172716730819547,Circ_median,14.665076191899962,lambda_median_median,-0.05056506207377964,Voronoi_mean,0.0009579431068438282,,,,
RAW_4VARS,4,0.5950159158427959,0.43302228217991423,15,5,2.1520114048454086,Circ_median | Dm_median | lambda_median_median | lambda_var_median,-5.122142063577151,Circ_median,12.144794962809236,Dm_median,-0.05020513840116807,lambda_median_median,-0.03380933218824056,lambda_var_median,-0.00056681972871786,,
RAW_3VARS,3,0.5948751741372068,0.4843865852655359,15,4,2.1527592805457476,Black_Median_Variance_Ratio | lambda_var_median | FVC_percent,9.769086502733373,Black_Median_Variance_Ratio,-41.29863574921665,lambda_var_median,-0.007432232129509941,FVC_percent,-0.07415094096042063,,,,
RAW_5VARS,5,0.5947848402197743,0.3696653070085377,15,6,2.153239298472782,Circ_median | Dm_median | Black_Median_Variance_Ratio | lambda_median_median | FVC_percent,-4.775254525612189,Circ_median,12.245213214231706,Dm_median,-0.01644012507452941,Black_Median_Variance_Ratio,5.74705431537245,lambda_median_median,-0.07021192208319693,FVC_percent,-0.011426854823602284
RAW_4VARS,4,0.5946489052891928,0.4325084674048699,15,5,2.1539616318492585,Circ_median | Black_Median_Variance_Ratio | lambda_median_median | FVC_percent,-4.999277500108282,Circ_median,12.483536087204914,Black_Median_Variance_Ratio,6.37885964922958,lambda_median_median,-0.06935239630394463,FVC_percent,-0.01282396038043565,,
RAW_4VARS,4,0.5942869330712077,0.4320017062996908,15,5,2.155885086058482,Circ_median | Black_Median_Variance_Ratio | lambda_median_median | Delaunay_mean,-6.8565353155973074,Circ_median,14.957708295274875,Black_Median_Variance_Ratio,-7.204568345843682,lambda_median_median,-0.06892428436139575,Delaunay_mean,0.01815511216075194,,
RAW_4VARS,4,0.5941926156357358,0.43186966189003007,15,5,2.156386271672317,Circ_median | Dm_median | lambda_median_median | FVC_percent,-4.935496467438204,Circ_median,12.697603503912985,Dm_median,-0.02431418046322542,lambda_median_median,-0.07290038124405207,FVC_percent,-0.006189326018038344,,
RAW_5VARS,5,0.5941377203885747,0.36865867616000514,15,6,2.156677974982604,Circ_median | Dm_median | Black_Median_Variance_Ratio | FVC_percent | Voronoi_CV_mean,-10.095196150386277,Circ_median,15.167330217480991,Dm_median,0.03194069279299461,Black_Median_Variance_Ratio,25.175377778878694,FVC_percent,-0.022688004516213667,Voronoi_CV_mean,1.942228302659612
RAW_4VARS,4,0.5939355303186771,0.4315097424461479,15,5,2.1577523760600483,Circ_median | Dm_median | lambda_var_median | Voronoi_mean,-5.911221520175148,Circ_median,12.599662962442592,Dm_median,-0.05801282350385306,lambda_var_median,-0.0010745098143978282,Voronoi_mean,0.0006629843653653822,,
RAW_3VARS,3,0.5938787588815524,0.4831184203947031,15,4,2.1580540491008935,Circ_median | lambda_median_median | FVC_percent,-5.312732680629968,Circ_median,13.147304412551263,lambda_median_median,-0.07201993902671866,FVC_percent,-0.007471525905920373,,,,
RAW_5VARS,5,0.5937918782564291,0.3681206995100008,15,6,2.158515716863751,Circ_median | Black_Median_Variance_Ratio | FVC_percent | Delaunay_mean | Voronoi_CV_mean,-9.51345239892149,Circ_median,14.555199179437256,Black_Median_Variance_Ratio,22.969404144080727,FVC_percent,-0.01735479993006095,Delaunay_mean,-0.005452569677229846,Voronoi_CV_mean,1.8993537503371134
RAW_5VARS,5,0.5937857071961234,0.36811110008285874,15,6,2.1585485087503393,Circ_median | Black_Median_Variance_Ratio | FVC_percent | Voronoi_mean | Voronoi_CV_mean,-9.82562145911676,Circ_median,14.898798226655122,Black_Median_Variance_Ratio,24.635693738589637,FVC_percent,-0.020866140958885726,Voronoi_mean,0.0002801662670179894,Voronoi_CV_mean,1.8749566620253653
RAW_4VARS,4,0.5936220521281601,0.43107087297942415,15,5,2.159418141870492,Circ_median | Black_Median_Variance_Ratio | FVC_percent | Voronoi_CV_mean,-9.711259658160467,Circ_median,14.746788648644547,Black_Median_Variance_Ratio,23.828542413763305,FVC_percent,-0.019202248226720897,Voronoi_CV_mean,1.9013908878804135,,
RAW_4VARS,4,0.5935281634527885,0.4309394288339039,15,5,2.1599170491315167,Circ_median | lambda_median_median | lambda_var_median | Delaunay_mean,-6.43183143050147,Circ_median,13.55602010508166,lambda_median_median,-0.03219694333570977,lambda_var_median,-0.0004220282475220216,Delaunay_mean,0.002914919131268845,,
RAW_3VARS,3,0.5934756031813981,0.48260531313996136,15,4,2.1601963448073187,Circ_median | lambda_median_median | lambda_var_median,-6.264245075194438,Circ_median,13.347152473548231,lambda_median_median,-0.02914533410673159,lambda_var_median,-0.0004919676597765488,,,,
RAW_4VARS,4,0.5931769749311526,0.4304477649036137,15,5,2.1617832007492623,Circ_median | Dm_median | Black_Median_Variance_Ratio | lambda_median_median,-5.317804406097609,Circ_median,12.885040358680191,Dm_median,-0.04021543666303229,Black_Median_Variance_Ratio,-1.4046284934214675,lambda_median_median,-0.06373404120031978,,
RAW_3VARS,3,0.5930946309008464,0.4821204393283499,15,4,2.162220761876408,Circ_median | Dm_median | lambda_median_median,-5.368115594437896,Circ_median,12.794516141628499,Dm_median,-0.041935435385069386,lambda_median_median,-0.060515472836284445,,,,
RAW_3VARS,3,0.5928341953822496,0.48178897594104486,15,4,2.163604668622802,Circ_median | lambda_median_median | Delaunay_mean,-6.826586565900348,Circ_median,14.23215389965394,lambda_median_median,-0.05220253008204345,Delaunay_mean,0.009292982921186521,,,,
RAW_4VARS,4,0.5927362360156676,0.42983073042193465,15,5,2.164125206792924,Circ_median | Dm_median | lambda_var_median | Delaunay_mean,-5.548658851394259,Circ_median,12.185584119267544,Dm_median,-0.03788040093481142,lambda_var_median,-0.001105025696302775,Delaunay_mean,-0.0014619359681925514,,
RAW_3VARS,3,0.5927207018463923,0.481644529622681,15,4,2.164207752529295,Circ_median | Dm_median | lambda_var_median,-5.599799553311255,Circ_median,12.234079996726008,Dm_median,-0.0398850305134021,lambda_var_median,-0.0011016930073957099,,,,
RAW_3VARS,3,0.5921888543798013,0.4809676328470198,15,4,2.1670338927617534,Circ_median | Black_Median_Variance_Ratio | lambda_median_median,-6.180633584223043,Circ_median,13.82570633068555,Black_Median_Variance_Ratio,-2.125527823555508,lambda_median_median,-0.05882630194414418,,,,
RAW_3VARS,3,0.5921266089922814,0.48088841144472183,15,4,2.1673646533745323,Circ_median | lambda_var_median | Voronoi_mean,-6.860104550927115,Circ_median,13.63903470647204,lambda_var_median,-0.0009360927590957857,Voronoi_mean,0.0003545030005440708,,,,
RAW_2VARS,2,0.591996065483898,0.5239954097312143,15,3,2.16805833771883,Circ_median | lambda_median_median,-6.315570593017565,Circ_median,13.747894427125702,lambda_median_median,-0.053521795386586746,,,,,,
RAW_3VARS,3,0.5919600471090607,0.48067642359334994,15,4,2.168249732779689,Circ_median | lambda_var_median | Delaunay_mean,-6.132199979132752,Circ_median,12.852142771696691,lambda_var_median,-0.001014567278392775,Delaunay_mean,-0.005327628572335041,,,,
RAW_2VARS,2,0.5917201822303155,0.5236735459353681,15,3,2.1695243309055776,Circ_median | lambda_var_median,-6.479737499488197,Circ_median,13.207088766759396,lambda_var_median,-0.0009801627622323394,,,,,,
RAW_5VARS,5,0.5908042761955832,0.3634733185264627,15,6,2.1743912881752996,Circ_median | Dm_median | Black_Median_Variance_Ratio | Delaunay_mean | Voronoi_CV_mean,-9.466949873233363,Circ_median,15.083583296517423,Dm_median,0.0007148153446263628,Black_Median_Variance_Ratio,10.442328376333045,Delaunay_mean,-0.015730223559733858,Voronoi_CV_mean,1.4937887477634895
RAW_4VARS,4,0.5908039731596493,0.4271255624235091,15,5,2.174392898452867,Circ_median | Black_Median_Variance_Ratio | Delaunay_mean | Voronoi_CV_mean,-9.459463620940207,Circ_median,15.072953518026509,Black_Median_Variance_Ratio,10.466267124813767,Delaunay_mean,-0.015664696417351465,Voronoi_CV_mean,1.4945100180384747,,
RAW_5VARS,5,0.5893815478172022,0.36126018549342565,15,6,2.181951406747971,Circ_median | Dm_median | Black_Median_Variance_Ratio | Voronoi_mean | Voronoi_CV_mean,-9.855060949267209,Circ_median,15.50575918042393,Dm_median,-0.009710846457067213,Black_Median_Variance_Ratio,9.693452323581766,Voronoi_mean,-0.00028099130517489357,Voronoi_CV_mean,1.4400245365141902
RAW_4VARS,4,0.5893257017770273,0.42505598248783816,15,5,2.1822481623985586,Circ_median | Black_Median_Variance_Ratio | Voronoi_mean | Voronoi_CV_mean,-9.970011683821603,Circ_median,15.656734663326922,Black_Median_Variance_Ratio,9.35668588416655,Voronoi_mean,-0.0003286762308292168,Voronoi_CV_mean,1.4345261547204926,,
RAW_4VARS,4,0.5892009643615904,0.4248813501062265,15,5,2.18291099422611,Circ_median | Dm_median | Black_Median_Variance_Ratio | Voronoi_CV_mean,-9.930470186160827,Circ_median,15.656647154626306,Dm_median,-0.015039664492311644,Black_Median_Variance_Ratio,9.425832633886849,Voronoi_CV_mean,1.3753192965064396,,
RAW_3VARS,3,0.5890532554700088,0.47697687059819305,15,4,2.183695892279431,Circ_median | Black_Median_Variance_Ratio | Voronoi_CV_mean,-10.148636082386572,Circ_median,15.958210474214498,Black_Median_Variance_Ratio,8.773147660135418,Voronoi_CV_mean,1.3471766691372764,,,,
RAW_4VARS,4,0.5882636074130128,0.4235690503782179,15,5,2.187891937731453,Black_Median_Variance_Ratio | FVC_percent | Delaunay_mean | Voronoi_mean,7.923217025916922,Black_Median_Variance_Ratio,67.20653520801756,FVC_percent,-0.04479945709434219,Delaunay_mean,-0.9495207158030565,Voronoi_mean,0.04761725974792341,,
RAW_5VARS,5,0.5863375069075895,0.3565250107451391,15,6,2.1981268837866184,Dm_median | Black_Median_Variance_Ratio | lambda_median_median | Delaunay_mean | Voronoi_mean,8.398463622544003,Dm_median,-0.21179869958900777,Black_Median_Variance_Ratio,31.50952219188188,lambda_median_median,-0.025032613226115365,Delaunay_mean,-0.8319171963394594,Voronoi_mean,0.041439000924635205
RAW_5VARS,5,0.5855601923669229,0.3553158547929912,15,6,2.2022573911870453,Circ_median | Dm_median | FVC_percent | Delaunay_mean | Voronoi_CV_mean,-10.21047859667113,Circ_median,16.459256943034358,Dm_median,0.007671165640656286,FVC_percent,0.008340832328366687,Delaunay_mean,-0.015759683537604374,Voronoi_CV_mean,1.410610574958744
RAW_4VARS,4,0.5855295976833276,0.41974143675665865,15,5,2.2024199657439243,Circ_median | FVC_percent | Delaunay_mean | Voronoi_CV_mean,-10.12035978327295,Circ_median,16.34551667393039,FVC_percent,0.00876813763587947,Delaunay_mean,-0.015374815669718878,Voronoi_CV_mean,1.406946815751661,,
RAW_4VARS,4,0.5849903360674668,0.4189864704944535,15,5,2.205285503410529,Dm_median | Black_Median_Variance_Ratio | Delaunay_mean | Voronoi_mean,8.025280919873037,Dm_median,-0.1814411532603387,Black_Median_Variance_Ratio,38.061542733478234,Delaunay_mean,-0.88434321353257,Voronoi_mean,0.043574236521630116,,
RAW_5VARS,5,0.58422804285167,0.35324362221370875,15,6,2.2093361902360247,Circ_median | Dm_median | FVC_percent | Voronoi_mean | Voronoi_CV_mean,-10.671220999129094,Circ_median,16.94124828450208,Dm_median,0.001735838667353773,FVC_percent,0.00677361186493286,Voronoi_mean,-0.0002609896866943018,Voronoi_CV_mean,1.3997233939193847
RAW_4VARS,4,0.58422648521483,0.41791707930076194,15,5,2.209344467233505,Circ_median | FVC_percent | Voronoi_mean | Voronoi_CV_mean,-10.649735963638081,Circ_median,16.91522386711742,FVC_percent,0.0068708697979071864,Voronoi_mean,-0.0002559995212259025,Voronoi_CV_mean,1.3983760461958306,,
RAW_4VARS,4,0.5840817273853315,0.4177144183394641,15,5,2.2101136838822772,Circ_median | Dm_median | FVC_percent | Voronoi_CV_mean,-10.768304357218682,Circ_median,17.103802308567683,Dm_median,-0.0013817942919718273,FVC_percent,0.006223561542146427,Voronoi_CV_mean,1.3569477444686222,,
RAW_3VARS,3,0.5840807052455612,0.4706481703125325,15,4,2.210119115346201,Circ_median | FVC_percent | Voronoi_CV_mean,-10.787545674670545,Circ_median,17.127817577312715,FVC_percent,0.0061347175609327564,Voronoi_CV_mean,1.357384211712712,,,,
RAW_4VARS,4,0.5826827597528235,0.4157558636539529,15,5,2.2175475421940973,Circ_median | Dm_median | Delaunay_mean | Voronoi_CV_mean,-11.414846587544023,Circ_median,17.922577754448273,Dm_median,0.04463265411415751,Delaunay_mean,-0.007973787040072011,Voronoi_CV_mean,1.7023947490770877,,
RAW_4VARS,4,0.5822515169470412,0.41515212372585775,15,5,2.219839087646389,Circ_median | Dm_median | Voronoi_mean | Voronoi_CV_mean,-11.563314801071089,Circ_median,18.087955082861978,Dm_median,0.03336228432223465,Voronoi_mean,2.530793296884326e-05,Voronoi_CV_mean,1.6220259549463203,,
RAW_3VARS,3,0.5822500066015788,0.46831819022019117,15,4,2.219847113346133,Circ_median | Dm_median | Voronoi_CV_mean,-11.560691725012644,Circ_median,18.080563517590132,Dm_median,0.03396755339078794,Voronoi_CV_mean,1.6285011691205935,,,,
RAW_3VARS,3,0.5814722788016817,0.467328354838504,15,4,2.22397981673058,Circ_median | Voronoi_mean | Voronoi_CV_mean,-11.337486245312903,Circ_median,17.83912839742777,Voronoi_mean,0.0002621960551643099,Voronoi_CV_mean,1.670037800155684,,,,
RAW_3VARS,3,0.5813076356306337,0.4671188089844429,15,4,2.2248547004499306,Circ_median | Delaunay_mean | Voronoi_CV_mean,-11.195311396968716,Circ_median,17.623047799496714,Delaunay_mean,-0.0019192834352956822,Voronoi_CV_mean,1.7895687370718623,,,,
RAW_2VARS,2,0.5812770063243494,0.511489840711741,15,3,2.2250174589854503,Circ_median | Voronoi_CV_mean,-11.253622768797424,Circ_median,17.69054990827124,Voronoi_CV_mean,1.7617150483488615,,,,,,
RAW_4VARS,4,0.5806334017276471,0.4128867624187059,15,5,2.2284374561816285,Black_Median_Variance_Ratio | lambda_var_median | Delaunay_mean | Voronoi_mean,10.60418927451473,Black_Median_Variance_Ratio,-13.731300020527872,lambda_var_median,-0.00286045995794737,Delaunay_mean,-0.8304037274199507,Voronoi_mean,0.03981048816593802,,
RAW_4VARS,4,0.5802054245752861,0.4122875944054005,15,5,2.2307116485484983,Dm_median | lambda_median_median | lambda_var_median | FVC_percent,7.000345512803622,Dm_median,-0.03846044977221682,lambda_median_median,0.01384902023338831,lambda_var_median,-0.0054765524578504615,FVC_percent,-0.07378666216990544,,
RAW_3VARS,3,0.5798526576582874,0.4652670188378203,15,4,2.232586187470721,Dm_median | lambda_var_median | FVC_percent,7.11039496501891,Dm_median,-0.047496965411644276,lambda_var_median,-0.005197087383069829,FVC_percent,-0.0722413046963889,,,,
RAW_3VARS,3,0.5794341113546841,0.46473432354232524,15,4,2.234810266030955,lambda_median_median | lambda_var_median | FVC_percent,7.072291494917469,lambda_median_median,0.020963589654283056,lambda_var_median,-0.005807418991857145,FVC_percent,-0.07983846244718401,,,,
RAW_3VARS,3,0.579148872953736,0.4643712928502094,15,4,2.2363259707609764,lambda_var_median | Delaunay_mean | Voronoi_mean,9.906949725231394,lambda_var_median,-0.0021234960431329927,Delaunay_mean,-0.8553988662798122,Voronoi_mean,0.04086287584219356,,,,
RAW_5VARS,5,0.5787312222407899,0.34469301237456207,15,6,2.2385452903161442,Dm_median | Black_Median_Variance_Ratio | lambda_median_median | FVC_percent | Voronoi_mean,9.162450385976358,Dm_median,-0.3050103381853734,Black_Median_Variance_Ratio,43.16451716748569,lambda_median_median,-0.2872863832901693,FVC_percent,-0.11844347170239931,Voronoi_mean,0.008688600495575904
RAW_2VARS,2,0.5785148368713945,0.5082673096832935,15,3,2.2396951226206645,lambda_var_median | FVC_percent,7.290843987550566,lambda_var_median,-0.005460144738626849,FVC_percent,-0.07962594086074143,,,,,,
RAW_5VARS,5,0.5779911753435016,0.34354182831211366,15,6,2.242477764271013,Circ_median | Dm_median | Black_Median_Variance_Ratio | FVC_percent | Voronoi_mean,-8.712185475710578,Circ_median,14.90966589246919,Dm_median,0.0049102928266626655,Black_Median_Variance_Ratio,14.41868370079178,FVC_percent,-0.0039025823260065984,Voronoi_mean,0.0006528960966054598
RAW_4VARS,4,0.5779789714805564,0.4091705600727791,15,5,2.2425426133682214,Circ_median | Black_Median_Variance_Ratio | FVC_percent | Voronoi_mean,-8.661844546018921,Circ_median,14.850763783987228,Black_Median_Variance_Ratio,14.281183019360006,FVC_percent,-0.003494729690907139,Voronoi_mean,0.0006616745217566944,,
RAW_4VARS,4,0.5778259207284764,0.4089562890198669,15,5,2.243355897091906,Circ_median | Dm_median | Black_Median_Variance_Ratio | Voronoi_mean,-8.723708153763814,Circ_median,14.97870040883092,Dm_median,-0.0020385880457004513,Black_Median_Variance_Ratio,11.67902353459292,Voronoi_mean,0.0005269466315027671,,
RAW_3VARS,3,0.5778234521367485,0.46268439362858893,15,4,2.2433690147371674,Circ_median | Black_Median_Variance_Ratio | Voronoi_mean,-8.74882225517669,Circ_median,15.01091418687144,Black_Median_Variance_Ratio,11.606516209307216,Voronoi_mean,0.0005162563217933069,,,,
RAW_5VARS,5,0.577331231281957,0.34251524866082184,15,6,2.2459845863970225,Circ_median | Dm_median | Black_Median_Variance_Ratio | FVC_percent | Delaunay_mean,-8.250691915492666,Circ_median,14.415871458898762,Dm_median,0.01223652762456795,Black_Median_Variance_Ratio,11.403907747255053,FVC_percent,0.0020916492331188863,Delaunay_mean,-0.006446244820343061
RAW_4VARS,4,0.5772822700612433,0.4081951780857407,15,5,2.246244757375322,Circ_median | Dm_median | Black_Median_Variance_Ratio | Delaunay_mean,-8.256171682113992,Circ_median,14.3829340633004,Dm_median,0.016115843537552355,Black_Median_Variance_Ratio,12.87027403068101,Delaunay_mean,-0.00520878269588998,,
RAW_4VARS,4,0.5772554543785972,0.4081576361300361,15,5,2.2463872510118397,Circ_median | Black_Median_Variance_Ratio | FVC_percent | Delaunay_mean,-8.130107266242208,Circ_median,14.271815341113808,Black_Median_Variance_Ratio,11.051231060063367,FVC_percent,0.003117940008035447,Delaunay_mean,-0.006022016016631326,,
RAW_3VARS,3,0.577126618251163,0.46179751413784376,15,4,2.247071862645829,Circ_median | Black_Median_Variance_Ratio | Delaunay_mean,-8.072297256701807,Circ_median,14.133053974915388,Black_Median_Variance_Ratio,13.442366378251565,Delaunay_mean,-0.003600171935612906,,,,
RAW_4VARS,4,0.5770970180472181,0.4079358252661054,15,5,2.247229152719604,Circ_median | Dm_median | Black_Median_Variance_Ratio | FVC_percent,-8.455184232985715,Circ_median,14.609712400559046,Dm_median,0.009747520554114875,Black_Median_Variance_Ratio,12.319481978676297,FVC_percent,0.00017088893474337397,,
RAW_3VARS,3,0.577096621290612,0.46175933618805165,15,4,2.2472312610116947,Circ_median | Dm_median | Black_Median_Variance_Ratio,-8.451834165968975,Circ_median,14.60275472442078,Dm_median,0.01017968249526291,Black_Median_Variance_Ratio,12.447491067107796,,,,
RAW_3VARS,3,0.5770482807264188,0.4616978118336239,15,4,2.2474881339346813,Circ_median | Black_Median_Variance_Ratio | FVC_percent,-8.346958430540646,Circ_median,14.483101693400847,Black_Median_Variance_Ratio,11.986081558455938,FVC_percent,0.0011015762261870066,,,,
RAW_2VARS,2,0.577026546411733,0.5065309708136885,15,3,2.247603626110571,Circ_median | Black_Median_Variance_Ratio,-8.277713295776433,Circ_median,14.37627194652153,Black_Median_Variance_Ratio,12.948299452609106,,,,,,
RAW_4VARS,4,0.5750459549638904,0.40506433694944666,15,5,2.258128127074521,Circ_median | Dm_median | FVC_percent | Delaunay_mean,-8.67613098384349,Circ_median,15.319833995410441,Dm_median,0.0008239664725435691,FVC_percent,0.014645128464707113,Delaunay_mean,-0.01149604214684441,,
RAW_3VARS,3,0.5750456011700039,0.4591489469436414,15,4,2.258130007070571,Circ_median | FVC_percent | Delaunay_mean,-8.666857794046615,Circ_median,15.307907278336234,FVC_percent,0.01468936950636568,Delaunay_mean,-0.011455799320863491,,,,
RAW_4VARS,4,0.574422504361044,0.40419150610546173,15,5,2.2614410296308654,Circ_median | Dm_median | FVC_percent | Voronoi_mean,-9.28615631420874,Circ_median,16.03938922450533,Dm_median,-0.008782619124841295,FVC_percent,0.012110541667710528,Voronoi_mean,0.0002735241473512673,,
RAW_3VARS,3,0.5743823958832841,0.45830486748781607,15,4,2.2616541587511114,Circ_median | FVC_percent | Voronoi_mean,-9.388714204593931,Circ_median,16.167416387913025,FVC_percent,0.011641714765490807,Voronoi_mean,0.00025074635516020294,,,,
RAW_3VARS,3,0.5742510674595399,0.4581377222212326,15,4,2.262352013992179,Circ_median | Dm_median | FVC_percent,-9.130294796221955,Circ_median,15.826840791068163,Dm_median,-0.005656481221800735,FVC_percent,0.012907840230786505,,,,
RAW_2VARS,2,0.5742339220224197,0.5032729090261563,15,3,2.262443121711388,Circ_median | FVC_percent,-9.206980125493557,Circ_median,15.923563993116455,FVC_percent,0.012552598356732503,,,,,,
RAW_5VARS,5,0.5686204285401382,0.3289651110624372,15,6,2.292272200106,Dm_median | lambda_median_median | FVC_percent | Delaunay_mean | Voronoi_mean,11.554973558618522,Dm_median,-0.3553563695307252,lambda_median_median,-0.21243701378375832,FVC_percent,-0.03598844529870078,Delaunay_mean,-0.5015424828520909,Voronoi_mean,0.02990820779986003
RAW_3VARS,3,0.567200675015999,0.4491644954749078,15,4,2.2998165108469397,Circ_median | Dm_median | Voronoi_mean,-10.659716932001736,Circ_median,18.090115978214612,Dm_median,0.052436073048356346,Voronoi_mean,0.0010320947336985853,,,,
RAW_2VARS,2,0.5652425909476269,0.4927830227722313,15,3,2.310221411710025,Circ_median | Voronoi_mean,-10.255906919022253,Circ_median,17.692400904458808,Voronoi_mean,0.001458469747536384,,,,,,
RAW_3VARS,3,0.5645309989183813,0.44576672589612165,15,4,2.3140026816967714,Circ_median | Dm_median | Delaunay_mean,-10.522152136222394,Circ_median,17.874808622822542,Dm_median,0.07480132774394388,Delaunay_mean,0.006543637948073666,,,,
RAW_2VARS,2,0.5642145509962205,0.491583642828924,15,3,2.3156842281183962,Circ_median | Dm_median,-10.35766841339442,Circ_median,17.732186117858994,Dm_median,0.08547141840088557,,,,,,
RAW_4VARS,4,0.5635155604114348,0.3889217845760087,15,5,2.319398536332431,Black_Median_Variance_Ratio | lambda_median_median | Delaunay_mean | Voronoi_mean,7.535646196362924,Black_Median_Variance_Ratio,46.69038740722528,lambda_median_median,0.03575002906635838,Delaunay_mean,-1.0005574456975994,Voronoi_mean,0.04732818755001489,,
RAW_2VARS,2,0.5605301392820752,0.4872851624957544,15,3,2.335262518572667,Circ_median | Delaunay_mean,-10.06167774167654,Circ_median,17.35057203701747,Delaunay_mean,0.018344918409525235,,,,,,
RAW_4VARS,4,0.5600482420565083,0.3840675388791116,15,5,2.3378232323536587,Dm_median | lambda_median_median | Delaunay_mean | Voronoi_mean,10.28093921707876,Dm_median,-0.3293435898576404,lambda_median_median,-0.12660961503031304,Delaunay_mean,-0.6432318791984263,Voronoi_mean,0.03400582013755171,,
RAW_3VARS,3,0.5593011626247756,0.4391105706133508,15,4,2.341793075911239,Black_Median_Variance_Ratio | Delaunay_mean | Voronoi_mean,8.082204290872603,Black_Median_Variance_Ratio,37.104519599865775,Delaunay_mean,-0.9386661368329028,Voronoi_mean,0.044499979448033855,,,,
RAW_1VARS,1,0.557181585837498,0.5231186309019209,15,2,2.353056119566793,Circ_median,-9.192908922493949,Circ_median,16.529987671840725,,,,,,,,
RAW_5VARS,5,0.5518640689927456,0.3028996628776043,15,6,2.381312432204804,Dm_median | Black_Median_Variance_Ratio | lambda_median_median | FVC_percent | Delaunay_mean,7.880453642037148,Dm_median,-0.30193584264488155,Black_Median_Variance_Ratio,38.94649019960411,lambda_median_median,-0.27435264384737135,FVC_percent,-0.10569928711549997,Delaunay_mean,0.1418153717371993
RAW_5VARS,5,0.5508430872681034,0.3013114690837164,15,6,2.386737742486173,Dm_median | Black_Median_Variance_Ratio | lambda_var_median | Voronoi_mean | Voronoi_CV_mean,10.037083750488272,Dm_median,-0.33001360317801953,Black_Median_Variance_Ratio,-76.64241343936531,lambda_var_median,-0.00669622327823155,Voronoi_mean,0.0018698941485216503,Voronoi_CV_mean,-0.8732968724807737
RAW_5VARS,5,0.5504556561924084,0.3007087985215242,15,6,2.3887964804121884,Dm_median | Black_Median_Variance_Ratio | lambda_median_median | lambda_var_median | Delaunay_mean,8.68509179036378,Dm_median,-0.23798634647979247,Black_Median_Variance_Ratio,-76.40514126741954,lambda_median_median,0.07953207427920471,lambda_var_median,-0.007859018457158584,Delaunay_mean,-0.014155026655448499
RAW_5VARS,5,0.5501760410443961,0.30027384162461623,15,6,2.390282304203862,Dm_median | Black_Median_Variance_Ratio | lambda_median_median | lambda_var_median | Voronoi_mean,9.102362361722134,Dm_median,-0.2960098747931256,Black_Median_Variance_Ratio,-79.93227378428053,lambda_median_median,0.05435289074652009,lambda_var_median,-0.007677673295879872,Voronoi_mean,0.0005838215098007971
RAW_5VARS,5,0.550062145573429,0.30009667089200076,15,6,2.390887523920068,Dm_median | Black_Median_Variance_Ratio | lambda_median_median | lambda_var_median | Voronoi_CV_mean,9.094834288356676,Dm_median,-0.2604241542430627,Black_Median_Variance_Ratio,-78.97371291100316,lambda_median_median,0.0646438768026174,lambda_var_median,-0.00779008715456142,Voronoi_CV_mean,-0.2868876073365052
RAW_4VARS,4,0.5495092674482556,0.36931297442755784,15,5,2.39382541722849,Dm_median | Black_Median_Variance_Ratio | lambda_median_median | lambda_var_median,8.884148698209001,Dm_median,-0.27080409732808886,Black_Median_Variance_Ratio,-78.39304233922834,lambda_median_median,0.06483959592042751,lambda_var_median,-0.007750968012904147,,
RAW_4VARS,4,0.5471143827166834,0.36596013580335685,15,5,2.4065513969823824,Dm_median | Black_Median_Variance_Ratio | lambda_var_median | Voronoi_mean,9.020357451283132,Dm_median,-0.3331511896730038,Black_Median_Variance_Ratio,-68.87782222439611,lambda_var_median,-0.006232378981898878,Voronoi_mean,0.0011010409411200683,,
RAW_5VARS,5,0.5451872794263164,0.29251354577427,15,6,2.4167916716534608,Dm_median | Black_Median_Variance_Ratio | lambda_var_median | Delaunay_mean | Voronoi_CV_mean,8.951899774962753,Dm_median,-0.29405988111351805,Black_Median_Variance_Ratio,-64.95327286377928,lambda_var_median,-0.006028401096059233,Delaunay_mean,0.008317566772557983,Voronoi_CV_mean,-0.3983408821602669
RAW_4VARS,4,0.5448389542643446,0.36277453597008247,15,5,2.4186426079012837,Dm_median | Black_Median_Variance_Ratio | lambda_var_median | Voronoi_CV_mean,8.70593074803909,Dm_median,-0.2813723600171743,Black_Median_Variance_Ratio,-61.17764441862568,lambda_var_median,-0.005811197143696989,Voronoi_CV_mean,-0.29509346859335717,,
RAW_4VARS,4,0.5443030784019451,0.36202430976272315,15,5,2.4214901542928042,Dm_median | Black_Median_Variance_Ratio | lambda_var_median | Delaunay_mean,8.546040682180102,Dm_median,-0.297740883152693,Black_Median_Variance_Ratio,-61.73823389390854,lambda_var_median,-0.005833534072208824,Delaunay_mean,0.0028450542727021834,,
RAW_3VARS,3,0.544253945144678,0.4199595665477719,15,4,2.4217512394419063,Dm_median | Black_Median_Variance_Ratio | lambda_var_median,8.487988889759665,Dm_median,-0.2921153694817663,Black_Median_Variance_Ratio,-60.52488693653044,lambda_var_median,-0.005764792295589516,,,,
RAW_5VARS,5,0.5433322638007522,0.2896279659122811,15,6,2.4266488856491377,Dm_median | lambda_median_median | FVC_percent | Voronoi_mean | Voronoi_CV_mean,11.176567728767807,Dm_median,-0.4194253519205601,lambda_median_median,-0.317712120368336,FVC_percent,-0.07199525580865833,Voronoi_mean,0.008298493376066862,Voronoi_CV_mean,-0.9112431894694581
RAW_4VARS,4,0.5389964895144339,0.35459508532020745,15,5,2.4496883977633237,Dm_median | lambda_median_median | FVC_percent | Voronoi_mean,10.519076807045973,Dm_median,-0.423363115277557,lambda_median_median,-0.31070764689869307,FVC_percent,-0.07112376461248593,Voronoi_mean,0.007543111597190955,,
RAW_5VARS,5,0.5284180783100376,0.26642812181561404,15,6,2.5059001415022912,Black_Median_Variance_Ratio | lambda_median_median | FVC_percent | Voronoi_mean | Voronoi_CV_mean,6.595241779963003,Black_Median_Variance_Ratio,71.5089321063879,lambda_median_median,-0.2400206633366686,FVC_percent,-0.14376001818178707,Voronoi_mean,0.00568348079755765,Voronoi_CV_mean,0.9503334373532735
RAW_4VARS,4,0.5244970976729371,0.3342959367421119,15,5,2.5267355159757807,Black_Median_Variance_Ratio | lambda_median_median | FVC_percent | Voronoi_mean,7.406492774007697,Black_Median_Variance_Ratio,66.0254063586249,lambda_median_median,-0.2491400828360284,FVC_percent,-0.138428561550187,Voronoi_mean,0.006185500581594283,,
RAW_5VARS,5,0.5241791293511848,0.2598342012129541,15,6,2.528425141522953,Dm_median | Black_Median_Variance_Ratio | lambda_median_median | FVC_percent | Voronoi_CV_mean,4.357527958278384,Dm_median,-0.19338047629134247,Black_Median_Variance_Ratio,44.426320377626666,lambda_median_median,-0.1312164680740272,FVC_percent,-0.0577037664937442,Voronoi_CV_mean,1.3681731519730813
RAW_5VARS,5,0.5216576694679432,0.25591193028346726,15,6,2.541823718498857,Black_Median_Variance_Ratio | lambda_median_median | lambda_var_median | Delaunay_mean | Voronoi_CV_mean,7.93729247899609,Black_Median_Variance_Ratio,-80.50432593611379,lambda_median_median,0.17265791324305013,lambda_var_median,-0.009457661922098737,Delaunay_mean,-0.07321856904393531,Voronoi_CV_mean,-0.020384228207300514
RAW_4VARS,4,0.5216554973953796,0.3303176963535315,15,5,2.541835260495473,Black_Median_Variance_Ratio | lambda_median_median | lambda_var_median | Delaunay_mean,7.917548856365064,Black_Median_Variance_Ratio,-80.41020937442588,lambda_median_median,0.1730078159772659,lambda_var_median,-0.009456948870948167,Delaunay_mean,-0.07355589301335863,,
RAW_4VARS,4,0.520198326079945,0.328277656511923,15,5,2.5495784025405603,Dm_median | FVC_percent | Delaunay_mean | Voronoi_mean,8.724730117588123,Dm_median,-0.2709360666313183,FVC_percent,0.04614326749108512,Delaunay_mean,-0.8807719963052836,Voronoi_mean,0.04175684258700091,,
RAW_5VARS,5,0.519147554213043,0.2520073065536226,15,6,2.5551620121931955,Dm_median | lambda_median_median | FVC_percent | Delaunay_mean | Voronoi_CV_mean,9.352104254651241,Dm_median,-0.40994906512746004,lambda_median_median,-0.2983204756770148,FVC_percent,-0.0640964494550077,Delaunay_mean,0.12664807194365776,Voronoi_CV_mean,-0.1243991895145631
RAW_4VARS,4,0.5190585570739449,0.32668197990352277,15,5,2.5556349267244824,Dm_median | lambda_median_median | FVC_percent | Delaunay_mean,9.299182001857925,Dm_median,-0.4114562841935705,lambda_median_median,-0.2985784615416779,FVC_percent,-0.06449597934008705,Delaunay_mean,0.12592756351797413,,
RAW_4VARS,4,0.5156257465900205,0.32187604522602864,15,5,2.5738762542261595,Dm_median | Black_Median_Variance_Ratio | lambda_median_median | FVC_percent,5.239805534476957,Dm_median,-0.20276645707632032,Black_Median_Variance_Ratio,34.1266762728013,lambda_median_median,-0.13088697016814332,FVC_percent,-0.04082190274747591,,
RAW_5VARS,5,0.5153409686716737,0.2460859512670479,15,6,2.575389512035798,Dm_median | lambda_median_median | lambda_var_median | Delaunay_mean | Voronoi_CV_mean,4.6407922295389366,Dm_median,-0.2517854564466522,lambda_median_median,-0.0022130073234704842,lambda_var_median,-0.0024795733891753158,Delaunay_mean,-0.03232037114832427,Voronoi_CV_mean,0.25633948744892043
RAW_4VARS,4,0.5153356535658761,0.32146991499222655,15,5,2.5754177555365727,Dm_median | lambda_var_median | Delaunay_mean | Voronoi_CV_mean,4.613845441465014,Dm_median,-0.2499548459858274,lambda_var_median,-0.002513459330615142,Delaunay_mean,-0.033117462339110816,Voronoi_CV_mean,0.26732616621810745,,
RAW_4VARS,4,0.514990183956423,0.32098625753899224,15,5,2.577253517900216,Dm_median | lambda_median_median | lambda_var_median | Delaunay_mean,4.834849144297262,Dm_median,-0.25334843379524224,lambda_median_median,-0.008472836964349327,lambda_var_median,-0.0023965975611557333,Delaunay_mean,-0.027956296806339098,,
RAW_3VARS,3,0.5149015231835249,0.3826019385972135,15,4,2.577724645042993,Dm_median | lambda_var_median | Delaunay_mean,4.753682879334306,Dm_median,-0.24566458214111286,lambda_var_median,-0.0025287394144952458,Delaunay_mean,-0.03061418834716828,,,,
RAW_5VARS,5,0.5124720314593322,0.24162316004785,15,6,2.590634520030601,Black_Median_Variance_Ratio | lambda_median_median | FVC_percent | Delaunay_mean | Voronoi_CV_mean,5.1172034687193255,Black_Median_Variance_Ratio,70.87220513942151,lambda_median_median,-0.21441856508705825,FVC_percent,-0.13217608451347473,Delaunay_mean,0.07612070699362761,Voronoi_CV_mean,1.5232355496203398
RAW_5VARS,5,0.5113474349415892,0.23987378768691647,15,6,2.5966104203849785,Dm_median | lambda_median_median | lambda_var_median | Voronoi_mean | Voronoi_CV_mean,5.168426824125132,Dm_median,-0.31930592667718616,lambda_median_median,-0.04568520883845705,lambda_var_median,-0.0018540694120290357,Voronoi_mean,0.00010235309463717257,Voronoi_CV_mean,-0.17038408407224942
RAW_4VARS,4,0.5113330764480621,0.315866307027287,15,5,2.5966867187952993,Dm_median | lambda_median_median | lambda_var_median | Voronoi_CV_mean,5.123569408093309,Dm_median,-0.3158061155319789,lambda_median_median,-0.04336763168708581,lambda_var_median,-0.0018875636588800981,Voronoi_CV_mean,-0.13912426712300202,,
RAW_4VARS,4,0.5112132553987059,0.3156985575581882,15,5,2.5973234259520557,Dm_median | lambda_median_median | lambda_var_median | Voronoi_mean,5.01735700395237,Dm_median,-0.31738078448408685,lambda_median_median,-0.041307237060802776,lambda_var_median,-0.0019132440789519922,Voronoi_mean,-7.313021469368408e-05,,
RAW_3VARS,3,0.5112025617476366,0.37789416949699195,15,4,2.5973802500593752,Dm_median | lambda_median_median | lambda_var_median,5.035224371631647,Dm_median,-0.320660713101259,lambda_median_median,-0.04288576319240136,lambda_var_median,-0.0018896472940134745,,,,
RAW_4VARS,4,0.5089563834301791,0.31253893680225076,15,5,2.609316031107522,Dm_median | lambda_var_median | Voronoi_mean | Voronoi_CV_mean,4.461733006702065,Dm_median,-0.2842552260569331,lambda_var_median,-0.0025572800692526543,Voronoi_mean,-0.0007622954598846543,Voronoi_CV_mean,0.12057303739046006,,
RAW_3VARS,3,0.5088760424838434,0.3749331449794371,15,4,2.6097429482125496,Dm_median | lambda_var_median | Voronoi_mean,4.532255008296948,Dm_median,-0.2830421217082669,lambda_var_median,-0.0025642295234301615,Voronoi_mean,-0.0006839241911460597,,,,
RAW_3VARS,3,0.5075626742955104,0.37326158546701327,15,4,2.6167219467229126,Dm_median | lambda_var_median | Voronoi_CV_mean,4.579124946647713,Dm_median,-0.30669415520101245,lambda_var_median,-0.0025856802376397203,Voronoi_CV_mean,-0.09446681308983791,,,,
RAW_2VARS,2,0.5075022844522912,0.42541933186100633,15,3,2.6170428473124137,Dm_median | lambda_var_median,4.523045385961394,Dm_median,-0.3100712684141115,lambda_var_median,-0.0025818142123433807,,,,,,
RAW_4VARS,4,0.5018033736970949,0.30252472317593293,15,5,2.6473258174837,Black_Median_Variance_Ratio | lambda_median_median | FVC_percent | Delaunay_mean,6.098726102012062,Black_Median_Variance_Ratio,60.5040152276996,lambda_median_median,-0.21570280284288756,FVC_percent,-0.11574928224655423,Delaunay_mean,0.07747033517623692,,
RAW_5VARS,5,0.5014762378917732,0.2245185922760916,15,6,2.649064157363033,Black_Median_Variance_Ratio | lambda_median_median | lambda_var_median | Voronoi_mean | Voronoi_CV_mean,8.182375251952386,Black_Median_Variance_Ratio,-88.88618998075071,lambda_median_median,0.15860838802922927,lambda_var_median,-0.009732779470027708,Voronoi_mean,-0.002773441224888984,Voronoi_CV_mean,-0.32780751159236665
RAW_4VARS,4,0.5009889121851745,0.3013844770592443,15,5,2.651653717100071,Black_Median_Variance_Ratio | lambda_median_median | lambda_var_median | Voronoi_mean,7.824723640623379,Black_Median_Variance_Ratio,-87.21745653526811,lambda_median_median,0.1639170402843635,lambda_var_median,-0.009709594674362165,Voronoi_mean,-0.00308348381635426,,
RAW_4VARS,4,0.5002074553318172,0.3002904374645441,15,5,2.6558062359930523,Black_Median_Variance_Ratio | lambda_median_median | FVC_percent | Voronoi_CV_mean,3.8011783731378337,Black_Median_Variance_Ratio,63.580063386820655,lambda_median_median,-0.13607918605751834,FVC_percent,-0.08952254399036264,Voronoi_CV_mean,1.5542826575656132,,
RAW_5VARS,5,0.49629560603037826,0.21645983160281057,15,6,2.6765930882177575,Dm_median | Black_Median_Variance_Ratio | lambda_median_median | Voronoi_mean | Voronoi_CV_mean,6.410195344076248,Dm_median,-0.3923335371289456,Black_Median_Variance_Ratio,3.0625733410153,lambda_median_median,-0.14699492258418914,Voronoi_mean,0.0018011137075965578,Voronoi_CV_mean,-0.6996995151682812
RAW_4VARS,4,0.4960360777667171,0.29445050887340396,15,5,2.6779721739772406,Dm_median | lambda_median_median | Voronoi_mean | Voronoi_CV_mean,6.768844547147448,Dm_median,-0.4011898859921322,lambda_median_median,-0.1566435165685397,Voronoi_mean,0.002074094772862023,Voronoi_CV_mean,-0.7909190191498949,,
RAW_4VARS,4,0.49410284264587734,0.2917439797042283,15,5,2.688245032074745,Dm_median | Black_Median_Variance_Ratio | lambda_median_median | Voronoi_mean,5.617236423509826,Dm_median,-0.3853172503565666,Black_Median_Variance_Ratio,6.435988099440877,lambda_median_median,-0.1330377598061965,Voronoi_mean,0.001052527033139239,,
RAW_3VARS,3,0.49276450313510534,0.35442754944467947,15,4,2.6953567236285756,Dm_median | lambda_median_median | Voronoi_mean,6.243641482731576,Dm_median,-0.4048050602115488,lambda_median_median,-0.1522491803641016,Voronoi_mean,0.0014829081295076318,,,,
RAW_5VARS,5,0.492043566025126,0.209845547150196,15,6,2.699187651666354,Dm_median | Black_Median_Variance_Ratio | lambda_median_median | Delaunay_mean | Voronoi_CV_mean,5.261249097946258,Dm_median,-0.3370297766499877,Black_Median_Variance_Ratio,10.57797029102902,lambda_median_median,-0.11811424904189888,Delaunay_mean,0.00038652240726955167,Voronoi_CV_mean,-0.1405991699943141
RAW_4VARS,4,0.4920430133188147,0.2888602186463406,15,5,2.6991905886466747,Dm_median | Black_Median_Variance_Ratio | lambda_median_median | Voronoi_CV_mean,5.251122787031709,Dm_median,-0.33633140362956127,Black_Median_Variance_Ratio,10.66841044601591,lambda_median_median,-0.11776334543249761,Voronoi_CV_mean,-0.13570542476311273,,
RAW_4VARS,4,0.4919405005086196,0.28871670071206745,15,5,2.699735322983931,Dm_median | Black_Median_Variance_Ratio | lambda_median_median | Delaunay_mean,5.122726582405481,Dm_median,-0.33630028135476947,Black_Median_Variance_Ratio,11.214617453921495,lambda_median_median,-0.11541384627539847,Delaunay_mean,-0.002122197844858842,,
RAW_3VARS,3,0.49191897638099247,0.35335142448489953,15,4,2.6998496982642073,Dm_median | Black_Median_Variance_Ratio | lambda_median_median,5.160352990422696,Dm_median,-0.34107363218081344,Black_Median_Variance_Ratio,10.730313017187347,lambda_median_median,-0.1172360840384174,,,,
RAW_4VARS,4,0.4901489107550371,0.28620847505705194,15,5,2.709255503488153,Dm_median | lambda_median_median | FVC_percent | Voronoi_CV_mean,6.730513414108271,Dm_median,-0.3117370305669997,lambda_median_median,-0.16755924982876647,FVC_percent,-0.011272479712593653,Voronoi_CV_mean,0.10620100450803657,,
RAW_3VARS,3,0.49008335625193133,0.3510151806842763,15,4,2.709603848136354,Dm_median | lambda_median_median | FVC_percent,6.763306999393057,Dm_median,-0.30995450451709555,lambda_median_median,-0.16669480495745634,FVC_percent,-0.010668470449788026,,,,
RAW_3VARS,3,0.489095445250886,0.34975783941021854,15,4,2.7148534266368176,Black_Median_Variance_Ratio | lambda_median_median | FVC_percent,4.779251342858913,Black_Median_Variance_Ratio,52.86474748351938,lambda_median_median,-0.1359722851128815,FVC_percent,-0.07198292056795452,,,,
RAW_4VARS,4,0.48904660976801506,0.2846652536752211,15,5,2.7151129294672023,Dm_median | lambda_median_median | Delaunay_mean | Voronoi_CV_mean,6.342461310443693,Dm_median,-0.3706385905853154,lambda_median_median,-0.15182834364149794,Delaunay_mean,0.018305763452570567,Voronoi_CV_mean,-0.38666212891119184,,
RAW_3VARS,3,0.488175346916806,0.3485868051668439,15,4,2.7197426610190534,Dm_median | lambda_median_median | Delaunay_mean,6.116689331679715,Dm_median,-0.3746140071077507,lambda_median_median,-0.14976490423322078,Delaunay_mean,0.013909406703004723,,,,
RAW_3VARS,3,0.48699283888113876,0.3470817949396312,15,4,2.7260262925952743,Dm_median | lambda_median_median | Voronoi_CV_mean,6.273252453061399,Dm_median,-0.33839006310411335,lambda_median_median,-0.1469126450106461,Voronoi_CV_mean,-0.1677652775806711,,,,
RAW_2VARS,2,0.48680301252280145,0.40127018127660163,15,3,2.7270349951691846,Dm_median | lambda_median_median,6.1682266490821185,Dm_median,-0.34427545869077125,lambda_median_median,-0.1464693067275462,,,,,,
RAW_4VARS,4,0.48548600335958336,0.2796804047034167,15,5,2.7340333411546314,lambda_median_median | FVC_percent | Delaunay_mean | Voronoi_mean,10.74632696851545,lambda_median_median,-0.12579066917468026,FVC_percent,-0.010439379094208619,Delaunay_mean,-0.7709028578040004,Voronoi_mean,0.03782814407062551,,
RAW_3VARS,3,0.48472516622141437,0.34419566609998187,15,4,2.738076290649738,lambda_median_median | Delaunay_mean | Voronoi_mean,10.374614154067388,lambda_median_median,-0.10147018910177195,Delaunay_mean,-0.8082233665751818,Voronoi_mean,0.038904526894363356,,,,
RAW_4VARS,4,0.4837941209642521,0.27731176934995294,15,5,2.7430236949804785,Black_Median_Variance_Ratio | lambda_median_median | lambda_var_median | Voronoi_CV_mean,10.243897854201702,Black_Median_Variance_Ratio,-107.710392932272,lambda_median_median,0.13061609014070452,lambda_var_median,-0.010383532524997463,Voronoi_CV_mean,-1.657454118260233,,
RAW_4VARS,4,0.4834904561408764,0.27688663859722695,15,5,2.7446373143515084,Black_Median_Variance_Ratio | lambda_var_median | Delaunay_mean | Voronoi_CV_mean,7.692335330718916,Black_Median_Variance_Ratio,-44.818429866733354,lambda_var_median,-0.00484167176817607,Delaunay_mean,-0.05524702344152055,Voronoi_CV_mean,-0.7462749470940696,,
RAW_4VARS,4,0.48310923653626137,0.27635293115076587,15,5,2.746663045655467,lambda_median_median | lambda_var_median | Delaunay_mean | Voronoi_CV_mean,3.5046926453255858,lambda_median_median,0.09535779619318989,lambda_var_median,-0.003914329301511407,Delaunay_mean,-0.09841002085757718,Voronoi_CV_mean,0.40255065271043633,,
RAW_3VARS,3,0.482241093798609,0.3410341193800478,15,4,2.751276197494136,lambda_median_median | lambda_var_median | Delaunay_mean,3.799404419019499,lambda_median_median,0.08644707429181146,lambda_var_median,-0.0037975987067125766,Delaunay_mean,-0.09217895837857289,,,,
RAW_3VARS,3,0.48035274016032015,0.3386307602040438,15,4,2.7613105635962905,Black_Median_Variance_Ratio | lambda_var_median | Delaunay_mean,6.893704311779216,Black_Median_Variance_Ratio,-38.251187770208794,lambda_var_median,-0.004444422292010586,Delaunay_mean,-0.06712006149871752,,,,
RAW_4VARS,4,0.4767857894097133,0.26750010517359857,15,5,2.7802646879584914,Dm_median | Delaunay_mean | Voronoi_mean | Voronoi_CV_mean,22.498108327766996,Dm_median,0.021284226906665024,Delaunay_mean,-2.1105009833064075,Voronoi_mean,0.11142416147923193,Voronoi_CV_mean,-7.716351102498652,,
RAW_3VARS,3,0.47647510938395277,0.33369559376139446,15,4,2.781915584832836,Delaunay_mean | Voronoi_mean | Voronoi_CV_mean,22.302971044553168,Delaunay_mean,-2.087787907621732,Voronoi_mean,0.11036677124386429,Voronoi_CV_mean,-7.5858350372383585,,,,
RAW_4VARS,4,0.4691698873545238,0.25683784229633333,15,5,2.8207341995321644,Black_Median_Variance_Ratio | lambda_var_median | Voronoi_mean | Voronoi_CV_mean,8.099741028408946,Black_Median_Variance_Ratio,-55.9213839545432,lambda_var_median,-0.005479951564495877,Voronoi_mean,-0.0018791375621702855,Voronoi_CV_mean,-1.055161136018601,,
RAW_3VARS,3,0.46858463560744645,0.32365317259129545,15,4,2.823844120350503,lambda_var_median | Delaunay_mean | Voronoi_CV_mean,4.689786839745526,lambda_var_median,-0.0024268683769381703,Delaunay_mean,-0.07833252076073643,Voronoi_CV_mean,-0.22679652880748769,,,,
RAW_2VARS,2,0.4682619260769947,0.37963891375649383,15,3,2.825558939814161,lambda_var_median | Delaunay_mean,4.568405213701449,lambda_var_median,-0.0024121779281903056,Delaunay_mean,-0.08120584575705368,,,,,,
RAW_5VARS,5,0.4668319520029286,0.17062748089344448,15,6,2.8331575606894175,Dm_median | Black_Median_Variance_Ratio | FVC_percent | Delaunay_mean | Voronoi_CV_mean,1.0180300864497172,Dm_median,-0.16986959408295232,Black_Median_Variance_Ratio,59.138370841427644,FVC_percent,-0.026417623024631604,Delaunay_mean,-0.05204794294456163,Voronoi_CV_mean,1.4069689496294397
RAW_3VARS,3,0.46668668793366264,0.3212376028246615,15,4,2.833929467403789,FVC_percent | Delaunay_mean | Voronoi_mean,9.01660012816271,FVC_percent,0.039431694343890863,Delaunay_mean,-0.9775930687031507,Voronoi_mean,0.04436321693212905,,,,
RAW_3VARS,3,0.4637156697502244,0.31745630695483107,15,4,2.8497169150218054,Black_Median_Variance_Ratio | lambda_var_median | Voronoi_mean,6.8465450392037654,Black_Median_Variance_Ratio,-46.28270082735081,lambda_var_median,-0.0049044002750235904,Voronoi_mean,-0.002853099519462887,,,,
RAW_3VARS,3,0.4609998023461729,0.31399974844058365,15,4,2.864148538031706,Black_Median_Variance_Ratio | lambda_median_median | lambda_var_median,9.067234233888529,Black_Median_Variance_Ratio,-111.7402899896843,lambda_median_median,0.15077750918513466,lambda_var_median,-0.010842033705515064,,,,
RAW_4VARS,4,0.46099744720587166,0.24539642608822032,15,5,2.8641610528168213,Dm_median | Black_Median_Variance_Ratio | Delaunay_mean | Voronoi_CV_mean,1.6601952799238382,Dm_median,-0.21506805509182572,Black_Median_Variance_Ratio,41.85593332732398,Delaunay_mean,-0.06411546705864035,Voronoi_CV_mean,0.8276852395372662,,
RAW_3VARS,3,0.46056273044326235,0.3134434751096067,15,4,2.8664710582407618,Black_Median_Variance_Ratio | lambda_var_median | Voronoi_CV_mean,9.591282985115464,Black_Median_Variance_Ratio,-73.62503485659349,lambda_var_median,-0.006486706089944505,Voronoi_CV_mean,-1.9181982378242421,,,,
RAW_4VARS,4,0.4577976765212277,0.24091674712971878,15,5,2.881164049417475,Dm_median | Black_Median_Variance_Ratio | FVC_percent | Delaunay_mean,1.9196462265060383,Dm_median,-0.18065003853306058,Black_Median_Variance_Ratio,48.8075885526987,FVC_percent,-0.00957577013566624,Delaunay_mean,-0.05068366662211633,,
RAW_3VARS,3,0.45675825300723993,0.30860141291830534,15,4,2.8866873559968464,Dm_median | Black_Median_Variance_Ratio | Delaunay_mean,2.052812414362136,Dm_median,-0.20068283290458258,Black_Median_Variance_Ratio,42.404055419900644,Delaunay_mean,-0.05689071945986954,,,,
RAW_5VARS,5,0.45613316455110187,0.15398492263504737,15,6,2.8900089618062346,Dm_median | Black_Median_Variance_Ratio | FVC_percent | Voronoi_mean | Voronoi_CV_mean,0.4702804442033979,Dm_median,-0.1893206167656219,Black_Median_Variance_Ratio,64.81879862271315,FVC_percent,-0.03464250132069526,Voronoi_mean,-0.0016794888663856367,Voronoi_CV_mean,1.5440437912437743
RAW_4VARS,4,0.45461987435880946,0.23646782410233325,15,5,2.8980503093061767,lambda_median_median | lambda_var_median | Voronoi_mean | Voronoi_CV_mean,3.0192939240305896,lambda_median_median,0.07329384589200069,lambda_var_median,-0.0036156327537139044,Voronoi_mean,-0.004329892732823477,Voronoi_CV_mean,0.26391874376559155,,
RAW_3VARS,3,0.4542929142135116,0.30546370899901476,15,4,2.8997877157602483,lambda_median_median | lambda_var_median | Voronoi_mean,3.236564000696927,lambda_median_median,0.06753516399407188,lambda_var_median,-0.003539250616234911,Voronoi_mean,-0.004095871444378861,,,,
RAW_4VARS,4,0.45003247231023147,0.230045461234324,15,5,2.922426925359362,Dm_median | Black_Median_Variance_Ratio | FVC_percent | Voronoi_CV_mean,0.4602181325116403,Dm_median,-0.21554694830705629,Black_Median_Variance_Ratio,71.23633204317923,FVC_percent,-0.04405362642597274,Voronoi_CV_mean,1.3383907962051156,,
RAW_4VARS,4,0.4496311446642237,0.22948360252991318,15,5,2.924559507120163,Black_Median_Variance_Ratio | FVC_percent | Delaunay_mean | Voronoi_CV_mean,0.5991689661584804,Black_Median_Variance_Ratio,72.2650631281085,FVC_percent,-0.04714033387851657,Delaunay_mean,-0.06637780010771621,Voronoi_CV_mean,1.5769736903851965,,
RAW_3VARS,3,0.4460019660563943,0.29491159316268367,15,4,2.943844298942348,lambda_var_median | Voronoi_mean | Voronoi_CV_mean,4.076937256816607,lambda_var_median,-0.0024702360571158474,Voronoi_mean,-0.0034804307234787973,Voronoi_CV_mean,-0.28263498934825354,,,,
RAW_4VARS,4,0.4457532792500971,0.2240545909501359,15,5,2.945165775178877,Dm_median | Black_Median_Variance_Ratio | Voronoi_mean | Voronoi_CV_mean,1.1706763878440867,Dm_median,-0.2528853403885444,Black_Median_Variance_Ratio,42.21140139099853,Voronoi_mean,-0.0024557768637293587,Voronoi_CV_mean,0.831634196525569,,
RAW_4VARS,4,0.44557340120033617,0.22380276168047064,15,5,2.946121614259251,Dm_median | Black_Median_Variance_Ratio | FVC_percent | Voronoi_mean,1.44383477437313,Dm_median,-0.20557380175477225,Black_Median_Variance_Ratio,54.95736110531994,FVC_percent,-0.018381734587061327,Voronoi_mean,-0.0012922957539681368,,
RAW_2VARS,2,0.4455541176190173,0.3531464705555202,15,3,2.9462240836859466,lambda_var_median | Voronoi_mean,3.9053282533866023,lambda_var_median,-0.0024528266271221376,Voronoi_mean,-0.0036943858019514424,,,,,,
RAW_3VARS,3,0.4418469687460782,0.2896234147677359,15,4,2.96592319524641,Dm_median | Black_Median_Variance_Ratio | FVC_percent,1.3329115258148545,Dm_median,-0.2246746636418987,Black_Median_Variance_Ratio,61.094478749881596,FVC_percent,-0.02757187646197537,,,,
RAW_3VARS,3,0.4418430660116731,0.28961844765122036,15,4,2.965943933663741,Dm_median | Black_Median_Variance_Ratio | Voronoi_mean,1.6139751939679303,Dm_median,-0.24354679048535277,Black_Median_Variance_Ratio,42.72716380516549,Voronoi_mean,-0.00193906929615556,,,,
RAW_3VARS,3,0.43819403404584767,0.28497422514926063,15,4,2.9853342226017467,Black_Median_Variance_Ratio | FVC_percent | Delaunay_mean,1.5875125596773327,Black_Median_Variance_Ratio,61.537464382882504,FVC_percent,-0.0296030249319017,Delaunay_mean,-0.06586403981324551,,,,
RAW_4VARS,4,0.4346208099031966,0.2084691338644753,15,5,3.004321682622692,Black_Median_Variance_Ratio | FVC_percent | Voronoi_mean | Voronoi_CV_mean,-0.16717449609974805,Black_Median_Variance_Ratio,80.15199395863702,FVC_percent,-0.05874837569904834,Voronoi_mean,-0.0024998887643761236,Voronoi_CV_mean,1.8140874257661133,,
RAW_3VARS,3,0.4308364509928314,0.2756100285363309,15,4,3.0244310742104688,Dm_median | Black_Median_Variance_Ratio | Voronoi_CV_mean,1.4720219746665073,Dm_median,-0.32561655006115675,Black_Median_Variance_Ratio,42.67278273290028,Voronoi_CV_mean,0.16411416090063233,,,,
RAW_2VARS,2,0.43065323384953047,0.33576210615778557,15,3,3.025404656623633,Dm_median | Black_Median_Variance_Ratio,1.5622236534215892,Dm_median,-0.31976568526114524,Black_Median_Variance_Ratio,42.77219497584615,,,,,,
RAW_2VARS,2,0.4292726582176204,0.33415143458722374,15,3,3.032740783205755,Black_Median_Variance_Ratio | lambda_var_median,8.076136930294323,Black_Median_Variance_Ratio,-72.16445671544486,lambda_var_median,-0.006317092834080995,,,,,,
RAW_4VARS,4,0.42916735304064846,0.2008342942569079,15,5,3.0333003556697062,Black_Median_Variance_Ratio | lambda_median_median | Delaunay_mean | Voronoi_CV_mean,2.7784664516747384,Black_Median_Variance_Ratio,32.708572350100816,lambda_median_median,-0.03155038630846718,Delaunay_mean,-0.09072762372532495,Voronoi_CV_mean,0.045057250119191705,,
RAW_3VARS,3,0.4291567380337259,0.2734722120429238,15,4,3.033356761876403,Black_Median_Variance_Ratio | lambda_median_median | Delaunay_mean,2.821258343976927,Black_Median_Variance_Ratio,32.519358541402255,lambda_median_median,-0.03235803744653509,Delaunay_mean,-0.08998474170271464,,,,
RAW_3VARS,3,0.426152620765226,0.2696487900648331,15,4,3.049320091982964,Black_Median_Variance_Ratio | Delaunay_mean | Voronoi_CV_mean,1.795991667854674,Black_Median_Variance_Ratio,41.16771464075788,Delaunay_mean,-0.10218980501962704,Voronoi_CV_mean,0.3726334042331627,,,,
RAW_2VARS,2,0.42526057304153475,0.3294706685484572,15,3,3.054060270548364,Black_Median_Variance_Ratio | Delaunay_mean,1.9752553181849228,Black_Median_Variance_Ratio,41.44542230171048,Delaunay_mean,-0.09762264876881943,,,,,,
RAW_3VARS,3,0.42012321424452626,0.2619749999475789,15,4,3.081359256247895,Black_Median_Variance_Ratio | FVC_percent | Voronoi_CV_mean,-0.32422074009970514,Black_Median_Variance_Ratio,93.78882876646934,FVC_percent,-0.07910472205436747,Voronoi_CV_mean,1.5454828276318278,,,,
RAW_3VARS,3,0.4198221765967357,0.2615918611231183,15,4,3.0829589152880303,Black_Median_Variance_Ratio | FVC_percent | Voronoi_mean,0.9288074956939381,Black_Median_Variance_Ratio,69.95939228081821,FVC_percent,-0.04182097500865822,Voronoi_mean,-0.0021220543255253688,,,,
RAW_4VARS,4,0.414588694690895,0.18042417256725296,15,5,3.1107686816196116,lambda_median_median | FVC_percent | Voronoi_mean | Voronoi_CV_mean,9.568910251263665,lambda_median_median,-0.2752269445338844,FVC_percent,-0.06347474778062909,Voronoi_mean,0.00314071103090946,Voronoi_CV_mean,-1.1652750040866684,,
RAW_2VARS,2,0.40913662409786333,0.3106593947808406,15,3,3.139739988283782,Black_Median_Variance_Ratio | FVC_percent,0.6515415248549902,Black_Median_Variance_Ratio,83.11053490252291,FVC_percent,-0.061672462282217566,,,,,,
RAW_3VARS,3,0.4074799471279288,0.24588356907190945,15,4,3.1485432669135167,lambda_median_median | FVC_percent | Voronoi_mean,8.70656919752287,lambda_median_median,-0.2657348895959844,FVC_percent,-0.06225481870980954,Voronoi_mean,0.002110127370778536,,,,
RAW_3VARS,3,0.4057095300630833,0.24363031098937882,15,4,3.157950939619493,lambda_median_median | lambda_var_median | Voronoi_CV_mean,4.7345338181457075,lambda_median_median,-0.008314238769789956,lambda_var_median,-0.0024733198140076598,Voronoi_CV_mean,-1.869884476759205,,,,
RAW_4VARS,4,0.40567049254783905,0.16793868956697477,15,5,3.1581583778406697,lambda_median_median | FVC_percent | Delaunay_mean | Voronoi_CV_mean,7.936608786928198,lambda_median_median,-0.22158046890801072,FVC_percent,-0.040925687328909444,Delaunay_mean,0.007917163774304736,Voronoi_CV_mean,-0.7075703859699033,,
RAW_2VARS,2,0.4055676407780757,0.3064955809077551,15,3,3.15870491334712,lambda_var_median | Voronoi_CV_mean,4.629866462639124,lambda_var_median,-0.0026070377966432422,Voronoi_CV_mean,-1.8513161041133606,,,,,,
RAW_3VARS,3,0.40552434512624547,0.24339462106976695,15,4,3.158934978527861,lambda_median_median | FVC_percent | Voronoi_CV_mean,7.752595505647436,lambda_median_median,-0.21252068131934676,FVC_percent,-0.037114547725954544,Voronoi_CV_mean,-0.6777159155214303,,,,
RAW_4VARS,4,0.405492872609313,0.16769002165303815,15,5,3.159102217730653,Dm_median | FVC_percent | Delaunay_mean | Voronoi_CV_mean,3.1862540926671623,Dm_median,-0.30432863821771816,FVC_percent,0.05474622517750449,Delaunay_mean,-0.0909245024158464,Voronoi_CV_mean,-0.2617849375610223,,
RAW_3VARS,3,0.40509837421912875,0.24285247627889106,15,4,3.1611985100741813,Dm_median | FVC_percent | Delaunay_mean,3.0635465790641416,Dm_median,-0.3073110544997942,FVC_percent,0.05412113779727362,Delaunay_mean,-0.09283851764465809,,,,
RAW_4VARS,4,0.4036591280991525,0.16512277933881347,15,5,3.168846400906766,Black_Median_Variance_Ratio | lambda_median_median | Voronoi_mean | Voronoi_CV_mean,2.6850120871652905,Black_Median_Variance_Ratio,27.73905014692851,lambda_median_median,-0.05123437824938737,Voronoi_mean,-0.003799279425990676,Voronoi_CV_mean,-0.17106716738099406,,
RAW_3VARS,3,0.4035262633426516,0.2408516078906474,15,4,3.1695524199393086,Black_Median_Variance_Ratio | lambda_median_median | Voronoi_mean,2.504999564890266,Black_Median_Variance_Ratio,28.465731019470443,lambda_median_median,-0.0481997279290054,Voronoi_mean,-0.003959983726403493,,,,
RAW_3VARS,3,0.4027407409514068,0.2398518521199723,15,4,3.1737265423575716,lambda_median_median | FVC_percent | Delaunay_mean,7.600192847092195,lambda_median_median,-0.2214406593749209,FVC_percent,-0.04274498029253043,Delaunay_mean,0.0012206464790440463,,,,
RAW_2VARS,2,0.4027371383682118,0.303193328096247,15,3,3.1737456858262307,lambda_median_median | FVC_percent,7.573041672308985,lambda_median_median,-0.2199930955063944,FVC_percent,-0.04212337060389401,,,,,,
RAW_3VARS,3,0.39566894057752844,0.23085137891685437,15,4,3.211304797041449,Black_Median_Variance_Ratio | Voronoi_mean | Voronoi_CV_mean,0.9090808596495997,Black_Median_Variance_Ratio,41.5175448829627,Voronoi_mean,-0.004827213440535161,Voronoi_CV_mean,0.438274708013051,,,,
RAW_2VARS,2,0.3945636375927126,0.2936575771914981,15,3,3.217178175088103,Black_Median_Variance_Ratio | Voronoi_mean,1.1520357973640503,Black_Median_Variance_Ratio,41.80792920710681,Voronoi_mean,-0.00450309403344562,,,,,,
RAW_3VARS,3,0.39295814215016245,0.2274012718274796,15,4,3.2257094844356926,lambda_median_median | Delaunay_mean | Voronoi_CV_mean,6.0357195489429065,lambda_median_median,-0.12955346809354057,Delaunay_mean,-0.056213125902924585,Voronoi_CV_mean,-0.844051123719489,,,,
RAW_2VARS,2,0.38875311388309697,0.28687863286361315,15,3,3.2480542360998332,lambda_median_median | Delaunay_mean,5.529270516905233,lambda_median_median,-0.12446302969375761,Delaunay_mean,-0.06770051416982845,,,,,,
RAW_4VARS,4,0.37981931903760535,0.13174704665264747,15,5,3.295526789091778,Dm_median | FVC_percent | Voronoi_mean | Voronoi_CV_mean,2.470954951014176,Dm_median,-0.3481917491986304,FVC_percent,0.05418953427494125,Voronoi_mean,-0.0037595136636158766,Voronoi_CV_mean,-0.15360565571869075,,
RAW_3VARS,3,0.37969381806581226,0.21051940481103382,15,4,3.2961936783182524,Dm_median | FVC_percent | Voronoi_mean,2.391011153229085,Dm_median,-0.34913759203980155,FVC_percent,0.05386148104560298,Voronoi_mean,-0.003843575514525077,,,,
RAW_3VARS,3,0.3776347553359729,0.207898779518511,15,4,3.3071351613326474,lambda_median_median | Voronoi_mean | Voronoi_CV_mean,5.724677206060953,lambda_median_median,-0.13412300762010523,Voronoi_mean,-0.0021766946354413175,Voronoi_CV_mean,-1.0488544460084102,,,,
RAW_2VARS,2,0.37655804409360527,0.2726510514425394,15,3,3.312856608085604,lambda_median_median | lambda_var_median,3.1669972415276293,lambda_median_median,0.00864837043791861,lambda_var_median,-0.002657583491338285,,,,,,
RAW_1VARS,1,0.3764013465704198,0.32843221938352896,15,2,3.313689270084428,lambda_var_median,3.2615959266073546,lambda_var_median,-0.0025175581334477585,,,,,,,,
RAW_2VARS,2,0.3718644155191462,0.26717515143900383,15,3,3.33779769248245,lambda_median_median | Voronoi_mean,5.013627089212747,lambda_median_median,-0.1280084998668387,Voronoi_mean,-0.003013936467806788,,,,,,
RAW_3VARS,3,0.3696359941858831,0.19771853805476036,15,4,3.349639116162008,Black_Median_Variance_Ratio | lambda_median_median | Voronoi_CV_mean,5.064373466908794,Black_Median_Variance_Ratio,12.251176598701655,lambda_median_median,-0.11026030495753858,Voronoi_CV_mean,-2.0239904802042052,,,,
RAW_2VARS,2,0.3629701200335338,0.2567984733724561,15,3,3.3850603530952386,lambda_median_median | Voronoi_CV_mean,6.237899378905444,lambda_median_median,-0.14371183504563095,Voronoi_CV_mean,-2.074125068063398,,,,,,
RAW_3VARS,3,0.3449775597030603,0.16633507598571318,15,4,3.480669530216673,Dm_median | FVC_percent | Voronoi_CV_mean,2.950653341903701,Dm_median,-0.4552346125409515,FVC_percent,0.05261764473869529,Voronoi_CV_mean,-1.1071205365477954,,,,
RAW_3VARS,3,0.33946555362387887,0.15931979552130038,15,4,3.509959323099919,Dm_median | Delaunay_mean | Voronoi_mean,10.871919440654716,Dm_median,-0.13783808506884063,Delaunay_mean,-1.070276090205996,Voronoi_mean,0.05309305692030791,,,,
RAW_3VARS,3,0.3385174534925284,0.15811312262685429,15,4,3.514997353915001,FVC_percent | Delaunay_mean | Voronoi_CV_mean,3.321896626678915,FVC_percent,0.04886257980509906,Delaunay_mean,-0.1408238308638402,Voronoi_CV_mean,-0.697337224464296,,,,
RAW_2VARS,2,0.33740717134855247,0.22697503323997792,15,3,3.5208971903033985,Dm_median | FVC_percent,2.371356052236966,Dm_median,-0.4831818145796871,FVC_percent,0.049577952706843176,,,,,,
RAW_2VARS,2,0.3356718055816945,0.22495043984531027,15,3,3.5301186068181445,FVC_percent | Delaunay_mean,2.9932126789374376,FVC_percent,0.04701374738420187,Delaunay_mean,-0.14733106680058605,,,,,,
RAW_2VARS,2,0.335310070755914,0.22452841588189976,15,3,3.5320407995685814,Black_Median_Variance_Ratio | lambda_median_median,3.3312860409418397,Black_Median_Variance_Ratio,13.813863252308343,lambda_median_median,-0.09851402903016826,,,,,,
RAW_1VARS,1,0.32680836332764973,0.2750243912759305,15,2,3.577217318997384,lambda_median_median,4.610135834950451,lambda_median_median,-0.13602287626922696,,,,,,,,
RAW_2VARS,2,0.3245496631243454,0.21197460697840287,15,3,3.589219639058314,Delaunay_mean | Voronoi_mean,10.860720271686173,Delaunay_mean,-1.1082220645980811,Voronoi_mean,0.05361767516577998,,,,,,
RAW_2VARS,2,0.3158711354149497,0.20184965798410792,15,3,3.6353357491438576,Black_Median_Variance_Ratio | Voronoi_CV_mean,1.5244351657779198,Black_Median_Variance_Ratio,42.230097580073846,Voronoi_CV_mean,-1.686263501691137,,,,,,
RAW_1VARS,1,0.2916136536321675,0.23712239621925724,15,2,3.764235573832063,Black_Median_Variance_Ratio,0.3742796591647079,Black_Median_Variance_Ratio,40.84662778944109,,,,,,,,
RAW_3VARS,3,0.28903097910002595,0.09513033703639662,15,4,3.7779594342641065,FVC_percent | Voronoi_mean | Voronoi_CV_mean,2.09420142891997,FVC_percent,0.0470938571206944,Voronoi_mean,-0.0067711387634120865,Voronoi_CV_mean,-0.4554553208111056,,,,
RAW_2VARS,2,0.28792167980183503,0.16924195976880752,15,3,3.7838540479896356,FVC_percent | Voronoi_mean,1.852837513760304,FVC_percent,0.04605846905097764,Voronoi_mean,-0.007046115118862849,,,,,,
RAW_3VARS,3,0.16019541538668536,-0.06884219859876395,15,4,4.462568072743768,Dm_median | Delaunay_mean | Voronoi_CV_mean,3.013216390409158,Dm_median,-0.18454079707273174,Delaunay_mean,-0.07659455543723734,Voronoi_CV_mean,1.596785467604917,,,,
RAW_2VARS,2,0.14422327291679682,0.0015938184029296032,15,3,4.547441118622958,Dm_median | Delaunay_mean,3.814594813437495,Dm_median,-0.15566595989356286,Delaunay_mean,-0.06280389991479438,,,,,,
RAW_3VARS,3,0.1394073232717552,-0.09529977038140247,15,4,4.573032194832431,Dm_median | Voronoi_mean | Voronoi_CV_mean,2.432400170793904,Dm_median,-0.22745959124847137,Voronoi_mean,-0.00300703475913372,Voronoi_CV_mean,1.627727495583235,,,,
RAW_2VARS,2,0.13908204644840028,-0.00440427914353303,15,3,4.574760656421356,FVC_percent | Voronoi_CV_mean,2.9636930126672567,FVC_percent,0.03812526994745929,Voronoi_CV_mean,-2.9556513324127547,,,,,,
RAW_2VARS,2,0.13448044332279474,-0.00977281612340608,15,3,4.599212734402355,Delaunay_mean | Voronoi_CV_mean,3.110876130734106,Delaunay_mean,-0.10916448517844048,Voronoi_CV_mean,1.1945349563307188,,,,,,
RAW_1VARS,1,0.12517509572278862,0.05788087231684935,15,2,4.64865965082362,Delaunay_mean,3.7230766339110732,Delaunay_mean,-0.09445572321027393,,,,,,,,
RAW_2VARS,2,0.12425047937683775,-0.021707774060355955,15,3,4.653572893095187,Dm_median | Voronoi_mean,3.3408525234853372,Dm_median,-0.20835001759553207,Voronoi_mean,-0.0019970721397480073,,,,,,
RAW_2VARS,2,0.11698696982396817,-0.03018186853870386,15,3,4.692169855317809,Dm_median | Voronoi_CV_mean,2.8192257587950125,Dm_median,-0.3163949763561655,Voronoi_CV_mean,0.8190372056408808,,,,,,
RAW_1VARS,1,0.11238082396791238,0.044102425811597956,15,2,4.716646072538152,Dm_median,3.2894257701674317,Dm_median,-0.2868130963804413,,,,,,,,
RAW_2VARS,2,0.09882083373158357,-0.051375693979819115,15,3,4.788701382313843,Voronoi_mean | Voronoi_CV_mean,2.1780311946097317,Voronoi_mean,-0.005135408139038576,Voronoi_CV_mean,1.261541986007248,,,,,,
RAW_1VARS,1,0.08954109806586219,0.0195057979170824,15,2,4.838012201597377,Voronoi_mean,2.912556812021407,Voronoi_mean,-0.004196320710197484,,,,,,,,
RAW_1VARS,1,0.07896445910205996,0.008115571340679861,15,2,4.8942145279737375,FVC_percent,1.2429103098551226,FVC_percent,0.026437000094203265,,,,,,,,
RAW_1VARS,1,0.008409263048635207,-0.06786694748608513,15,2,5.269131944528644,Voronoi_CV_mean,2.8565855466832004,Voronoi_CV_mean,-0.9860691724837642,,,,,,,,
