ID,Liga,Amostra,Região,Imagem,KNN,λmédio,λmediano,λcontagem,λsoma,λvariância,Distância Delaunay,Área de Voronoi (média),CV Área de Voronoi (imagem),Número de carbonetos,Fração volumétrica de carbonetos,um_per_px,px_per_um,centroid_cols,centroid_raw_units,centroid_swap_xy,centroid_mask_score,centroid_inside_frac,um_per_px_tiff,k
A1C1,A,A1,C,1,11.583091856236727,32.75855015625,25.828116093750005,998.0,32693.062330781253,721.6506054096682,20.296748365145998,242.70418326693226,0.711724068716268,251.0,0.3026,0.4453125,2.245614035087719,"X,Y",um,False,0.8207171314741036,1.0,,1.8783854260003512
A1C2,A,A1,C,2,8.423014691588723,30.754764140625003,20.0394009375,1148.0,35306.60174062501,801.5840098994204,13.81685637957039,125.34722222222231,0.6623201086990633,486.0,0.2049,0.4453125,2.245614035087719,"X,Y",um,False,0.8724279835390946,0.9979423868312756,,1.8783854260003512
A1C3,A,A1,C,3,10.719122027380067,32.082147187500006,21.820544062500005,921.0,29547.374826328127,1034.9565997942752,16.96634572847846,198.43241042345272,0.6684270999271755,307.0,0.2976,0.4453125,2.245614035087719,"X,Y",um,False,0.9055374592833876,1.0,,1.8783854260003512
A1C4,A,A1,C,4,12.050791011149535,33.25622250000001,24.492258750000005,813.0,27037.14865125,939.7464611581606,21.224334369917617,283.3430232558148,0.9366292975065486,215.0,0.2852,0.4453125,2.245614035087719,"X,Y",um,False,0.8744186046511628,0.9953488372093025,,1.8783854260003512
A1C5,A,A1,C,5,10.149626043854568,35.42718328125,25.828116093750005,1086.0,38474.10901875001,903.514368455475,18.395678039826922,203.0625000000004,0.8507682361004308,300.0,0.2949,0.4453125,2.245614035087719,"X,Y",um,False,0.85,0.9966666666666668,,1.8783854260003512
A1C6,A,A1,C,6,13.35691761378189,35.85166851562501,24.04697296875,869.0,31155.398081250005,1198.2146775737917,21.87198731050138,325.76871657753986,0.9295146425449692,187.0,0.335,0.4453125,2.245614035087719,"X,Y",um,False,0.8877005347593583,1.0,,1.8783854260003512
A1C7,A,A1,C,7,15.989473068403008,24.042350625,18.702773203125002,780.0,18753.00036070313,351.44975611159066,26.81295506271681,408.85067114093926,0.625193327963222,149.0,0.3511,0.4453125,2.245614035087719,"X,Y",um,False,0.8993288590604027,1.0,,1.8783854260003512
A1C8,A,A1,C,8,14.87309900572635,27.673201640625003,19.59411515625,917.0,25376.13253640625,604.2779257287416,25.366553450537708,366.98042168674675,0.6615575925857916,166.0,0.2842,0.4453125,2.245614035087719,"X,Y",um,False,0.8373493975903614,1.0,,1.8783854260003512
A1C9,A,A1,C,9,10.217899461798805,31.061379609375006,24.269615859375005,1100.0,34167.49214742188,664.3029086875856,17.55308311698637,194.00875796178357,0.768826274532632,314.0,0.2711,0.4453125,2.245614035087719,"X,Y",um,False,0.8821656050955413,0.9968152866242038,,1.8783854260003512
A1C10,A,A1,C,10,12.852164177282708,26.969835000000007,20.9299725,876.0,23625.609357187503,516.9049772403627,21.14774376881584,264.8641304347829,0.6718542343306886,230.0,0.334,0.4453125,2.245614035087719,"X,Y",um,False,0.9130434782608696,1.0,,1.8783854260003512
A1C11,A,A1,C,11,15.40657817481148,23.171038828125006,17.366915859375002,902.0,20900.297053125003,375.4978521052369,27.334713749765683,426.0052447552446,0.789891889302228,143.0,0.3445,0.4453125,2.245614035087719,"X,Y",um,False,0.8601398601398601,0.993006993006993,,1.8783854260003512
A1C12,A,A1,C,12,9.4862349587584,32.399548125,25.605473203125005,1048.0,33954.632447343756,692.9530169800233,16.877545576403623,177.08938953488365,0.8317244237841461,344.0,0.2824,0.4453125,2.245614035087719,"X,Y",um,False,0.9156976744186046,0.9912790697674418,,1.8783854260003512
A1C13,A,A1,C,13,8.227157241652728,30.072198046875002,20.0394009375,1120.0,33681.210799453125,763.3797109974977,13.594085282651783,120.8705357142864,0.7488899864518684,504.0,0.2358,0.4453125,2.245614035087719,"X,Y",um,False,0.878968253968254,0.998015873015873,,1.8783854260003512
A1I1,A,A1,I,1,7.713259575739702,22.754257500000005,16.698987187500002,1412.0,32129.296634531252,377.6676943755982,12.351114555361514,96.39042721518999,0.6553919044279151,632.0,0.2231,0.4453125,2.245614035087719,"X,Y",um,False,0.8639240506329114,0.9968354430379748,,1.8783854260003512
A1I3,A,A1,I,3,7.557434406716817,26.41053140625,19.148058984375,1215.0,32089.218603046877,553.0260851223268,12.127693680483748,96.0863564668774,0.6123761285886488,634.0,0.1886,0.4453125,2.245614035087719,"X,Y",um,False,0.889589905362776,0.998422712933754,,1.8783854260003512
A1I4,A,A1,I,4,8.97747189006056,28.310314687500004,19.148058984375,1211.0,34284.163955625,719.6884887395876,14.335991167998335,136.28355704697984,0.641347617633639,447.0,0.2466,0.4453125,2.245614035087719,"X,Y",um,False,0.814317673378076,1.0,,1.8783854260003512
A1I5,A,A1,I,5,9.619751532556903,28.310314687500004,20.9299725,990.0,28027.07826304688,524.4121804345094,16.41484981340116,171.120084269663,0.6740788299888231,356.0,0.3304,0.4453125,2.245614035087719,"X,Y",um,False,0.8146067415730337,1.0,,1.8783854260003512
A1I6,A,A1,I,6,8.746102209648784,29.798709375000005,22.711115625000005,1140.0,33970.218990468755,604.1978029972047,15.367809804758082,145.04464285714283,0.7909189070573439,420.0,0.2362,0.4453125,2.245614035087719,"X,Y",um,False,0.8309523809523809,0.9952380952380953,,1.8783854260003512
A1I7,A,A1,I,7,6.834648860675851,23.541596718750004,18.257487421875005,1324.0,31169.203481250002,360.4893807340943,11.016585256370247,82.43403247631925,0.7289119194819229,739.0,0.1813,0.4453125,2.245614035087719,"X,Y",um,False,0.8836265223274695,0.9986468200270636,,1.8783854260003512
A1I8,A,A1,I,8,10.036825099630256,32.57673796875,24.93754453125,1066.0,34726.80498585938,697.677290632123,16.449186185286678,176.06575144508625,0.6885050111857152,346.0,0.2289,0.4453125,2.245614035087719,"X,Y",um,False,0.8959537572254336,1.0,,1.8783854260003512
A1I10,A,A1,I,10,10.025055093505822,29.554495546875003,22.265829843750005,1178.0,34814.97619289063,529.5714908437684,16.870082357126105,172.0868644067796,0.7306021334088709,354.0,0.2052,0.4453125,2.245614035087719,"X,Y",um,False,0.8700564971751412,1.0,,1.8783854260003512
A1I11,A,A1,I,11,8.901466139388758,27.720195468750003,22.711115625000005,1206.0,33430.500267187505,476.0305141222596,14.321050268492373,141.01562499999994,0.6794149188310338,432.0,0.2139,0.4453125,2.245614035087719,"X,Y",um,False,0.8263888888888888,0.9953703703703703,,1.8783854260003512
A1I12,A,A1,I,12,11.683289056810642,32.328672187500004,22.711115625000005,929.0,30033.656174296877,906.6890091294802,20.436507799625424,252.77489626556064,0.653006177617174,241.0,0.3163,0.4453125,2.245614035087719,"X,Y",um,False,0.8838174273858921,1.0,,1.8783854260003512
A1I13,A,A1,I,13,7.798935514230296,28.178577890625004,20.9299725,1158.0,32631.16375523438,565.2611229788637,12.697961287287683,102.3844537815119,0.6197775779653976,595.0,0.2152,0.4453125,2.245614035087719,"X,Y",um,False,0.8319327731092437,1.0,,1.8783854260003512
A1S1,A,A1,S,1,10.566698120312353,27.411268828125007,19.148058984375,1121.0,30728.34359414063,633.1660282089296,17.88063544020641,189.77803738317735,0.6166735660629971,321.0,0.2682,0.4453125,2.245614035087719,"X,Y",um,False,0.8629283489096573,0.9937694704049844,,1.8783854260003512
A1S2,A,A1,S,2,8.248023838812186,28.076115937500006,20.48468671875,1128.0,31669.73474460938,571.1142368930604,13.705025622531586,123.06818181818156,0.7506001364554664,495.0,0.1926,0.4453125,2.245614035087719,"X,Y",um,False,0.8686868686868687,0.997979797979798,,1.8783854260003512
A1S3,A,A1,S,3,8.656278962217987,32.18537953125001,22.265829843750005,1132.0,36434.133133125004,949.6810863670169,14.637500209179063,138.76708428246036,0.7436051389023812,439.0,0.219,0.4453125,2.245614035087719,"X,Y",um,False,0.8337129840546698,1.0,,1.8783854260003512
A1S4,A,A1,S,4,8.927153857328024,32.173823671875006,23.6016871875,1039.0,33428.27306789063,667.4502482826966,15.617417477676181,157.82059585492203,0.8810446500560581,386.0,0.2365,0.4453125,2.245614035087719,"X,Y",um,False,0.8678756476683938,1.0,,1.8783854260003512
A1S7,A,A1,S,7,9.92866491876819,33.939558984375005,25.828116093750005,1053.0,35738.55437132813,849.2742467135927,16.84337102216242,172.08686440677917,0.6755812081752899,354.0,0.283,0.4453125,2.245614035087719,"X,Y",um,False,0.8926553672316384,0.9943502824858758,,1.8783854260003512
A1S8,A,A1,S,8,10.680894850702574,32.20540968750001,23.6016871875,1024.0,32978.062179375,789.5181200316835,18.84728141566888,214.50264084507032,0.7265797139523582,284.0,0.2559,0.4453125,2.245614035087719,"X,Y",um,False,0.8380281690140845,1.0,,1.8783854260003512
A1S12,A,A1,S,12,9.265930356702842,26.489111250000004,20.48468671875,1234.0,32687.273615625007,505.5192403381165,14.409129614193048,136.89606741573047,0.5781300090506838,445.0,0.2134,0.4453125,2.245614035087719,"X,Y",um,False,0.8471910112359551,0.995505617977528,,1.8783854260003512
A1S13,A,A1,S,13,10.713178514979015,28.960524375000002,20.0394009375,1247.0,36113.50811085938,686.3532779082459,16.75545895604476,186.86733128834368,0.6647853863489974,326.0,0.2392,0.4453125,2.245614035087719,"X,Y",um,False,0.8496932515337424,0.9938650306748468,,1.8783854260003512
A1S14,A,A1,S,14,13.686597621427845,25.151713125000008,19.59411515625,807.0,20297.343896953127,398.94888537350477,22.432103392967463,309.23223350253767,0.6975462203522095,197.0,0.3246,0.4453125,2.245614035087719,"X,Y",um,False,0.9289340101522844,0.9949238578680204,,1.8783854260003512
A1S15,A,A1,S,15,10.757167969624383,30.663858046875003,21.820544062500005,1144.0,35079.046839375005,771.4673588690003,18.39788750022411,203.74163879598638,0.6883555278541127,299.0,0.2563,0.4453125,2.245614035087719,"X,Y",um,False,0.8862876254180602,1.0,,1.8783854260003512
A1S17,A,A1,S,17,9.957389392913104,29.187789609375006,21.820544062500005,1201.0,35054.554580625,610.0693154645692,15.936072372995588,155.40497448979568,0.6205347515589491,392.0,0.2393,0.4453125,2.245614035087719,"X,Y",um,False,0.8469387755102041,0.9948979591836736,,1.8783854260003512
A2C1,A,A2,C,1,10.501065780841943,26.8989590625,20.0394009375,995.0,26764.616804531255,485.007227562964,17.46031830665193,187.44230769230816,0.6093129112746838,325.0,0.3291,0.4453125,2.245614035087719,"X,Y",um,False,0.7630769230769231,1.0,,2.808115240128843
A2C2,A,A2,C,2,10.725346712889104,28.210163906250006,21.37525828125,984.0,27758.554758750004,599.4017156375795,17.987250996754607,200.39062499999943,0.6902157447367263,304.0,0.3226,0.4453125,2.245614035087719,"X,Y",um,False,0.7730263157894737,0.993421052631579,,2.808115240128843
A2C3,A,A2,C,3,10.10699699823385,26.663219531250004,20.48468671875,920.0,24530.038706250005,513.6240997593568,18.437327603488118,205.80658783783755,0.6581010847234486,296.0,0.3381,0.4453125,2.245614035087719,"X,Y",um,False,0.7499999999999999,0.9932432432432432,,2.808115240128843
A2C4,A,A2,C,4,11.209380406796393,31.197738750000006,24.04697296875,1007.0,31416.351727265628,609.845565317981,18.754238363381486,218.34677419354864,0.6139080877578449,279.0,0.308,0.4453125,2.245614035087719,"X,Y",um,False,0.7383512544802867,1.0,,2.808115240128843
A2C5,A,A2,C,5,11.09736292645353,28.281810234375,21.820544062500005,1081.0,30572.484326015627,544.8256719249574,18.5487998462806,215.26060070671357,0.6302490484880584,283.0,0.3095,0.4453125,2.245614035087719,"X,Y",um,False,0.7667844522968197,0.9964664310954064,,2.808115240128843
A2C6,A,A2,C,6,9.89197803016493,27.175529296875002,21.820544062500005,954.0,25925.20303148438,458.59996225184335,16.480673016221115,172.57436260623226,0.6402672817448619,353.0,0.3307,0.4453125,2.245614035087719,"X,Y",um,False,0.7422096317280453,0.9915014164305948,,2.808115240128843
A2C7,A,A2,C,7,9.802916922295157,27.764107734375006,21.820544062500005,1003.0,27847.617307734377,456.0882629935914,16.61210546527987,172.08686440677963,0.5998094312083095,354.0,0.3133,0.4453125,2.245614035087719,"X,Y",um,False,0.7937853107344632,1.0,,2.808115240128843
A2C8,A,A2,C,8,9.754954416247394,25.620110625000002,20.48468671875,1032.0,26439.98421023438,402.8113945352967,17.40848258904735,187.4423076923075,0.814013155068275,325.0,0.3388,0.4453125,2.245614035087719,"X,Y",um,False,0.7569230769230769,0.9969230769230768,,2.808115240128843
A2C9,A,A2,C,9,11.8761526189703,30.079901953125006,21.820544062500005,912.0,27432.58630710938,593.5598782559694,20.880161457793555,253.82812500000009,0.6418306368370066,240.0,0.304,0.4453125,2.245614035087719,"X,Y",um,False,0.7375,0.9958333333333332,,2.808115240128843
A2C10,A,A2,C,10,10.95001190693665,26.212541015625003,20.0394009375,901.0,23617.59344273438,432.8770044182191,19.47068380489905,213.00262237762277,0.7122130744590369,286.0,0.3236,0.4453125,2.245614035087719,"X,Y",um,False,0.7972027972027972,0.9965034965034965,,2.808115240128843
A2C11,A,A2,C,11,10.493571920000445,29.872666875000007,22.265829843750005,900.0,26885.742240937503,578.2410054878359,19.707254780025195,221.52272727272725,0.7349369710908196,275.0,0.3082,0.4453125,2.245614035087719,"X,Y",um,False,0.76,0.9963636363636365,,2.808115240128843
A2C12,A,A2,C,12,12.54315831697577,28.317248203125,19.816758046875,816.0,23106.820606406254,578.0475239287172,20.760678431942903,267.1875000000001,0.7344798240956976,228.0,0.3188,0.4453125,2.245614035087719,"X,Y",um,False,0.7894736842105263,0.9912280701754386,,2.808115240128843
A2C13,A,A2,C,13,12.863196498051073,25.800382031250006,19.59411515625,879.0,22678.429491562503,423.56614951192023,21.98625146795095,304.5937499999996,0.6711372169861762,200.0,0.3576,0.4453125,2.245614035087719,"X,Y",um,False,0.805,1.0,,2.808115240128843
A2C14,A,A2,C,14,14.856053996527498,21.889108828125003,18.702773203125002,1039.0,22742.999781796876,206.67213473648076,24.78954412320276,354.1787790697681,0.6143700032426371,172.0,0.3329,0.4453125,2.245614035087719,"X,Y",um,False,0.7674418604651163,1.0,,2.808115240128843
A2C15,A,A2,C,15,12.00614531346405,23.356702968750003,18.257487421875005,1196.0,27934.453427812507,279.3232731821046,20.94947309959445,267.18749999999994,0.733671842340256,228.0,0.3469,0.4453125,2.245614035087719,"X,Y",um,False,0.8157894736842105,1.0,,2.808115240128843
A2C16,A,A2,C,16,13.42271661181339,23.401385625000003,18.702773203125002,1075.0,25156.593549609377,254.08579975142217,21.824118903036,291.4772727272728,0.570039626036511,209.0,0.3419,0.4453125,2.245614035087719,"X,Y",um,False,0.7846889952153109,0.9904306220095692,,2.808115240128843
A2C17,A,A2,C,17,11.509461702799893,23.033138906250002,19.148058984375,1042.0,24000.56232632813,263.2399702049378,19.691350127994887,247.6371951219507,0.7131665612514821,246.0,0.3382,0.4453125,2.245614035087719,"X,Y",um,False,0.7804878048780488,1.0,,2.808115240128843
A2C18,A,A2,C,18,12.402500022825711,23.228047734375004,18.702773203125002,1085.0,25202.015780859376,244.6936351101563,20.711013153379053,268.3645374449336,0.6143372390952839,227.0,0.339,0.4453125,2.245614035087719,"X,Y",um,False,0.7136563876651982,1.0,,2.808115240128843
A2C19,A,A2,C,19,11.934332672035843,23.186446640625004,20.0394009375,963.0,22328.859352734376,237.02203194093025,22.04007229886704,266.0207423580787,0.616132377595261,229.0,0.3495,0.4453125,2.245614035087719,"X,Y",um,False,0.7860262008733624,1.0,,2.808115240128843
A2C20,A,A2,C,20,10.339805390268234,23.806611093750004,19.148058984375,1107.0,26354.03943210938,330.47837300896003,17.73931945702052,199.080882352941,0.6915853530415578,306.0,0.3413,0.4453125,2.245614035087719,"X,Y",um,False,0.7614379084967321,0.9967320261437908,,2.808115240128843
A2C21,A,A2,C,21,10.104270491806133,24.781925625000003,20.9299725,950.0,23542.781579531253,293.28599453126225,17.319709008842366,199.0808823529415,0.8166380082430614,306.0,0.3351,0.4453125,2.245614035087719,"X,Y",um,False,0.738562091503268,0.9967320261437908,,2.808115240128843
A2C22,A,A2,C,22,12.52934121108482,26.164006406250007,20.0394009375,890.0,23286.28156171875,450.60193313931893,20.61100205907475,279.44380733944905,0.6579716477963194,218.0,0.3382,0.4453125,2.245614035087719,"X,Y",um,False,0.7614678899082569,1.0,,2.808115240128843
A2C23,A,A2,C,23,8.52575919001132,30.140762812500007,24.04697296875,1165.0,35113.78144148438,556.6986737352906,15.260862065158292,155.40497448979602,0.7740753416152016,392.0,0.3072,0.4453125,2.245614035087719,"X,Y",um,False,0.7244897959183674,0.9974489795918368,,2.808115240128843
A2C24,A,A2,C,24,10.184377629193918,30.059871796875004,23.15640140625,1076.0,32344.828049296877,613.0914261977967,17.714244034373973,195.25240384615356,0.7366497709395308,312.0,0.2934,0.4453125,2.245614035087719,"X,Y",um,False,0.7692307692307693,0.9935897435897436,,2.808115240128843
A2C25,A,A2,C,25,9.616445805992095,25.960623281250005,22.265829843750005,1152.0,29906.29673695313,331.26713678831186,15.378557172410218,164.64527027027,0.6908548275117954,370.0,0.3251,0.4453125,2.245614035087719,"X,Y",um,False,0.8162162162162162,0.9972972972972972,,2.808115240128843
A2C26,A,A2,C,26,10.18784571345063,28.700132343750003,23.6016871875,1115.0,32001.046625625007,489.7392167373597,16.26254551463247,173.06463068181768,0.5796630564677385,352.0,0.3246,0.4453125,2.245614035087719,"X,Y",um,False,0.7528409090909091,1.0,,2.808115240128843
A2C27,A,A2,C,27,9.27903489823234,26.028417656250003,21.37525828125,1152.0,29984.67165679688,390.09265278096325,15.448799915870671,153.06218592964802,0.6200393521126581,398.0,0.336,0.4453125,2.245614035087719,"X,Y",um,False,0.7512562814070353,0.9974874371859296,,2.808115240128843
A2C28,A,A2,C,28,11.174018168007033,30.925790859375006,21.820544062500005,863.0,26688.91436976563,777.3910994872926,19.818911621139794,238.89705882352973,0.723951432255365,255.0,0.299,0.4453125,2.245614035087719,"X,Y",um,False,0.7490196078431373,1.0,,2.808115240128843
A3C1,A,A3,C,1,9.603988377944724,25.036924921875006,17.366915859375002,1372.0,34350.51538898438,549.8514444483217,14.635031330140276,131.29040948275866,0.4510100386777885,464.0,0.3109,0.4453125,2.245614035087719,"X,Y",um,False,0.8599137931034483,1.0,,1.320074392579596
A3C2,A,A3,C,2,9.086134852702717,23.607850312500002,16.476344296875002,1379.0,32555.461320468752,483.7478169235474,13.860663703665844,121.11083499005989,0.6027785150835944,503.0,0.3303,0.4453125,2.245614035087719,"X,Y",um,False,0.9025844930417496,1.0,,1.320074392579596
A3C3,A,A3,C,3,9.16087026062082,25.570805625000002,18.702773203125002,1246.0,31861.66370179688,472.95498823467415,14.757547506189775,129.89072494669497,0.5648763440868524,469.0,0.324,0.4453125,2.245614035087719,"X,Y",um,False,0.8869936034115138,0.997867803837953,,1.320074392579596
A3C4,A,A3,C,4,9.623283692988498,28.093834921875004,17.812201640625002,1240.0,34836.351451171875,785.6467083441652,15.81402093096861,150.41666666666697,0.585597451338966,405.0,0.2644,0.4453125,2.245614035087719,"X,Y",um,False,0.8962962962962963,0.9950617283950616,,1.320074392579596
A3C5,A,A3,C,5,8.883161260576822,29.660039062500005,20.0394009375,1209.0,35858.789236171884,728.8432526948183,13.861492812914125,124.07077393075375,0.5977057517387262,491.0,0.2514,0.4453125,2.245614035087719,"X,Y",um,False,0.8757637474541751,0.9979633401221996,,1.320074392579596
A3C6,A,A3,C,6,8.725803954582986,31.601423437500006,21.37525828125,1153.0,36436.804847812506,834.2717103596009,14.570319641580221,135.07483370288242,0.7289198818556584,451.0,0.2217,0.4453125,2.245614035087719,"X,Y",um,False,0.8891352549889135,1.0,,1.320074392579596
A3C7,A,A3,C,7,8.054922315639777,29.418136406250003,20.0394009375,1128.0,33183.351250781256,720.0754518578249,13.643316901359926,120.87053571428568,0.7134749444560873,504.0,0.2076,0.4453125,2.245614035087719,"X,Y",um,False,0.8829365079365079,0.998015873015873,,1.320074392579596
A3C8,A,A3,C,8,7.931196453464776,27.179381250000006,18.702773203125002,1255.0,34110.49248585938,709.0173279023072,12.801551597817074,106.50131118881107,0.6621213953920523,572.0,0.2316,0.4453125,2.245614035087719,"X,Y",um,False,0.8986013986013985,0.9965034965034965,,1.320074392579596
A3C9,A,A3,C,9,8.858735668569238,29.513664843750007,21.37525828125,1156.0,34118.06234414063,660.4748226252688,14.789606154758312,135.07483370288242,0.630659341006008,451.0,0.2342,0.4453125,2.245614035087719,"X,Y",um,False,0.8603104212860311,0.9977827050997784,,1.320074392579596
A3C10,A,A3,C,10,7.2989976452268746,27.583836328125003,19.59411515625,1219.0,33625.101709453134,716.9607548570436,11.97705617492512,94.01041666666647,0.7036142235062767,648.0,0.2183,0.4453125,2.245614035087719,"X,Y",um,False,0.8719135802469136,0.9969135802469136,,1.320074392579596
A3C11,A,A3,C,11,7.804892050067975,31.826377500000003,21.820544062500005,1139.0,36250.21854960938,884.3401085461305,13.427907412200934,113.86682242990662,0.7237267994135461,535.0,0.2184,0.4453125,2.245614035087719,"X,Y",um,False,0.902803738317757,1.0,,1.320074392579596
A3C12,A,A3,C,12,9.54081868516799,27.183233203125003,20.9299725,1264.0,34359.42187500001,466.08817339110726,16.39752163817267,171.12008426966327,0.719115713670306,356.0,0.2537,0.4453125,2.245614035087719,"X,Y",um,False,0.8426966292134831,1.0,,1.320074392579596
A3C13,A,A3,C,13,9.949029808129273,32.414185546875004,24.04697296875,1133.0,36724.921696875004,784.5137135700624,17.464339380516545,181.30580357142867,0.7499913540870343,336.0,0.2513,0.4453125,2.245614035087719,"X,Y",um,False,0.8333333333333333,0.9940476190476192,,1.320074392579596
A3C14,A,A3,C,14,10.444133442165388,28.868847890625002,22.711115625000005,1216.0,35104.87495546875,532.4707467219728,17.711671118176454,185.16337386018188,0.6369870623771805,329.0,0.2473,0.4453125,2.245614035087719,"X,Y",um,False,0.8693009118541034,0.993920972644377,,1.320074392579596
A3C15,A,A3,C,15,9.89099916708574,29.368061015625006,21.820544062500005,1166.0,34243.19535257813,738.4490779535157,17.71877803967926,195.8802250803861,0.7115910244973235,311.0,0.2517,0.4453125,2.245614035087719,"X,Y",um,False,0.8456591639871383,1.0,,1.320074392579596
A3C16,A,A3,C,16,9.014710229000729,31.044431015625,24.93754453125,1091.0,33869.57824078125,655.9707381094668,16.30959106091636,168.74999999999991,0.7852819952649431,361.0,0.2465,0.4453125,2.245614035087719,"X,Y",um,False,0.8642659279778393,1.0,,1.320074392579596
A3C17,A,A3,C,17,7.109951791936165,25.8327384375,18.257487421875005,1210.0,31257.374688281256,537.341615297699,11.828502811158891,97.6262019230768,0.8779948858882282,624.0,0.2274,0.4453125,2.245614035087719,"X,Y",um,False,0.8669871794871795,0.998397435897436,,1.320074392579596
A3C18,A,A3,C,18,7.513758256539324,26.386649296875003,20.0394009375,1337.0,35278.992481406254,454.0780726845887,12.367831125746841,98.57402912621357,0.6517167632522043,618.0,0.2494,0.4453125,2.245614035087719,"X,Y",um,False,0.883495145631068,1.0,,1.320074392579596
A3C19,A,A3,C,19,7.733103381864361,26.160154453125003,20.48468671875,1225.0,32046.023571093756,460.4694926543702,13.366793817985254,109.56609712230214,0.7118813319959315,556.0,0.2101,0.4453125,2.245614035087719,"X,Y",um,False,0.8723021582733813,0.9982014388489208,,1.320074392579596
A3C20,A,A3,C,20,8.077062423918303,26.451362109375005,18.257487421875005,1289.0,34095.35122851563,531.6576493723023,13.203112588722334,115.59535104364328,0.7227637199672847,527.0,0.2347,0.4453125,2.245614035087719,"X,Y",um,False,0.8614800759013282,0.9943074003795066,,1.320074392579596
A3C21,A,A3,C,21,8.403581697051782,25.737980390625,19.59411515625,1279.0,32919.2813746875,514.3226512780152,13.884764252777877,124.0707739307535,0.6969186547072214,491.0,0.2189,0.4453125,2.245614035087719,"X,Y",um,False,0.8879837067209777,0.9959266802443992,,1.320074392579596
A3C22,A,A3,C,22,9.255390400638568,32.603701640625005,22.711115625000005,1148.0,37428.96088851563,1049.3964965223636,16.092855237156304,153.83522727272722,0.7139614459513702,396.0,0.2304,0.4453125,2.245614035087719,"X,Y",um,False,0.8611111111111112,0.9974747474747476,,1.320074392579596
A3C23,A,A3,C,23,8.447593192638521,28.056856171875,20.9299725,1228.0,34453.82785335938,588.0777029137025,13.99111855057358,125.86518595041333,0.6556029213069057,484.0,0.2222,0.4453125,2.245614035087719,"X,Y",um,False,0.8739669421487603,0.9979338842975206,,1.320074392579596
A3C24,A,A3,C,24,7.7504751991801735,29.271762187500006,22.265829843750005,1208.0,35360.48440171876,598.2064031833925,13.113431383279707,112.81250000000017,0.7140577645991779,540.0,0.2205,0.4453125,2.245614035087719,"X,Y",um,False,0.8740740740740741,0.998148148148148,,1.320074392579596
A3C25,A,A3,C,25,8.529364887810631,33.149138203125005,25.382830312500005,1103.0,36563.27371359376,802.5531982001588,14.806033916941265,136.58912556053824,0.6964420616561404,446.0,0.2387,0.4453125,2.245614035087719,"X,Y",um,False,0.8968609865470851,0.9977578475336324,,1.320074392579596
A3C26,A,A3,C,26,10.464662285881527,32.483520703125,24.04697296875,1161.0,37713.07016554688,883.215422796039,17.670966635459106,201.71771523178765,0.7920746222244381,302.0,0.2495,0.4453125,2.245614035087719,"X,Y",um,False,0.847682119205298,1.0,,1.320074392579596
A3C27,A,A3,C,27,11.769712546149309,38.589636796875006,29.390402343750004,897.0,34615.031321250004,963.7613210557619,20.788554284032692,259.2287234042556,0.7808053229232403,235.0,0.1936,0.4453125,2.245614035087719,"X,Y",um,False,0.8425531914893617,0.9957446808510638,,1.320074392579596
A3C28,A,A3,C,28,9.175160740669778,25.893599296875003,19.148058984375,1312.0,33972.000133593756,475.7153647115479,14.56029795662372,140.3657834101385,0.6740758939014566,434.0,0.2385,0.4453125,2.245614035087719,"X,Y",um,False,0.8663594470046083,1.0,,1.320074392579596
A3C29,A,A3,C,29,8.969388236538672,28.971309843750007,20.9299725,1173.0,33983.57833429688,650.0808270889344,14.891244581562995,145.3908114558465,0.7399492193494459,419.0,0.2141,0.4453125,2.245614035087719,"X,Y",um,False,0.8711217183770883,0.9952267303102624,,1.320074392579596
A3C30,A,A3,C,30,10.665833478065364,35.501911171875,25.828116093750005,1049.0,37241.48401875001,1336.3949338839845,17.699300797355658,211.52343749999997,0.7450634382154301,288.0,0.1865,0.4453125,2.245614035087719,"X,Y",um,False,0.857638888888889,0.9965277777777778,,1.320074392579596
A3C31,A,A3,C,31,10.42038372572177,32.76471328125,22.711115625000005,1054.0,34533.98468671875,840.1313527926637,18.25501290976391,206.5042372881358,0.7941685322900238,295.0,0.2166,0.4453125,2.245614035087719,"X,Y",um,False,0.888135593220339,1.0,,1.320074392579596
A3C32,A,A3,C,32,9.931167665220668,35.22688171875001,24.492258750000005,1037.0,36530.32025460938,1001.6023969080508,17.757640495354277,194.008757961784,0.8256358729069783,314.0,0.2144,0.4453125,2.245614035087719,"X,Y",um,False,0.8821656050955414,1.0,,1.320074392579596
A3C33,A,A3,C,33,8.666409381896987,28.526794453125007,20.48468671875,1166.0,33262.17222679688,642.2014983194276,14.19525070743731,134.77599557522157,0.8133784016951993,452.0,0.2037,0.4453125,2.245614035087719,"X,Y",um,False,0.90929203539823,1.0,,1.320074392579596
A3C34,A,A3,C,34,10.143904748508671,32.485061484375,24.04697296875,1111.0,36090.79699523438,822.1114537191653,17.0716141748366,189.7780373831778,0.680437776916317,321.0,0.2201,0.4453125,2.245614035087719,"X,Y",um,False,0.8847352024922118,1.0,,1.320074392579596
A3C35,A,A3,C,35,8.403491537838194,28.566854765625006,22.265829843750005,1145.0,32708.64810351563,535.6804039971681,13.509284732844614,126.91406249999982,0.7933151326682394,480.0,0.1913,0.4453125,2.245614035087719,"X,Y",um,False,0.9083333333333332,1.0,,1.320074392579596
A3C36,A,A3,C,36,9.284670408345002,30.797135625000003,23.6016871875,1134.0,34923.632857031254,660.7828500153993,16.11996221219954,159.05678851174943,0.6813174359066194,383.0,0.2075,0.4453125,2.245614035087719,"X,Y",um,False,0.8616187989556136,1.0,,1.320074392579596
A3C37,A,A3,C,37,9.116200969407668,29.177004140625,19.59411515625,1136.0,33145.49964820313,711.115356465143,15.931932909952828,150.41666666666666,0.665542772595723,405.0,0.205,0.4453125,2.245614035087719,"X,Y",um,False,0.888888888888889,0.9975308641975308,,1.320074392579596
A3C38,A,A3,C,38,9.286930744099074,33.00430476562501,24.04697296875,1140.0,37624.89818812501,868.8319087308839,15.624506865913165,152.29687500000026,0.7573283535934665,400.0,0.2052,0.4453125,2.245614035087719,"X,Y",um,False,0.8875,1.0,,1.320074392579596
A3C39,A,A3,C,39,7.631591435589294,29.140795781250006,18.702773203125002,1146.0,33395.76566507813,765.1412240878786,12.30628073538255,101.3623128119801,0.7367280209152541,601.0,0.1806,0.4453125,2.245614035087719,"X,Y",um,False,0.903494176372712,0.9983361064891848,,1.320074392579596
A3C40,A,A3,C,40,7.7141195616227884,29.992077421875003,21.820544062500005,1137.0,34101.1407140625,818.9041704508303,13.170868063514156,113.23187732341971,0.7738248490733821,538.0,0.1934,0.4453125,2.245614035087719,"X,Y",um,False,0.8661710037174721,0.9981412639405204,,1.320074392579596
A3C41,A,A3,C,41,8.908535445868193,31.622994375000005,20.48468671875,1097.0,34690.73452640625,916.51324301933,14.852362540432,136.8960674157303,0.6700321214393659,445.0,0.2041,0.4453125,2.245614035087719,"X,Y",um,False,0.856179775280899,0.997752808988764,,1.320074392579596
A3C42,A,A3,C,42,7.588889342354474,29.314904062500005,18.702773203125002,1152.0,33771.163920000006,909.5674924476565,12.366660264409298,107.25132042253529,0.7560903060724352,568.0,0.2029,0.4453125,2.245614035087719,"X,Y",um,False,0.8961267605633803,1.0,,1.320074392579596
A3C43,A,A3,C,43,7.274992725959208,26.690953593750006,19.148058984375,1101.0,29386.61741460938,622.7132760028016,11.381421038700774,97.00437898089177,0.8235110807632188,628.0,0.1461,0.4453125,2.245614035087719,"X,Y",um,False,0.8885350318471338,1.0,,1.320074392579596
A3I1,A,A3,I,1,9.139047436442066,27.501404531250003,20.0394009375,1288.0,35421.49240570313,595.2934967657411,14.654498639313513,135.67650334075768,0.5228364207353906,449.0,0.2487,0.4453125,2.245614035087719,"X,Y",um,False,0.8485523385300668,1.0,,1.320074392579596
A3I2,A,A3,I,2,7.608264743950256,23.120963437500002,18.257487421875005,1362.0,31490.71907507813,299.7337971639771,12.129353762809965,93.14793577981659,0.5851746287191145,654.0,0.2754,0.4453125,2.245614035087719,"X,Y",um,False,0.8868501529051988,0.9954128440366972,,1.320074392579596
A3I3,A,A3,I,3,8.611156839371958,23.057791406250004,16.476344296875002,1315.0,30321.328507968752,365.10385656890264,13.549221874188735,115.59535104364353,0.5678589669442621,527.0,0.3302,0.4453125,2.245614035087719,"X,Y",um,False,0.8823529411764705,0.9981024667931688,,1.320074392579596
A3I4,A,A3,I,4,9.184323176287684,25.476817968750005,18.257487421875005,1302.0,33170.437192734375,474.47435262529916,13.787006584888154,122.82006048387082,0.5181581436261555,496.0,0.3135,0.4453125,2.245614035087719,"X,Y",um,False,0.8870967741935483,0.997983870967742,,1.320074392579596
A3I5,A,A3,I,5,8.21726610007174,25.419809062500004,17.812201640625002,1312.0,33350.34343382813,552.0242542272584,12.758218632116753,105.94565217391305,0.5752023147033488,575.0,0.2714,0.4453125,2.245614035087719,"X,Y",um,False,0.8626086956521739,1.0,,1.320074392579596
A3I6,A,A3,I,6,8.660199692465032,24.310446562500005,18.257487421875005,1297.0,31530.797106562506,410.1447017269227,14.187066590704726,123.31730769230774,0.5908483695948689,494.0,0.2525,0.4453125,2.245614035087719,"X,Y",um,False,0.8663967611336033,0.9979757085020244,,1.320074392579596
A3I7,A,A3,I,7,9.493025805651353,28.203230390625006,20.48468671875,1218.0,34351.40596054688,589.2249417289673,15.76860904983023,145.73863636363703,0.5786657482386632,418.0,0.2701,0.4453125,2.245614035087719,"X,Y",um,False,0.868421052631579,0.9976076555023924,,1.320074392579596
A3I8,A,A3,I,8,7.689112171022937,25.171743281250002,19.148058984375,1287.0,32396.48428148438,436.06054761795053,12.28342543345688,93.86556240369822,0.6683392384148056,649.0,0.2558,0.4453125,2.245614035087719,"X,Y",um,False,0.8489984591679507,0.99537750385208,,1.320074392579596
A3I9,A,A3,I,9,12.53956370300896,35.816230546875005,25.382830312500005,997.0,35709.16396898438,1015.3953767666933,20.80209919805295,250.69444444444505,0.6230463937649269,243.0,0.2089,0.4453125,2.245614035087719,"X,Y",um,False,0.8600823045267489,0.9958847736625516,,1.320074392579596
A3I10,A,A3,I,10,10.688287257258375,31.252436484375004,23.6016871875,1133.0,35409.02363343751,738.6692670898134,17.904880237328943,189.77803738317743,0.6422941696498315,321.0,0.2184,0.4453125,2.245614035087719,"X,Y",um,False,0.897196261682243,0.9968847352024922,,1.320074392579596
A3I11,A,A3,I,11,11.768949650730386,29.841080859375005,22.265829843750005,1123.0,33511.1016159375,705.0562974558107,19.961735631254665,232.5143129770989,0.5590110682297966,262.0,0.2566,0.4453125,2.245614035087719,"X,Y",um,False,0.8816793893129771,0.9923664122137404,,1.320074392579596
A3I12,A,A3,I,12,10.50769831089043,34.72458703125,23.15640140625,1082.0,37572.351384375004,1145.0689729945316,17.271214381931827,181.30580357142878,0.6732556542762357,336.0,0.2395,0.4453125,2.245614035087719,"X,Y",um,False,0.9017857142857144,1.0,,1.320074392579596
A3I13,A,A3,I,13,9.865261297802078,28.042218750000004,21.37525828125,1237.0,34688.06281171875,559.4240336109742,16.678917914767872,177.6056851311959,0.6810469862384808,343.0,0.2354,0.4453125,2.245614035087719,"X,Y",um,False,0.8571428571428571,1.0,,1.320074392579596
A3I14,A,A3,I,14,8.92639676560961,30.851833359375004,21.820544062500005,1194.0,36836.69536148438,782.3391232859803,15.003910384082037,142.6668618266981,0.7305319209055966,427.0,0.2388,0.4453125,2.245614035087719,"X,Y",um,False,0.8782201405152226,0.9976580796252928,,1.320074392579596
A3I15,A,A3,I,15,13.123185644257969,28.177037109375007,20.0394009375,1103.0,31079.25036070313,693.9684984145388,20.673501058394343,261.4538626609432,0.6239356437968119,233.0,0.2754,0.4453125,2.245614035087719,"X,Y",um,False,0.8841201716738198,0.9957081545064378,,1.320074392579596
A3I16,A,A3,I,16,10.212706911031745,32.616027890625006,22.711115625000005,1102.0,35942.95287117188,874.9912695300661,16.890658799934613,176.5760869565212,0.6684438450517951,345.0,0.2312,0.4453125,2.245614035087719,"X,Y",um,False,0.8579710144927536,0.9971014492753624,,1.320074392579596
A3I18,A,A3,I,18,9.234943994694486,34.477291640625005,24.04697296875,1115.0,38442.04690171876,1104.1541517598025,16.196273274392517,160.31249999999991,0.744068350304574,380.0,0.2275,0.4453125,2.245614035087719,"X,Y",um,False,0.8315789473684211,0.9973684210526316,,1.320074392579596
A3I19,A,A3,I,19,9.55246713145228,29.447411250000002,22.265829843750005,1196.0,35219.32033476563,569.9474125211976,16.40161096101747,159.0567885117496,0.6597873376173115,383.0,0.2386,0.4453125,2.245614035087719,"X,Y",um,False,0.835509138381201,1.0,,1.320074392579596
A3I20,A,A3,I,20,9.454963719427033,27.750240703125005,20.0394009375,1219.0,33827.71906617188,537.2051099032288,15.413471614224148,152.67857142857127,0.6700486807221264,399.0,0.2331,0.4453125,2.245614035087719,"X,Y",um,False,0.8796992481203008,0.9949874686716792,,1.320074392579596
A3I21,A,A3,I,21,9.764253311676612,33.71306414062501,22.711115625000005,1129.0,38061.7497328125,1104.0467279493714,16.749688319816162,169.21874999999977,0.7230932918014883,360.0,0.2009,0.4453125,2.245614035087719,"X,Y",um,False,0.9055555555555556,1.0,,1.320074392579596
A3I22,A,A3,I,22,8.705362980740967,28.707065859375003,22.488472734375,1148.0,32955.35183414063,560.4056854477296,14.156437715939946,138.13775510204158,0.7341505105762975,441.0,0.2129,0.4453125,2.245614035087719,"X,Y",um,False,0.8526077097505668,0.9977324263038548,,1.320074392579596
A3I23,A,A3,I,23,8.151727157861096,30.652302187500002,22.711115625000005,1134.0,34759.312388671875,699.9794837849488,13.696459238825224,120.63118811881174,0.7219771550313766,505.0,0.2164,0.4453125,2.245614035087719,"X,Y",um,False,0.8792079207920791,0.996039603960396,,1.320074392579596
A3I24,A,A3,I,24,8.370729801122339,33.951114843750005,27.386616328125005,1068.0,36260.01560718751,742.589939419684,13.687004249739804,125.60567010309272,0.7145138437894253,485.0,0.2218,0.4453125,2.245614035087719,"X,Y",um,False,0.8762886597938144,0.9958762886597938,,1.320074392579596
A3I25,A,A3,I,25,8.294628132455859,30.082213125000006,23.15640140625,1138.0,34233.398295000006,618.0103684124452,14.180500788957323,126.12577639751588,0.6887663096608998,483.0,0.2189,0.4453125,2.245614035087719,"X,Y",um,False,0.8799171842650103,1.0,,1.320074392579596
A3I26,A,A3,I,26,10.072088043994436,31.138418671875,22.711115625000005,1129.0,35155.195330312505,778.5128177288087,16.114582701474554,175.55835734870288,0.707688459430299,347.0,0.2306,0.4453125,2.245614035087719,"X,Y",um,False,0.8559077809798271,0.9971181556195964,,1.320074392579596
A3I27,A,A3,I,27,9.376505021313625,31.752420000000004,22.265829843750005,1161.0,36864.74990648438,998.6693114320864,15.590789262603492,157.41279069767495,0.6677719205731194,387.0,0.2214,0.4453125,2.245614035087719,"X,Y",um,False,0.8811369509043928,0.9974160206718348,,1.320074392579596
A3I28,A,A3,I,28,10.07292393868907,30.712392656250003,22.711115625000005,1072.0,32923.288946718756,649.5353990127687,16.416021179361696,178.64736070381275,0.7105172916184818,341.0,0.2291,0.4453125,2.245614035087719,"X,Y",um,False,0.8885630498533725,0.997067448680352,,1.320074392579596
A3I29,A,A3,I,29,8.57364314829726,27.188625937500007,20.0394009375,1220.0,33169.99190695313,625.6338979427492,14.326078848295184,135.07483370288284,0.8356876551425,451.0,0.2491,0.4453125,2.245614035087719,"X,Y",um,False,0.8292682926829269,0.9933481152993348,,1.320074392579596
A3I30,A,A3,I,30,8.38609387655859,29.330311875000007,23.15640140625,1152.0,33788.086320468756,532.5259423814759,13.934218215803611,129.89072494669517,0.7169933032155551,469.0,0.2326,0.4453125,2.245614035087719,"X,Y",um,False,0.8805970149253731,0.9957356076759062,,1.320074392579596
A3I31,A,A3,I,31,7.36908887719043,27.187855546875003,21.37525828125,1180.0,32082.094030546876,448.8730626432679,12.357783902801089,94.88901869158896,0.6167017759934825,642.0,0.2223,0.4453125,2.245614035087719,"X,Y",um,False,0.8364485981308413,0.9984423676012462,,1.320074392579596
A3I32,A,A3,I,32,8.419880644635217,28.417398984375005,20.9299725,1151.0,32708.20281773438,587.5904380056153,14.294220890850887,131.00806451612883,0.6560373154848345,465.0,0.2303,0.4453125,2.245614035087719,"X,Y",um,False,0.8408602150537634,1.0,,1.320074392579596
A3I33,A,A3,I,33,7.477337491731506,25.688675390625004,19.59411515625,1237.0,31776.609495234377,437.9805256662599,12.306460886300744,101.36231281198005,0.6856732906889763,601.0,0.2372,0.4453125,2.245614035087719,"X,Y",um,False,0.8419301164725458,1.0,,1.320074392579596
A3I34,A,A3,I,34,7.996034195003956,25.139386875000003,18.702773203125002,1244.0,31273.406517187505,426.8921331232728,13.196384886904726,116.92658349328246,0.7554351407686187,521.0,0.2358,0.4453125,2.245614035087719,"X,Y",um,False,0.8694817658349329,1.0,,1.320074392579596
A3I35,A,A3,I,35,8.100482838792733,29.60919328125,22.265829843750005,1169.0,34612.80489234375,696.7383709188539,13.400093854627139,118.0595930232556,0.6695918026706583,516.0,0.2271,0.4453125,2.245614035087719,"X,Y",um,False,0.8624031007751938,1.0,,1.320074392579596
A3I36,A,A3,I,36,7.736082572607796,25.346621953125005,18.257487421875005,1237.0,31353.562580156256,431.83303490137945,12.806552382913848,107.2513204225355,0.6883328249454265,568.0,0.217,0.4453125,2.245614035087719,"X,Y",um,False,0.8538732394366196,0.9982394366197184,,1.320074392579596
A3S1,A,A3,S,1,10.251164540583611,26.375863828125006,18.702773203125002,1311.0,34578.51557601563,538.002776208307,16.13713722163768,155.80242966751848,0.5318644339913272,391.0,0.2634,0.4453125,2.245614035087719,"X,Y",um,False,0.8951406649616368,1.0,,1.320074392579596
A3S3,A,A3,S,3,8.895281103533083,25.438298437500006,17.812201640625002,1300.0,33069.79721343751,531.6534948602967,14.716024819053498,129.61436170212843,0.6484815763750384,470.0,0.2642,0.4453125,2.245614035087719,"X,Y",um,False,0.8617021276595744,1.0,,1.320074392579596
A3S6,A,A3,S,6,9.608310480366113,26.984472421875004,20.0394009375,1247.0,33650.03925398438,492.08532901710214,15.650965514262731,153.8352272727277,0.6461978332455706,396.0,0.2467,0.4453125,2.245614035087719,"X,Y",um,False,0.8661616161616161,0.9974747474747476,,1.320074392579596
A3S7,A,A3,S,7,9.738945191379834,28.990569609375004,20.9299725,1240.0,35948.74235671876,632.3096052340577,15.676412835068442,159.89173228346468,0.5700976956630114,381.0,0.2449,0.4453125,2.245614035087719,"X,Y",um,False,0.8687664041994752,0.9973753280839897,,1.320074392579596
A3S8,A,A3,S,8,10.111963105375105,32.40571125,24.93754453125,1083.0,35095.07789789063,791.3656908707521,16.616346139524268,168.28383977900555,0.6256608776373435,362.0,0.2246,0.4453125,2.245614035087719,"X,Y",um,False,0.8674033149171271,0.9972375690607734,,1.320074392579596
A3S9,A,A3,S,9,9.533211120581228,29.425840312500004,20.48468671875,1151.0,33869.57824078125,641.4352876052491,15.434671209106925,153.0621859296481,0.628109809644368,398.0,0.2261,0.4453125,2.245614035087719,"X,Y",um,False,0.8844221105527639,0.9974874371859296,,1.320074392579596
A3S10,A,A3,S,10,7.535866767964297,25.936741171875006,19.148058984375,1272.0,32991.866808984385,461.50693365234383,12.166157072033222,99.70335515548248,0.6640253575317049,611.0,0.2129,0.4453125,2.245614035087719,"X,Y",um,False,0.8772504091653028,1.0,,1.320074392579596
A3S11,A,A3,S,11,8.578730221391954,29.551413984375007,19.59411515625,1207.0,35668.64065171876,855.8425301944703,13.822226102630134,126.12577639751535,0.6216911185658344,483.0,0.2086,0.4453125,2.245614035087719,"X,Y",um,False,0.8902691511387164,0.9979296066252588,,1.320074392579596
A3S12,A,A3,S,12,10.65896543771938,31.724685937500006,23.6016871875,1160.0,36801.070187812504,704.4265921361024,17.813361107745333,204.4253355704699,0.6250286311037848,298.0,0.2289,0.4453125,2.245614035087719,"X,Y",um,False,0.8758389261744965,0.9966442953020134,,1.320074392579596
A3S13,A,A3,S,13,11.409089357737813,31.48586484375,20.9299725,1039.0,32713.99230328125,815.8049044946412,19.506317880539974,230.75284090909093,0.594020690902503,264.0,0.2136,0.4453125,2.245614035087719,"X,Y",um,False,0.8863636363636364,1.0,,1.320074392579596
A3S14,A,A3,S,14,9.149540633966327,30.5536921875,23.6016871875,1156.0,35320.40637023438,584.765963343512,16.449811294245535,162.01795212765947,0.8467594520236434,376.0,0.2132,0.4453125,2.245614035087719,"X,Y",um,False,0.8803191489361702,1.0,,1.320074392579596
A3S15,A,A3,S,15,8.586944967800466,28.496749218750004,21.820544062500005,1176.0,33512.43747328126,561.62355096709,14.176608501679702,134.1822687224665,0.6675476839988322,454.0,0.1847,0.4453125,2.245614035087719,"X,Y",um,False,0.8678414096916299,0.9933920704845814,,1.320074392579596
A3S16,A,A3,S,16,8.371869818403162,31.384943671875003,23.15640140625,1131.0,35496.75032507813,831.7071894487062,13.96179415606031,135.07483370288224,0.7282142401500304,451.0,0.1787,0.4453125,2.245614035087719,"X,Y",um,False,0.8713968957871397,0.9933481152993348,,1.320074392579596
A3S17,A,A3,S,17,9.863104400200848,35.85166851562501,24.93754453125,991.0,35529.25772789063,1060.6415735181338,16.539132182808444,182.3914670658689,0.783739778485438,334.0,0.1792,0.4453125,2.245614035087719,"X,Y",um,False,0.9251497005988024,0.997005988023952,,1.320074392579596
A3S18,A,A3,S,18,8.977257707545103,30.900367968750004,23.15640140625,1166.0,36030.23427703125,695.2516491225588,14.794476234197722,145.04464285714275,0.7189214872247367,420.0,0.2321,0.4453125,2.245614035087719,"X,Y",um,False,0.861904761904762,1.0,,1.320074392579596
A3S19,A,A3,S,19,11.11497590670976,34.760025000000006,25.382830312500005,949.0,32987.413951171875,996.0371313256716,18.94029187671456,218.34677419354844,0.7804206682580117,279.0,0.2061,0.4453125,2.245614035087719,"X,Y",um,False,0.8745519713261649,0.992831541218638,,1.320074392579596
A3S20,A,A3,S,20,9.792627030341494,32.3225090625,23.824330078125005,1138.0,36783.257986171884,720.7389867752931,15.568383476506147,163.76008064516083,0.6081420268757499,372.0,0.2144,0.4453125,2.245614035087719,"X,Y",um,False,0.8575268817204301,1.0,,1.320074392579596
A3S21,A,A3,S,21,10.836896811268513,35.52194132812501,24.492258750000005,1058.0,37582.14844195313,969.7366963232668,18.858044142581374,213.75000000000009,0.6983593509805055,285.0,0.1988,0.4453125,2.245614035087719,"X,Y",um,False,0.8666666666666666,0.9964912280701754,,1.320074392579596
A3S22,A,A3,S,22,11.453601438799486,38.25143531250001,27.609259218750005,998.0,38175.30454054688,1175.7814997468997,18.328260096641838,223.96599264705918,0.6534025683319601,272.0,0.1892,0.4453125,2.245614035087719,"X,Y",um,False,0.8749999999999999,0.9816176470588236,,1.320074392579596
A3S23,A,A3,S,23,10.280495921149335,36.92713382812501,24.492258750000005,988.0,36484.00745179688,1321.0932726655885,16.62947748895741,181.3058035714289,0.7237631631698244,336.0,0.1787,0.4453125,2.245614035087719,"X,Y",um,False,0.8839285714285714,0.9940476190476192,,1.320074392579596
A3S24,A,A3,S,24,10.635717286510538,36.008057812500006,22.711115625000005,943.0,33955.52378929688,1304.2158643936343,18.167213484791517,208.6258561643836,0.8192998921238902,292.0,0.2098,0.4453125,2.245614035087719,"X,Y",um,False,0.8595890410958904,0.9965753424657534,,1.320074392579596
A3S25,A,A3,S,25,10.142689543801778,34.421823515625,22.711115625000005,1006.0,34628.39066507813,1222.7951446058719,17.26987303239531,183.49021084337406,0.7202298174750852,332.0,0.2255,0.4453125,2.245614035087719,"X,Y",um,False,0.9066265060240964,1.0,,1.320074392579596
A3S26,A,A3,S,26,10.76100761614468,32.327131406250004,22.265829843750005,1081.0,34945.45340109376,937.2282333810427,18.151000943658985,210.79152249134964,0.6585637187055273,289.0,0.2366,0.4453125,2.245614035087719,"X,Y",um,False,0.8788927335640138,0.9965397923875432,,1.320074392579596
A3S27,A,A3,S,27,10.950884868037233,34.87250203125,24.492258750000005,1000.0,34872.86719640626,1028.5218541992922,18.495060629362488,218.34677419354918,0.7423932946148636,279.0,0.2105,0.4453125,2.245614035087719,"X,Y",um,False,0.8924731182795699,1.0,,1.320074392579596
A3S28,A,A3,S,28,12.779323372596616,32.626042968750006,25.382830312500005,1006.0,32821.75762546876,716.8735101049257,21.033567358683005,275.65045248868745,0.6136487969937332,221.0,0.2142,0.4453125,2.245614035087719,"X,Y",um,False,0.8823529411764706,1.0,,1.320074392579596
A3S29,A,A3,S,29,9.68047023652949,33.486569296875004,22.265829843750005,996.0,33352.570633125004,1020.4721904375551,17.848791126972735,192.7808544303797,0.7892648618009397,316.0,0.2172,0.4453125,2.245614035087719,"X,Y",um,False,0.8765822784810127,0.9936708860759492,,1.320074392579596
A3S30,A,A3,S,30,10.213624342833143,34.481913984375005,24.93754453125,1057.0,36447.04719117188,900.725503896277,17.494112040627677,197.78814935064898,0.7681759953861397,308.0,0.1991,0.4453125,2.245614035087719,"X,Y",um,False,0.8701298701298702,0.9967532467532468,,1.320074392579596
A3S31,A,A3,S,31,9.692195490916843,34.71534234375,26.273401875000005,1010.0,35062.57049507813,905.6391045954897,16.0021220219942,175.05387931034429,0.7818819790907365,348.0,0.1992,0.4453125,2.245614035087719,"X,Y",um,False,0.8936781609195402,1.0,,1.320074392579596
A3S32,A,A3,S,32,8.231520720516482,30.33490125,23.15640140625,1108.0,33610.8517940625,694.3257864470216,14.060174395547003,129.6143617021277,0.7030514616948164,470.0,0.2019,0.4453125,2.245614035087719,"X,Y",um,False,0.8829787234042554,0.9936170212765958,,1.320074392579596
A3S33,A,A3,S,33,9.369733767686864,36.352422421875005,21.820544062500005,962.0,34970.836231406254,1358.0156078629213,16.357384588141148,174.55229226361033,0.830275140402501,349.0,0.2052,0.4453125,2.245614035087719,"X,Y",um,False,0.8710601719197708,0.997134670487106,,1.320074392579596
A3S34,A,A3,S,34,7.950453952298611,32.398777734375,20.48468671875,1033.0,33467.90658398438,1073.2766315306399,13.976099322599705,121.11083499005954,0.8677034412258262,503.0,0.1719,0.4453125,2.245614035087719,"X,Y",um,False,0.9025844930417496,0.9980119284294234,,1.320074392579596
A3S35,A,A3,S,35,9.429885853554286,33.863290312500006,23.15640140625,993.0,33626.43756679688,1074.0398747362428,16.29738455465306,173.06463068181785,0.6765441736768152,352.0,0.2165,0.4453125,2.245614035087719,"X,Y",um,False,0.8920454545454545,0.9943181818181818,,1.320074392579596
A3S36,A,A3,S,36,10.185267373599826,34.285464375000004,25.382830312500005,1052.0,36068.08587960938,885.8826195036439,17.28105583114876,204.42533557046943,0.7062149650488593,298.0,0.2232,0.4453125,2.245614035087719,"X,Y",um,False,0.8523489932885906,1.0,,1.320074392579596
A3S37,A,A3,S,37,9.708560124188626,30.247076718750005,21.820544062500005,1161.0,35116.45315617188,623.7649610419373,16.695096177837918,177.08938953488374,0.6487499270287026,344.0,0.2446,0.4453125,2.245614035087719,"X,Y",um,False,0.8808139534883721,1.0,,1.320074392579596
A3S38,A,A3,S,38,8.677938557043394,31.486635234375004,23.15640140625,1080.0,34005.84339375001,765.9863705301638,14.924863589581733,141.67151162790697,0.7043810683065115,430.0,0.1926,0.4453125,2.245614035087719,"X,Y",um,False,0.9046511627906976,0.9976744186046512,,1.320074392579596
A3S39,A,A3,S,39,9.767025540431966,29.018303671875007,21.820544062500005,1095.0,31774.82835210938,549.6781419475159,17.02350034013037,186.29587155963296,0.6771656661596787,327.0,0.244,0.4453125,2.245614035087719,"X,Y",um,False,0.8746177370030581,1.0,,1.320074392579596
A3S40,A,A3,S,40,9.849539669128282,31.388025234375007,23.15640140625,1088.0,34150.57051734375,669.9269309397584,16.60322119416032,172.57436260623172,0.6598436230686782,353.0,0.2169,0.4453125,2.245614035087719,"X,Y",um,False,0.858356940509915,0.9971671388101984,,1.320074392579596
A3S41,A,A3,S,41,10.488359255111643,33.769302656250005,22.711115625000005,1060.0,35795.10951750001,1011.9299202522951,19.038832473392194,198.43241042345278,0.6772739761689319,307.0,0.2101,0.4453125,2.245614035087719,"X,Y",um,False,0.8957654723127036,0.996742671009772,,1.320074392579596
A3S42,A,A3,S,42,11.093776915903167,33.18226500000001,25.828116093750005,1031.0,34210.687179375,796.8698257764771,18.62113894545173,220.72010869565196,0.7356544329795253,276.0,0.198,0.4453125,2.245614035087719,"X,Y",um,False,0.8840579710144928,0.9963768115942028,,1.320074392579596
A3S43,A,A3,S,43,8.77030319746912,31.5305475,22.265829843750005,1133.0,35724.304455937505,927.5096427964785,15.651688989008054,142.00174825174847,0.719718828146795,429.0,0.2096,0.4453125,2.245614035087719,"X,Y",um,False,0.8438228438228438,0.9976689976689976,,1.320074392579596
A3S44,A,A3,S,44,9.615226024208795,33.37255148437501,24.714901640625005,994.0,33172.219106250006,914.6852577368593,16.513542848243667,174.5522922636105,0.6800949346060613,349.0,0.1824,0.4453125,2.245614035087719,"X,Y",um,False,0.8710601719197708,1.0,,1.320074392579596
B1C1,B,B1,C,1,10.030878205493782,26.813445703125005,20.9299725,1290.0,34589.6484909375,477.93862213626716,16.750346692699175,166.90068493150696,0.6664305568919637,365.0,0.2898,0.4453125,2.245614035087719,"X,Y",um,False,0.8767123287671232,1.0,,1.554281139650191
B1C3,B,B1,C,3,10.463974815987257,24.907499296875006,19.59411515625,629.0,15666.984232500003,343.3389616731995,18.64636125169021,212.26045296167268,0.8254159750071072,287.0,0.3778,0.4453125,2.245614035087719,"X,Y",um,False,0.9163763066202092,1.0,,1.554281139650191
B1C4,B,B1,C,4,8.113784125138466,25.006109296875007,18.257487421875005,1316.0,32908.14845976563,472.5692121198671,13.14490900908617,109.173387096774,0.6759018935164741,558.0,0.2266,0.4453125,2.245614035087719,"X,Y",um,False,0.8494623655913979,0.9982078853046596,,1.554281139650191
B1C6,B,B1,C,6,11.18050688707184,22.62020953125,16.476344296875002,777.0,17576.039164921876,363.50258894159555,18.49266714985558,209.34278350515498,0.6038284428220743,291.0,0.3574,0.4453125,2.245614035087719,"X,Y",um,False,0.872852233676976,0.9965635738831616,,1.554281139650191
B1C7,B,B1,C,7,11.05337936113833,22.159515937500004,16.476344296875002,828.0,18347.765647265627,361.4805285982911,19.159862542532913,221.52272727272768,0.8250682327635256,275.0,0.3696,0.4453125,2.245614035087719,"X,Y",um,False,0.9127272727272728,1.0,,1.554281139650191
B1C8,B,B1,C,8,9.34290714191285,28.266402421875007,20.9299725,1243.0,35135.155929375,595.0952671929017,15.19950637443443,139.08390410958927,0.5843836462029565,438.0,0.2654,0.4453125,2.245614035087719,"X,Y",um,False,0.817351598173516,0.997716894977169,,1.554281139650191
B1C9,B,B1,C,9,11.109729890670813,22.648713984375004,16.921630078125002,767.0,17371.64066507813,328.0206824067811,18.25006372909819,220.72010869565196,0.862511544180776,276.0,0.3758,0.4453125,2.245614035087719,"X,Y",um,False,0.9021739130434784,1.0,,1.554281139650191
B1C10,B,B1,C,10,7.698015063224102,27.383534765625004,20.0394009375,1250.0,34229.836008750004,614.6647992444947,12.675620852825489,104.49185248713547,0.69984380571332,583.0,0.2695,0.4453125,2.245614035087719,"X,Y",um,False,0.869639794168096,0.9931389365351628,,1.554281139650191
B1C11,B,B1,C,11,11.041289913202679,24.359751562500005,16.476344296875002,1016.0,24749.5784634375,473.14312827835704,18.522771495516178,207.20663265306123,0.7011687908020109,294.0,0.366,0.4453125,2.245614035087719,"X,Y",um,False,0.891156462585034,0.9965986394557824,,1.554281139650191
B1C12,B,B1,C,12,9.604891193225301,31.888779140625005,20.9299725,1191.0,37979.36724093751,810.1713862150269,15.239747036884665,156.60347043701873,0.6897457130910878,389.0,0.27,0.4453125,2.245614035087719,"X,Y",um,False,0.8688946015424165,0.9974293059125964,,1.554281139650191
B1C13,B,B1,C,13,11.934932522774204,23.547759843750004,17.812201640625002,702.0,16530.444978515625,350.4212176393433,20.054242092131016,245.64012096774164,0.7683788486093223,248.0,0.356,0.4453125,2.245614035087719,"X,Y",um,False,0.875,0.995967741935484,,1.554281139650191
B1C14,B,B1,C,14,8.546703065430213,27.525286640625005,18.257487421875005,1290.0,35507.43718382813,714.0561574634035,13.66728521041201,120.87053571428582,0.6460634510446835,504.0,0.219,0.4453125,2.245614035087719,"X,Y",um,False,0.8869047619047619,1.0,,1.554281139650191
B1C15,B,B1,C,15,8.18186273629937,27.966720468750005,19.59411515625,1297.0,36272.929665234384,620.4443189460206,13.165449229441334,113.65438432835805,0.7442043298690378,536.0,0.2495,0.4453125,2.245614035087719,"X,Y",um,False,0.8787313432835822,0.9944029850746268,,1.554281139650191
B1C16,B,B1,C,16,11.569080398406118,27.793382578125,18.702773203125002,827.0,22985.249884218752,695.4255451250795,20.32675583427883,243.67499999999995,0.7117990649892989,250.0,0.3166,0.4453125,2.245614035087719,"X,Y",um,False,0.888,0.996,,1.554281139650191
B1C20,B,B1,C,20,12.241691257520188,23.126356171875003,17.812201640625002,914.0,21137.202955781253,332.04877854708263,20.27617851565448,263.717532467532,0.7334065834704614,231.0,0.3538,0.4453125,2.245614035087719,"X,Y",um,False,0.8614718614718615,1.0,,1.554281139650191
B1C21,B,B1,C,21,11.834009725159248,27.348096796875005,18.257487421875005,782.0,21386.133115312503,658.4408922476624,19.45746000429417,245.64012096774198,0.8654608932837904,248.0,0.337,0.4453125,2.245614035087719,"X,Y",um,False,0.8911290322580645,1.0,,1.554281139650191
B1C24,B,B1,C,24,8.885230158411083,27.198641015625004,20.0394009375,1261.0,34297.523299453125,520.8404871131105,13.998437944614455,122.57293762575483,0.5268537416075109,497.0,0.2438,0.4453125,2.245614035087719,"X,Y",um,False,0.8712273641851106,0.9979879275653925,,1.554281139650191
B1C25,B,B1,C,25,8.960758383534424,26.958279140625006,20.9299725,1318.0,35531.03887101563,487.6382206659486,14.41987554193438,129.06514830508434,0.616129750227208,472.0,0.2542,0.4453125,2.245614035087719,"X,Y",um,False,0.8665254237288136,1.0,,1.554281139650191
B1C28,B,B1,C,28,8.239281309074345,27.482144765625005,20.48468671875,1253.0,34435.5703659375,627.6209416848634,13.080275706836735,111.77752293577943,0.6154780569297578,545.0,0.2421,0.4453125,2.245614035087719,"X,Y",um,False,0.906422018348624,1.0,,1.554281139650191
B1I3,B,B1,I,3,9.29571488496117,28.630797187500004,20.0394009375,1205.0,34499.695370390626,708.2143200817933,14.911378848856675,144.0159574468086,0.6756527499611842,423.0,0.2581,0.4453125,2.245614035087719,"X,Y",um,False,0.8817966903073287,1.0,,1.554281139650191
B1I4,B,B1,I,4,9.221384326054093,25.917481406250005,17.812201640625002,1163.0,30142.312838437505,560.6276550891724,14.92166735337714,148.582317073171,0.6927110664133577,410.0,0.2578,0.4453125,2.245614035087719,"X,Y",um,False,0.875609756097561,0.9951219512195122,,1.554281139650191
B1I10,B,B1,I,10,10.03395485085332,26.756436796875004,19.59411515625,1266.0,33874.031098593754,561.9766844875672,15.971982265426348,165.9911444141686,0.6377835527021558,367.0,0.2532,0.4453125,2.245614035087719,"X,Y",um,False,0.8446866485013624,1.0,,1.554281139650191
B1I12,B,B1,I,12,9.986969424532555,32.28784148437501,24.04697296875,1200.0,38745.750293906254,709.0748975686707,16.267815479862698,159.89173228346436,0.5778624191883058,381.0,0.2727,0.4453125,2.245614035087719,"X,Y",um,False,0.863517060367454,1.0,,1.554281139650191
B1I13,B,B1,I,13,9.411687835745061,30.393450937500003,22.265829843750005,1157.0,35164.992387890634,719.4540555621279,14.738380333982155,143.67629716981145,0.6189339838243122,424.0,0.2465,0.4453125,2.245614035087719,"X,Y",um,False,0.8372641509433962,1.0,,1.554281139650191
B1I14,B,B1,I,14,11.94269538834644,38.25836882812501,25.382830312500005,814.0,31142.48402320313,1310.1259544724794,19.233547204666056,235.20752895752906,0.6186482767533084,259.0,0.2254,0.4453125,2.245614035087719,"X,Y",um,False,0.8957528957528957,1.0,,1.554281139650191
B1I15,B,B1,I,15,12.592143096613736,30.543677109375004,20.0394009375,985.0,30085.75769226563,874.3936133029725,20.98961174383777,263.71753246753275,0.715978518295288,231.0,0.2555,0.4453125,2.245614035087719,"X,Y",um,False,0.8484848484848485,0.9956709956709956,,1.554281139650191
B1I16,B,B1,I,16,9.369613705046335,28.183200234375004,20.9299725,1135.0,31988.132567578126,569.1645837589967,15.019728811742292,152.29687499999983,0.7401587778671411,400.0,0.2834,0.4453125,2.245614035087719,"X,Y",um,False,0.9075,1.0,,1.554281139650191
B1I19,B,B1,I,19,10.439405643011995,28.293366093750002,21.37525828125,1181.0,33414.913724062506,569.5592623995301,17.087879748452853,178.64736070381224,0.73074580003087,341.0,0.2896,0.4453125,2.245614035087719,"X,Y",um,False,0.906158357771261,1.0,,1.554281139650191
B1I21,B,B1,I,21,9.39233557711283,30.519024609375005,21.37525828125,1154.0,35219.32033476563,848.2575782756471,15.286407076241282,149.3106617647056,0.6634285588142572,408.0,0.2692,0.4453125,2.245614035087719,"X,Y",um,False,0.8995098039215687,1.0,,1.554281139650191
B1I22,B,B1,I,22,9.335689303013364,27.815723906250007,19.148058984375,1284.0,35714.953454531256,680.8010693635988,15.214694035402626,147.146739130435,0.7239981896943756,414.0,0.2712,0.4453125,2.245614035087719,"X,Y",um,False,0.8502415458937198,0.997584541062802,,1.554281139650191
B1I23,B,B1,I,23,9.340021441090197,28.400450390625007,20.0394009375,1290.0,36636.74971945313,675.3010889698793,14.917487234177349,145.04464285714246,0.6590868499056071,420.0,0.26,0.4453125,2.245614035087719,"X,Y",um,False,0.8547619047619047,1.0,,1.554281139650191
B1I24,B,B1,I,24,9.198399395165833,33.511221796875006,21.597901171875,1108.0,37130.601696093756,970.5450456592165,14.992643054772602,149.3106617647056,0.7148794890161988,408.0,0.2252,0.4453125,2.245614035087719,"X,Y",um,False,0.8995098039215687,1.0,,1.554281139650191
B1I25,B,B1,I,25,8.577292579064936,27.426676640625004,19.59411515625,1246.0,34173.281632968756,638.7942049731081,13.851502106982073,128.52056962025335,0.7994538605213797,474.0,0.2598,0.4453125,2.245614035087719,"X,Y",um,False,0.8586497890295358,1.0,,1.554281139650191
B1I26,B,B1,I,26,8.053833949188862,24.898254609375005,16.921630078125002,1359.0,33836.62478179688,587.2966546566469,13.252985311198893,111.36882998171835,0.7582755790654121,547.0,0.2381,0.4453125,2.245614035087719,"X,Y",um,False,0.8665447897623401,0.9981718464351006,,1.554281139650191
B1I27,B,B1,I,27,8.478511602162897,29.232472265625006,19.59411515625,1131.0,33062.22658476563,738.7737233916688,14.222517084400828,127.98056722689124,0.680036100280982,476.0,0.1741,0.4453125,2.245614035087719,"X,Y",um,False,0.8760504201680672,1.0,,1.554281139650191
B1I29,B,B1,I,29,8.397883212410674,28.837261875000006,21.820544062500005,1257.0,36247.99212070313,554.7092559863161,13.857195874913897,122.57293762575415,0.6830122034147266,497.0,0.2576,0.4453125,2.245614035087719,"X,Y",um,False,0.8933601609657947,1.0,,1.554281139650191
B1I30,B,B1,I,30,9.24475879463962,29.796398203125005,23.15640140625,1224.0,36470.64810796876,618.8436448204286,15.149013673819692,144.35722748815166,0.6283115751755495,422.0,0.2346,0.4453125,2.245614035087719,"X,Y",um,False,0.8791469194312795,0.995260663507109,,1.554281139650191
B1S1,B,B1,S,1,8.864030385434852,29.366520234375002,21.37525828125,1168.0,34300.19501414063,655.3932609406861,14.790506293993166,143.67629716981133,0.8353067857041998,424.0,0.245,0.4453125,2.245614035087719,"X,Y",um,False,0.8702830188679245,1.0,,1.554281139650191
B1S2,B,B1,S,2,7.417649619029166,28.341900703125006,22.265829843750005,1136.0,32196.094124062507,516.9299043123963,12.450828053948507,99.54044117647058,0.7164097235492802,612.0,0.2591,0.4453125,2.245614035087719,"X,Y",um,False,0.9248366013071896,0.9983660130718954,,1.554281139650191
B1S4,B,B1,S,4,7.115718639031227,29.765582578125006,22.711115625000005,1142.0,33992.03876414063,680.4479358431215,11.74591887593477,91.19573353293383,0.7517213677378601,668.0,0.2504,0.4453125,2.245614035087719,"X,Y",um,False,0.8922155688622755,0.997005988023952,,1.554281139650191
B1S5,B,B1,S,5,6.752839951089172,29.040645,21.37525828125,1219.0,35400.56243320313,590.0481286077943,11.349846539739922,83.6796016483514,0.735468073466635,728.0,0.2639,0.4453125,2.245614035087719,"X,Y",um,False,0.8804945054945055,1.0,,1.554281139650191
B1S6,B,B1,S,6,8.213280389914212,29.737848515625004,22.711115625000005,1146.0,34079.76545578126,640.7901512409486,13.778451100319996,118.05959302325603,0.6832038460015933,516.0,0.2829,0.4453125,2.245614035087719,"X,Y",um,False,0.8546511627906976,1.0,,1.554281139650191
B1S7,B,B1,S,7,7.069709522068443,26.402057109375004,19.59411515625,1291.0,34085.109655546876,503.40281322211314,11.084463626175305,86.28718130311644,0.7090838949927788,706.0,0.2543,0.4453125,2.245614035087719,"X,Y",um,False,0.8937677053824362,0.9985835694050992,,1.554281139650191
B1S8,B,B1,S,8,6.933191667210641,25.646303906250004,19.59411515625,1310.0,33597.04716445313,431.56121111586924,10.96757454998431,79.63235294117631,0.6781003804572683,765.0,0.28,0.4453125,2.245614035087719,"X,Y",um,False,0.8823529411764706,0.9973856209150328,,1.554281139650191
B1S10,B,B1,S,10,8.084731876152974,27.999076875000004,20.9299725,1128.0,31583.343910312502,512.8377099868653,13.12148504948558,115.815114068441,0.720452103152746,526.0,0.3076,0.4453125,2.245614035087719,"X,Y",um,False,0.8802281368821293,0.9980988593155894,,1.554281139650191
B1S15,B,B1,S,15,8.30912178380694,26.94980484375,20.0394009375,1140.0,30722.554878984378,539.7607282883973,13.411540378593072,124.07077393075362,0.7364874459945643,491.0,0.307,0.4453125,2.245614035087719,"X,Y",um,False,0.8859470468431772,0.9979633401221996,,1.554281139650191
B1S16,B,B1,S,16,9.020120065607788,26.252601328125003,19.59411515625,1079.0,28326.773312812504,517.2865988431641,14.96872762653119,140.36578341013822,0.6562575255320157,434.0,0.3077,0.4453125,2.245614035087719,"X,Y",um,False,0.8778801843317973,0.9976958525345622,,1.554281139650191
B1S19,B,B1,S,19,9.180609952686876,26.796497109375004,19.59411515625,1002.0,26850.11706726563,569.7254428797547,15.474825892913268,148.94559902200544,0.6692026582188388,409.0,0.3194,0.4453125,2.245614035087719,"X,Y",um,False,0.8850855745721271,1.0,,1.554281139650191
B1S21,B,B1,S,21,8.181924192302846,28.012943906250005,19.59411515625,1335.0,37397.34405726563,627.5936406059693,13.211329585714667,113.23187732342001,0.693184069664027,538.0,0.3108,0.4453125,2.245614035087719,"X,Y",um,False,0.8513011152416357,1.0,,1.554281139650191
B1S27,B,B1,S,27,8.547508186694456,24.26884546875,18.702773203125002,1382.0,33539.156160937506,375.1144499972901,12.965101102368767,106.8750000000001,0.5182131882815094,570.0,0.3367,0.4453125,2.245614035087719,"X,Y",um,False,0.856140350877193,0.9964912280701754,,1.554281139650191
B2C1,B,B2,C,1,9.910794297762703,29.393483906250008,20.48468671875,1183.0,34772.671732500006,733.2084578092897,16.41751213967188,165.99114441416867,0.6035129805299195,367.0,0.2878,0.4453125,2.245614035087719,"X,Y",um,False,0.88283378746594,0.997275204359673,,1.1899595330960069
B2C2,B,B2,C,2,9.91650050484975,27.632370937500006,20.0394009375,1292.0,35701.14805453126,597.0686603955689,16.447961341534274,162.01795212765995,0.5775793325931822,376.0,0.3142,0.4453125,2.245614035087719,"X,Y",um,False,0.9042553191489362,0.9920212765957448,,1.1899595330960069
B2C3,B,B2,C,3,10.412571336978623,27.532220156250002,19.148058984375,1141.0,31414.12529835938,583.834165650824,16.930292415375988,177.60568513119534,0.7306149655221679,343.0,0.3362,0.4453125,2.245614035087719,"X,Y",um,False,0.892128279883382,0.9970845481049564,,1.1899595330960069
B2C4,B,B2,C,4,10.163272125593823,27.140861718750003,18.702773203125002,1270.0,34468.96911070313,654.8644509125429,16.134642194230725,167.3592032967043,0.6107858813264347,364.0,0.3391,0.4453125,2.245614035087719,"X,Y",um,False,0.8873626373626373,1.0,,1.1899595330960069
B2C5,B,B2,C,5,10.16184489334973,27.143943281250007,20.0394009375,1354.0,36752.976241875,543.4006743070313,15.983542322012052,171.12008426966304,0.7141444435637684,356.0,0.3355,0.4453125,2.245614035087719,"X,Y",um,False,0.851123595505618,0.99438202247191,,1.1899595330960069
B2C6,B,B2,C,6,8.50351690627752,27.068445000000008,18.702773203125002,1250.0,33835.73421023438,600.917519017914,13.832715358763712,119.21477495107634,0.6350060853837468,511.0,0.2835,0.4453125,2.245614035087719,"X,Y",um,False,0.898238747553816,0.9980430528375732,,1.1899595330960069
B2C7,B,B2,C,7,8.70462879550523,26.100834375000005,19.59411515625,1294.0,33774.72620625001,519.8303471940309,14.023742978135687,128.79228329809757,0.6902945831888109,473.0,0.3061,0.4453125,2.245614035087719,"X,Y",um,False,0.8731501057082452,0.9957716701902748,,1.1899595330960069
B2C8,B,B2,C,8,9.45799100204068,28.456688906250005,22.711115625000005,1285.0,36566.83599984375,474.5396378139588,14.988604344637862,143.33823529411754,0.5486087964188633,425.0,0.3062,0.4453125,2.245614035087719,"X,Y",um,False,0.8635294117647059,0.9952941176470588,,1.1899595330960069
B2C9,B,B2,C,9,8.386474309736712,26.287268906250002,19.59411515625,1280.0,33647.81282507813,440.85663497757577,13.526143670608038,117.60376447876493,0.6803247219537252,518.0,0.3139,0.4453125,2.245614035087719,"X,Y",um,False,0.88996138996139,1.0,,1.1899595330960069
B2C10,B,B2,C,10,8.000987163330253,33.714604921875,23.15640140625,1145.0,38603.250369609385,1012.8255143403628,12.617585769414449,109.96164259927784,0.7527151747507167,554.0,0.2424,0.4453125,2.245614035087719,"X,Y",um,False,0.8916967509025271,1.0,,1.1899595330960069
B2C11,B,B2,C,11,9.175406578103548,28.035285234375003,21.37525828125,1264.0,35436.187606875006,564.0984531190064,14.752595767932275,143.00176056337995,0.7674604220574968,426.0,0.3203,0.4453125,2.245614035087719,"X,Y",um,False,0.8990610328638498,1.0,,1.1899595330960069
B2C12,B,B2,C,12,9.677852181174309,28.741733437500002,21.820544062500005,1115.0,32046.914142656256,555.3822869312257,15.694796840632964,166.44467213114748,0.6580652425527738,366.0,0.3032,0.4453125,2.245614035087719,"X,Y",um,False,0.9153005464480874,1.0,,1.1899595330960069
B2C13,B,B2,C,13,7.722684941543341,28.519090546875002,22.265829843750005,1236.0,35249.60130867188,544.2416662373108,12.619410039053934,102.3844537815131,0.6684599569194756,595.0,0.2959,0.4453125,2.245614035087719,"X,Y",um,False,0.8941176470588236,0.9983193277310924,,1.1899595330960069
B2C14,B,B2,C,14,7.676278504542741,26.060774062500005,19.59411515625,1258.0,32784.35130867188,460.85408176574714,12.5312392001281,100.69214876033037,0.6598675971445886,605.0,0.2579,0.4453125,2.245614035087719,"X,Y",um,False,0.8776859504132232,0.996694214876033,,1.1899595330960069
B2C15,B,B2,C,15,8.553859606523407,33.700737890625,24.492258750000005,1181.0,39800.69548171876,852.5266361122743,14.122529787282026,127.7122641509436,0.7629896900122135,477.0,0.3173,0.4453125,2.245614035087719,"X,Y",um,False,0.8616352201257862,0.9958071278825996,,1.1899595330960069
B2C16,B,B2,C,16,11.570844831665658,27.408187265625003,20.0394009375,910.0,24941.50819101563,555.5549959303163,19.364553075631004,238.89705882352962,0.7681950133465181,255.0,0.3651,0.4453125,2.245614035087719,"X,Y",um,False,0.8823529411764706,0.992156862745098,,1.1899595330960069
B2C17,B,B2,C,17,11.223553149928302,27.136239375000002,20.48468671875,917.0,24883.617187500004,485.7063725833375,18.497257100570305,232.51431297709914,0.791898947867057,262.0,0.3273,0.4453125,2.245614035087719,"X,Y",um,False,0.8893129770992366,0.9885496183206108,,1.1899595330960069
B2C18,B,B2,C,18,8.431389415420142,26.335803515625006,20.9299725,1293.0,34051.71091078126,414.2808151793702,14.064340122579079,121.83750000000047,0.7534868097299608,500.0,0.3141,0.4453125,2.245614035087719,"X,Y",um,False,0.856,0.992,,1.1899595330960069
B2C19,B,B2,C,19,9.2476159471112,31.878764062500007,23.6016871875,1143.0,36437.250133593756,782.8394452317995,15.33083087135117,147.86104368932075,0.7930702351692975,412.0,0.2984,0.4453125,2.245614035087719,"X,Y",um,False,0.8543689320388349,0.9951456310679612,,1.1899595330960069
B2C20,B,B2,C,20,11.5709307268933,32.12374828125,21.820544062500005,1150.0,36942.23425476563,966.5501856149599,20.36528120414159,223.96599264705904,0.6602437826785403,272.0,0.274,0.4453125,2.245614035087719,"X,Y",um,False,0.9154411764705882,1.0,,1.1899595330960069
B2C21,B,B2,C,21,10.138711836061457,31.494339140625005,21.820544062500005,1079.0,33982.68776273438,861.3330145607484,17.074546250329036,182.39146706586772,0.7479370873660773,334.0,0.2926,0.4453125,2.245614035087719,"X,Y",um,False,0.8682634730538922,0.994011976047904,,1.1899595330960069
B2C22,B,B2,C,22,9.017447013588571,33.29243085937501,22.711115625000005,1142.0,38020.33584398438,962.0650931540407,15.183228619390595,140.36578341013833,0.6286533915092671,434.0,0.2671,0.4453125,2.245614035087719,"X,Y",um,False,0.8870967741935484,0.9976958525345622,,1.1899595330960069
B2C23,B,B2,C,23,8.65804569507491,28.381190625000006,20.0394009375,1288.0,36555.25779914063,630.2863578873231,13.496209309196486,123.56744421906676,0.736721518714723,493.0,0.2827,0.4453125,2.245614035087719,"X,Y",um,False,0.8681541582150101,0.995943204868154,,1.1899595330960069
B2C24,B,B2,C,24,8.188038821438504,32.333294531250004,22.265829843750005,1192.0,38540.90650828125,840.1283852840884,13.467822558940224,123.81859756097549,0.7863138590343843,492.0,0.2832,0.4453125,2.245614035087719,"X,Y",um,False,0.8780487804878049,1.0,,1.1899595330960069
B2C25,B,B2,C,25,10.577042351898463,31.395729140625004,20.9299725,893.0,28036.43003484375,1111.0749752594425,19.5844255223584,207.20663265306064,0.8283360659129398,294.0,0.2804,0.4453125,2.245614035087719,"X,Y",um,False,0.8741496598639455,0.9965986394557824,,1.1899595330960069
B2C26,B,B2,C,26,10.952264573932368,28.505993906250005,20.48468671875,1014.0,28904.78892445313,678.1973773395082,17.177397501413427,195.8802250803854,0.6974972248111995,311.0,0.324,0.4453125,2.245614035087719,"X,Y",um,False,0.9035369774919616,0.9967845659163987,,1.1899595330960069
B2C27,B,B2,C,27,11.593835969655276,29.303348203125005,21.820544062500005,877.0,25698.984757968752,627.4642572320802,18.926417769392085,227.30876865671686,0.7130899368009652,268.0,0.307,0.4453125,2.245614035087719,"X,Y",um,False,0.8805970149253732,0.996268656716418,,1.1899595330960069
B2C28,B,B2,C,28,11.621409614983161,28.764074765625008,20.48468671875,891.0,25629.070267968753,673.4926892440064,19.6659332121413,235.20752895752912,0.6759600240196836,259.0,0.3391,0.4453125,2.245614035087719,"X,Y",um,False,0.918918918918919,1.0,,1.1899595330960069
B2C29,B,B2,C,29,10.016579413677505,29.283318046875007,19.148058984375,1015.0,29722.828209609375,885.8078382875428,16.27961488378065,165.0914634146342,0.6734632967450759,369.0,0.3213,0.4453125,2.245614035087719,"X,Y",um,False,0.8672086720867208,0.994579945799458,,1.1899595330960069
B2C30,B,B2,C,30,9.913548080202307,28.579951406250004,21.37525828125,949.0,27122.202857812503,573.4015925030092,15.89219966516674,167.8202479338845,0.7150948512995451,363.0,0.3126,0.4453125,2.245614035087719,"X,Y",um,False,0.8677685950413223,0.9972451790633609,,1.1899595330960069
B2C31,B,B2,C,31,9.442510720247139,28.536039140625,22.711115625000005,1027.0,29306.905867031255,475.330775600171,15.585329974853758,157.00708762886686,0.754031603512118,388.0,0.3164,0.4453125,2.245614035087719,"X,Y",um,False,0.8711340206185567,0.9974226804123713,,1.1899595330960069
B2C32,B,B2,C,32,9.174039047347314,27.767189296875003,21.37525828125,1074.0,29821.687816171878,484.36209119866345,15.124961502782156,153.06218592964808,0.7020406621035694,398.0,0.3385,0.4453125,2.245614035087719,"X,Y",um,False,0.8819095477386935,0.9949748743718592,,1.1899595330960069
B2C33,B,B2,C,33,10.369085281937815,30.772483125000008,21.820544062500005,908.0,27941.132714531253,633.722139315967,17.454927122722825,205.80658783783693,0.8362858903259017,296.0,0.3243,0.4453125,2.245614035087719,"X,Y",um,False,0.8783783783783783,0.9966216216216216,,1.1899595330960069
B2C34,B,B2,C,34,8.463722536916464,31.246273359375003,22.265829843750005,1166.0,36433.24256156251,821.2395996997011,13.550981500075954,120.15532544378652,0.7425176752925279,507.0,0.2906,0.4453125,2.245614035087719,"X,Y",um,False,0.8757396449704141,0.9940828402366864,,1.1899595330960069
B2C35,B,B2,C,35,9.409848177511288,28.880403750000003,22.265829843750005,1046.0,30208.664271796883,513.20686805365,15.011847294848456,153.06218592964828,0.8440847085929709,398.0,0.3155,0.4453125,2.245614035087719,"X,Y",um,False,0.8919597989949749,1.0,,1.1899595330960069
B2C36,B,B2,C,36,10.70653997317508,26.563839140625007,19.148058984375,1030.0,27360.44538820313,479.8835272566102,17.67492628984059,202.38787375415308,0.7405378064525718,301.0,0.3277,0.4453125,2.245614035087719,"X,Y",um,False,0.8504983388704319,0.9867109634551496,,1.1899595330960069
B2C37,B,B2,C,37,9.406631987470181,28.807987031250004,22.711115625000005,857.0,24688.570459453127,524.0738844569092,15.811565662514944,167.8202479338839,0.900554010779617,363.0,0.3207,0.4453125,2.245614035087719,"X,Y",um,False,0.8898071625344353,0.9972451790633609,,1.1899595330960069
B2C38,B,B2,C,38,8.878878238110097,29.055282421875006,21.37525828125,1171.0,34024.1016515625,649.7027664964235,14.389460929240592,131.2904094827584,0.673005387566041,464.0,0.2887,0.4453125,2.245614035087719,"X,Y",um,False,0.8922413793103449,1.0,,1.1899595330960069
B2C39,B,B2,C,39,8.132517018598344,27.298791796875005,19.148058984375,1073.0,29291.765380078126,626.7781692494386,13.557390397864234,121.11083499005942,0.78238274744186,503.0,0.2949,0.4453125,2.245614035087719,"X,Y",um,False,0.8986083499005965,1.0,,1.1899595330960069
B2I1,B,B2,I,1,8.0721766011137,26.392812421875004,19.371472265625002,1314.0,34680.49218304688,496.7538135079835,13.233240939193534,111.36882998171808,0.676684609496457,547.0,0.2753,0.4453125,2.245614035087719,"X,Y",um,False,0.8848263254113345,0.9981718464351006,,1.1899595330960069
B2I2,B,B2,I,2,8.437260287710696,29.665431796875,22.711115625000005,1199.0,35568.890473593754,630.3747896428712,13.636725950440873,122.57293762575483,0.698366194925544,497.0,0.3136,0.4453125,2.245614035087719,"X,Y",um,False,0.8611670020120724,0.9979879275653925,,1.1899595330960069
B2I3,B,B2,I,3,8.937570861232253,25.232604140625003,19.59411515625,1174.0,29623.52331726563,374.2746450704407,15.2575647125681,151.91708229426428,0.8479532484767274,401.0,0.3463,0.4453125,2.245614035087719,"X,Y",um,False,0.8553615960099751,1.0,,1.1899595330960069
B2I4,B,B2,I,4,10.648936784783873,27.27953203125,20.9299725,1045.0,28507.124839687505,455.34104433429576,17.836667065125717,192.17271293375342,0.7320144812444331,317.0,0.3348,0.4453125,2.245614035087719,"X,Y",um,False,0.8548895899053628,0.996845425867508,,1.1899595330960069
B2I5,B,B2,I,5,9.635218400991521,26.428250390625003,19.59411515625,1208.0,31925.788706250005,449.8849830674928,14.955656300270139,143.67629716981133,0.6021604190578245,424.0,0.2842,0.4453125,2.245614035087719,"X,Y",um,False,0.9080188679245282,0.9952830188679244,,1.1899595330960069
B2I6,B,B2,I,6,9.563064064270883,27.116209218750004,20.9299725,1285.0,34843.92207984375,447.7080187765504,15.839385446551551,144.35722748815112,0.5941780558793173,422.0,0.3002,0.4453125,2.245614035087719,"X,Y",um,False,0.8672985781990522,0.9976303317535544,,1.1899595330960069
B2I7,B,B2,I,7,9.294311992920134,31.331786718750006,22.265829843750005,1251.0,39195.96118242188,728.2295719214175,15.028304930335283,142.66686182669804,0.665471197558275,427.0,0.2782,0.4453125,2.245614035087719,"X,Y",um,False,0.8641686182669789,1.0,,1.1899595330960069
B2I9,B,B2,I,9,9.25260253082487,29.076853359375004,21.37525828125,1256.0,36520.52319703125,591.2808316700318,15.90576689896164,155.0095419847321,0.7576952304739952,393.0,0.2891,0.4453125,2.245614035087719,"X,Y",um,False,0.8753180661577609,0.9974554707379136,,1.1899595330960069
B2I10,B,B2,I,10,8.363713097793758,29.617667578125005,20.0394009375,1224.0,36251.999692734375,690.1433798607973,13.686635681968506,121.35209163346593,0.753578237856548,502.0,0.2723,0.4453125,2.245614035087719,"X,Y",um,False,0.8745019920318725,0.9920318725099602,,1.1899595330960069
B2I11,B,B2,I,11,7.86509227428115,25.194084609375007,19.148058984375,1258.0,31693.780947187504,389.7525762982179,12.757902371029873,105.94565217391315,0.7244549715007849,575.0,0.2628,0.4453125,2.245614035087719,"X,Y",um,False,0.8643478260869565,1.0,,1.1899595330960069
B2I12,B,B2,I,12,7.693594654100347,26.683249687500005,20.0394009375,1236.0,32980.73466445313,524.3326512046876,12.698684315109178,106.13022648083609,0.7082400234532508,574.0,0.2067,0.4453125,2.245614035087719,"X,Y",um,False,0.8693379790940766,1.0,,1.1899595330960069
B2I13,B,B2,I,13,8.857469947226955,31.788628359375004,23.6016871875,1195.0,37987.383155390635,869.14290362959,14.217738502044277,132.43206521739106,0.7538027283319214,460.0,0.2386,0.4453125,2.245614035087719,"X,Y",um,False,0.8782608695652174,1.0,,1.1899595330960069
B2I15,B,B2,I,15,9.407338530046651,28.505223515625,21.820544062500005,1153.0,32866.73457093751,559.3652769411805,15.61504347713529,160.31249999999986,0.725347954270306,380.0,0.2902,0.4453125,2.245614035087719,"X,Y",um,False,0.8973684210526316,1.0,,1.1899595330960069
B2I16,B,B2,I,16,9.832126984147024,29.542939687500002,22.933758515625,1166.0,34447.14856664063,565.1726912233155,15.665789846939855,157.00708762886617,0.641907243462295,388.0,0.2729,0.4453125,2.245614035087719,"X,Y",um,False,0.8711340206185567,1.0,,1.1899595330960069
B2I17,B,B2,I,17,9.603988993308787,28.049152265625004,20.9299725,1210.0,33939.04667460938,522.39071359292,15.540866605020272,149.6775184275185,0.725349998592276,407.0,0.3023,0.4453125,2.245614035087719,"X,Y",um,False,0.8722358722358723,1.0,,1.1899595330960069
B2I18,B,B2,I,18,12.994091637498672,27.190166718750003,21.37525828125,1018.0,27679.734553125007,501.2525565083497,21.673125971613786,280.7315668202772,0.687237596461362,217.0,0.3136,0.4453125,2.245614035087719,"X,Y",um,False,0.8617511520737328,0.9861751152073732,,1.1899595330960069
B2I19,B,B2,I,19,10.753945180782422,26.02533609375,19.816758046875,1134.0,29512.64099460938,517.1720530121522,18.10071720839885,213.75000000000006,0.6358778192205643,285.0,0.3134,0.4453125,2.245614035087719,"X,Y",um,False,0.8631578947368421,1.0,,1.1899595330960069
B2I20,B,B2,I,20,12.589003753070157,28.781023359375006,20.9299725,937.0,26968.124732812503,641.9284875304872,21.863447327293766,267.18749999999983,0.7277863665106049,228.0,0.3082,0.4453125,2.245614035087719,"X,Y",um,False,0.8640350877192983,0.9912280701754386,,1.1899595330960069
B2I21,B,B2,I,21,13.51029623046844,30.96199921875,24.93754453125,979.0,30311.53145039063,705.6296201125855,23.079557824528532,306.1243718592967,0.6120970305852341,199.0,0.2926,0.4453125,2.245614035087719,"X,Y",um,False,0.914572864321608,0.9949748743718592,,1.1899595330960069
B2I22,B,B2,I,22,12.569086464494646,25.724113359375004,19.59411515625,1041.0,26778.867490312507,417.9617128163453,21.222517514502243,271.9587053571433,0.6946982238805398,224.0,0.3172,0.4453125,2.245614035087719,"X,Y",um,False,0.9017857142857144,1.0,,1.1899595330960069
B2I23,B,B2,I,23,12.075271426696963,23.263485703125003,18.257487421875005,1073.0,24961.546821562504,359.5492740173951,19.903120748588226,241.7410714285712,0.6151154665345971,252.0,0.3376,0.4453125,2.245614035087719,"X,Y",um,False,0.873015873015873,1.0,,1.1899595330960069
B2I24,B,B2,I,24,12.69152525943224,28.332656015625005,20.9299725,1029.0,29154.164369765633,508.8832080592347,21.86134822610319,275.6504524886877,0.6247369274880641,221.0,0.3012,0.4453125,2.245614035087719,"X,Y",um,False,0.8552036199095022,1.0,,1.1899595330960069
B2I25,B,B2,I,25,11.924560156250482,27.513730781250004,20.0394009375,1036.0,28504.453125000004,540.548898566034,19.97515619743874,232.51431297709885,0.6798120685513078,262.0,0.326,0.4453125,2.245614035087719,"X,Y",um,False,0.900763358778626,1.0,,1.1899595330960069
B2I26,B,B2,I,26,12.974014317374762,27.190166718750003,19.59411515625,929.0,25259.90601398438,588.8462876347413,21.688227084338926,288.714454976303,0.8165790112417608,211.0,0.2963,0.4453125,2.245614035087719,"X,Y",um,False,0.9004739336492891,0.995260663507109,,1.1899595330960069
B2I27,B,B2,I,27,12.35888681939445,27.209426484375005,20.9299725,1012.0,27535.89877148438,549.2799022966921,22.434759706320605,271.95870535714306,0.6733534480788457,224.0,0.328,0.4453125,2.245614035087719,"X,Y",um,False,0.8571428571428572,0.9955357142857144,,1.1899595330960069
B2I28,B,B2,I,28,13.044567847536426,25.887436171875006,20.48468671875,1038.0,26871.49232554688,459.9015115130311,20.272585790816485,274.4087837837834,0.6483067024367382,222.0,0.3298,0.4453125,2.245614035087719,"X,Y",um,False,0.8378378378378378,1.0,,1.1899595330960069
B2I29,B,B2,I,29,14.587948937446653,26.296513593750003,21.152615390625005,1026.0,26980.593505078126,424.8712597833985,24.14702329633346,342.24016853932585,0.6566049926146967,178.0,0.3362,0.4453125,2.245614035087719,"X,Y",um,False,0.8820224719101124,1.0,,1.1899595330960069
B2I30,B,B2,I,30,11.364205321137291,28.94665734375,22.265829843750005,1157.0,33491.062215000005,545.7556891125001,19.242409824666453,210.06465517241438,0.6168392098260074,290.0,0.2905,0.4453125,2.245614035087719,"X,Y",um,False,0.8448275862068966,1.0,,1.1899595330960069
B2I31,B,B2,I,31,10.683407803449054,28.192444921875,21.37525828125,1174.0,33097.85175843751,587.9898646598695,17.485236548507654,186.29587155963299,0.6501461081801557,327.0,0.2888,0.4453125,2.245614035087719,"X,Y",um,False,0.9051987767584098,0.9938837920489296,,1.1899595330960069
B2I32,B,B2,I,32,9.730002734410034,27.970572421875005,21.37525828125,1208.0,33788.531606250006,503.0211916193116,15.547864584954533,163.76008064516145,0.768960866252436,372.0,0.2876,0.4453125,2.245614035087719,"X,Y",um,False,0.8763440860215054,0.9946236559139784,,1.1899595330960069
B2I33,B,B2,I,33,11.487480846226875,27.041481328125002,19.148058984375,1186.0,32071.406401406253,541.6474702406617,19.298291025764517,218.346774193548,0.6112455799670741,279.0,0.3131,0.4453125,2.245614035087719,"X,Y",um,False,0.8494623655913979,1.0,,1.1899595330960069
B2I37,B,B2,I,37,10.590258095733379,28.127732109375007,20.9299725,1187.0,33387.74975062501,499.18182902440805,17.201591725699544,180.23298816568033,0.6071976971708012,338.0,0.2723,0.4453125,2.245614035087719,"X,Y",um,False,0.8461538461538461,1.0,,1.1899595330960069
B2I38,B,B2,I,38,12.11016537906803,29.654646328125004,21.820544062500005,1071.0,31760.133150937505,613.0570030983217,18.72744452645956,224.79243542435384,0.6615129087712932,271.0,0.2957,0.4453125,2.245614035087719,"X,Y",um,False,0.878228782287823,0.988929889298893,,1.1899595330960069
B2I39,B,B2,I,39,13.047534052390874,28.422791718750002,21.820544062500005,1043.0,29645.343861328132,544.8256719249574,22.1486746932915,287.3525943396225,0.6136094308654089,212.0,0.3017,0.4453125,2.245614035087719,"X,Y",um,False,0.8584905660377359,0.9952830188679244,,1.1899595330960069
B2I40,B,B2,I,40,15.225174047600657,25.126290234375006,19.148058984375,1002.0,25176.63295054688,415.366923317981,25.265074371951332,354.17877906976776,0.566004456285855,172.0,0.3451,0.4453125,2.245614035087719,"X,Y",um,False,0.8372093023255813,0.994186046511628,,1.1899595330960069
B2I41,B,B2,I,41,11.172988508335848,28.168562812500003,21.37525828125,1200.0,33802.33623585938,527.1304182896118,18.28426120641416,204.42533557046906,0.5962416933836895,298.0,0.2981,0.4453125,2.245614035087719,"X,Y",um,False,0.8355704697986577,0.9966442953020134,,1.1899595330960069
B2I43,B,B2,I,43,14.45526970065579,21.541662656250004,16.921630078125002,1010.0,21757.07774203125,266.92205484534304,25.12097369493573,358.3455882352955,0.6932913763323338,170.0,0.3849,0.4453125,2.245614035087719,"X,Y",um,False,0.9058823529411764,1.0,,1.1899595330960069
B2I44,B,B2,I,44,11.76815793944472,28.526794453125007,20.9299725,1059.0,30210.00012914063,600.2094714718141,20.104904733068505,243.67499999999976,0.6719742874603101,250.0,0.2923,0.4453125,2.245614035087719,"X,Y",um,False,0.892,0.996,,1.1899595330960069
B2I45,B,B2,I,45,12.058067431317186,31.102980703125002,23.6016871875,1125.0,34990.429576171875,689.7445467082582,19.440829731587396,228.16011235955017,0.5852411285954282,267.0,0.2862,0.4453125,2.245614035087719,"X,Y",um,False,0.8426966292134832,0.99250936329588,,1.1899595330960069
B2I46,B,B2,I,46,10.6618439448951,27.170136562500005,19.59411515625,1293.0,35131.14835734375,558.6239932990358,18.51108545902678,205.1136363636362,0.7781291277997332,297.0,0.3178,0.4453125,2.245614035087719,"X,Y",um,False,0.8653198653198653,1.0,,1.1899595330960069
B2I49,B,B2,I,49,10.814400129838068,27.56611734375,20.48468671875,1114.0,30708.304963593757,565.3008875937745,18.31855409192853,201.7177152317885,0.6646095910642702,302.0,0.3261,0.4453125,2.245614035087719,"X,Y",um,False,0.8443708609271523,1.0,,1.1899595330960069
B2I50,B,B2,I,50,13.216804167897273,25.287301875,20.48468671875,1202.0,30395.249799609377,343.0505198396668,21.172839345215934,262.5808189655167,0.5945292861959212,232.0,0.3397,0.4453125,2.245614035087719,"X,Y",um,False,0.8879310344827587,0.9956896551724138,,1.1899595330960069
B2S14,B,B2,S,14,10.008161979843237,28.930479140625003,18.702773203125002,912.0,26384.320406015628,831.2792747121279,16.214740885726627,172.0868644067799,0.7855512946310316,354.0,0.373,0.4453125,2.245614035087719,"X,Y",um,False,0.8926553672316384,0.9971751412429378,,1.1899595330960069
B2S15,B,B2,S,15,10.31660738167934,20.936135625000002,16.031058515625002,1094.0,22903.757963906253,269.8515793110169,17.313784839920697,184.60227272727215,0.836017012654194,330.0,0.3798,0.4453125,2.245614035087719,"X,Y",um,False,0.8939393939393939,1.0,,1.1899595330960069
B2S17,B,B2,S,17,10.820499758964862,23.389829765625002,16.921630078125002,1070.0,25027.45296914063,363.17616299829723,18.180190336339894,191.56839622641556,0.7599339027841702,318.0,0.3468,0.4453125,2.245614035087719,"X,Y",um,False,0.889937106918239,0.9968553459119496,,1.1899595330960069
B2S19,B,B2,S,19,11.826781479586796,18.220508671875002,14.695201171875002,1033.0,18822.023508750004,160.54874245014042,19.134946274150547,223.96599264705884,0.719387939536615,272.0,0.399,0.4453125,2.245614035087719,"X,Y",um,False,0.8933823529411765,1.0,,1.1899595330960069
B2S20,B,B2,S,20,8.968367584049775,28.875781406250002,20.48468671875,1271.0,36700.87472390625,659.5774480320558,14.805982888365941,136.28355704697975,0.8090565541440259,447.0,0.3367,0.4453125,2.245614035087719,"X,Y",um,False,0.8680089485458613,1.0,,1.1899595330960069
B2S21,B,B2,S,21,10.53500774764143,24.218770078125004,17.366915859375002,1085.0,26277.00036960938,460.06116347438973,16.789814522824138,181.84701492537292,0.8112184106602898,335.0,0.3848,0.4453125,2.245614035087719,"X,Y",um,False,0.8686567164179104,0.9970149253731344,,1.1899595330960069
B2S22,B,B2,S,22,10.32464212758582,23.018501484375005,17.366915859375002,920.0,21177.28098726563,364.9388630921082,17.446629534268105,199.7336065573768,1.0145560092304895,305.0,0.414,0.4453125,2.245614035087719,"X,Y",um,False,0.8786885245901639,1.0,,1.1899595330960069
B2S23,B,B2,S,23,10.030031308750178,25.265730937500003,19.148058984375,1054.0,26630.132794687506,395.02168452476815,16.301116422207027,169.2187500000002,0.814804286568871,360.0,0.3779,0.4453125,2.245614035087719,"X,Y",um,False,0.8611111111111112,1.0,,1.1899595330960069
B2S26,B,B2,S,26,11.54864359511225,23.177972343750003,16.476344296875002,899.0,20837.062620234377,396.90367846331185,19.092292091343886,226.46375464683948,0.8330823685598614,269.0,0.3975,0.4453125,2.245614035087719,"X,Y",um,False,0.8996282527881041,1.0,,1.1899595330960069
B2S27,B,B2,S,27,10.86292718782441,26.912055703125002,20.9299725,1040.0,27988.781374687504,465.3623207935548,17.45404057256511,197.7881493506491,0.9157220742419654,308.0,0.3851,0.4453125,2.245614035087719,"X,Y",um,False,0.8798701298701299,1.0,,1.1899595330960069
B3C1,B,B3,C,1,11.576344738424178,26.818068046875002,20.0394009375,1093.0,29311.804781015628,517.4937309417298,19.39120749335962,243.67499999999995,0.7147444486268084,250.0,0.3359,0.4453125,2.245614035087719,"X,Y",um,False,0.896,0.996,,1.6323500553406134
B3C2,B,B3,C,2,13.860704427301341,27.885829453125005,21.37525828125,857.0,23898.14043351563,580.3675221329958,24.296344880399214,324.03590425532,0.6304632453941094,188.0,0.333,0.4453125,2.245614035087719,"X,Y",um,False,0.898936170212766,0.9893617021276596,,1.6323500553406134
B3C3,B,B3,C,3,12.168518231276533,25.131682968750003,20.48468671875,815.0,20482.593567421878,365.0326363630921,22.062236456750657,282.0312500000009,0.7212277286345826,216.0,0.3436,0.4453125,2.245614035087719,"X,Y",um,False,0.8888888888888888,1.0,,1.6323500553406134
B3C4,B,B3,C,4,9.7048762138187,29.292562734375007,20.9299725,1086.0,31811.344097343754,699.9800772866639,15.838086525353251,163.32104557640776,0.6963633443709359,373.0,0.3253,0.4453125,2.245614035087719,"X,Y",um,False,0.906166219839142,0.9973190348525468,,1.6323500553406134
B3C5,B,B3,C,5,9.17822337878439,33.152219765625006,24.492258750000005,1087.0,36036.46904835938,802.2243982500001,15.493375803448973,157.412790697674,0.7513083318489281,387.0,0.2519,0.4453125,2.245614035087719,"X,Y",um,False,0.8423772609819121,0.9974160206718348,,1.6323500553406134
B3C6,B,B3,C,6,11.449754084507083,25.377437578125004,19.148058984375,1087.0,27585.327804375003,438.5520678178895,19.195813250975206,230.75284090909057,0.7242780079352338,264.0,0.3412,0.4453125,2.245614035087719,"X,Y",um,False,0.8484848484848484,0.9962121212121212,,1.6323500553406134
B3C7,B,B3,C,7,11.775867964107965,28.667775937500007,19.59411515625,899.0,25772.460763828127,651.4340109993349,20.087669843888083,241.74107142857173,0.7135447810999379,252.0,0.3097,0.4453125,2.245614035087719,"X,Y",um,False,0.8809523809523809,1.0,,1.6323500553406134
B3C8,B,B3,C,8,10.731305646581305,24.412908515625002,17.589558750000002,1020.0,24901.429389140627,406.6139600238648,17.945239889115637,213.7499999999998,0.8279853189460725,285.0,0.3321,0.4453125,2.245614035087719,"X,Y",um,False,0.8842105263157894,0.9894736842105264,,1.6323500553406134
B3C9,B,B3,C,9,9.422055751079629,29.249420859375004,20.48468671875,1159.0,33899.8592146875,796.395617906122,15.2404344307391,154.61611675126878,0.7064504439570801,394.0,0.2751,0.4453125,2.245614035087719,"X,Y",um,False,0.868020304568528,0.9949238578680204,,1.6323500553406134
B3C10,B,B3,C,10,15.189772522682683,24.855883125000005,16.476344296875002,780.0,19387.570348125002,569.207315882483,25.92677778431108,371.4557926829264,0.6509408638063193,164.0,0.3283,0.4453125,2.245614035087719,"X,Y",um,False,0.902439024390244,1.0,,1.6323500553406134
B3C11,B,B3,C,11,9.105061140846736,27.659334609375,21.820544062500005,1134.0,31365.58606664063,468.74053255583505,15.352323722532425,146.79216867469896,0.7048880188420167,415.0,0.2936,0.4453125,2.245614035087719,"X,Y",um,False,0.8530120481927711,1.0,,1.6323500553406134
B3C12,B,B3,C,12,9.307382824580367,28.455148125000004,21.37525828125,1197.0,34060.61739679688,585.0882347748047,15.351966051838819,155.0095419847326,0.8238191689371899,393.0,0.3082,0.4453125,2.245614035087719,"X,Y",um,False,0.8804071246819339,0.9974554707379136,,1.6323500553406134
B3C13,B,B3,C,13,8.554897287967737,26.744880937500003,19.59411515625,1299.0,34741.945472812506,496.7739925662965,13.854614128270361,130.7269313304723,0.8002219036059831,466.0,0.3013,0.4453125,2.245614035087719,"X,Y",um,False,0.8798283261802575,1.0,,1.6323500553406134
B3C14,B,B3,C,14,13.024565382773549,26.553053671875002,18.702773203125002,967.0,25677.16421390625,541.3596219088441,20.655136045189554,269.5519911504425,0.7181716326971533,226.0,0.3145,0.4453125,2.245614035087719,"X,Y",um,False,0.8805309734513275,1.0,,1.6323500553406134
B3C15,B,B3,C,15,13.396043806807924,27.553020703125004,18.702773203125002,870.0,23971.171923984377,644.627733330707,22.94510559817981,300.0923645320192,0.7801400727962624,203.0,0.331,0.4453125,2.245614035087719,"X,Y",um,False,0.8719211822660099,1.0,,1.6323500553406134
B3C16,B,B3,C,16,13.074363135143592,32.37412523437501,20.9299725,801.0,25931.883088593757,1065.9967394933717,22.383689367356975,304.59374999999994,0.8144338255298696,200.0,0.3001,0.4453125,2.245614035087719,"X,Y",um,False,0.88,0.995,,1.6323500553406134
B3C17,B,B3,C,17,9.708764433858532,24.907499296875006,17.812201640625002,1093.0,27223.734179062503,463.9675917630982,15.359876024935158,156.20192307692312,0.6658996011637315,390.0,0.3347,0.4453125,2.245614035087719,"X,Y",um,False,0.8871794871794871,1.0,,1.6323500553406134
B3C18,B,B3,C,18,12.41316391976523,57.43262109375001,37.406316796875004,651.0,37388.437571250004,3822.6442450912546,21.669420167016145,301.5779702970293,0.7186166448347586,202.0,0.1564,0.4453125,2.245614035087719,"X,Y",um,False,0.8861386138613861,1.0,,1.6323500553406134
B3C19,B,B3,C,19,9.0927260890277,27.821116640625004,19.59411515625,1205.0,33524.01567398438,559.2442025913026,15.192384207238598,152.2968749999999,0.8750417066253549,400.0,0.2875,0.4453125,2.245614035087719,"X,Y",um,False,0.8875000000000001,0.9975,,1.6323500553406134
B3C20,B,B3,C,20,9.12763615526248,26.486800078125004,18.702773203125002,1190.0,31519.21890585938,571.0080000860597,14.89820758831963,144.35722748815166,0.7901657231962841,422.0,0.31,0.4453125,2.245614035087719,"X,Y",um,False,0.8815165876777251,0.9976303317535544,,1.6323500553406134
B3C21,B,B3,C,21,8.417492798403071,27.257190703125005,19.59411515625,1154.0,31454.648615625007,536.7771951666505,13.198028772533664,119.44852941176478,0.7892762220344668,510.0,0.2367,0.4453125,2.245614035087719,"X,Y",um,False,0.9058823529411764,1.0,,1.6323500553406134
B3C22,B,B3,C,22,11.748257143300346,34.205343750000004,24.492258750000005,1134.0,38788.945325859386,973.1517051918826,19.68689010850428,219.13219424460377,0.6605812346784239,278.0,0.2477,0.4453125,2.245614035087719,"X,Y",um,False,0.9028776978417268,1.0,,1.6323500553406134
B3C23,B,B3,C,23,10.75095781949362,29.956639453125003,20.0394009375,1124.0,33670.96845609375,770.3082500194338,17.61211776002085,196.51209677419325,0.734728426768055,310.0,0.2729,0.4453125,2.245614035087719,"X,Y",um,False,0.8774193548387097,0.9967741935483873,,1.6323500553406134
B3C24,B,B3,C,24,9.704598232595604,31.593719531250002,22.265829843750005,1106.0,34942.335630234375,1005.2737985175844,16.043042485167657,160.73548812664916,0.7374259125583497,379.0,0.228,0.4453125,2.245614035087719,"X,Y",um,False,0.8733509234828496,0.9947229551451188,,1.6323500553406134
B3C25,B,B3,C,25,8.995678576109805,30.324886171875004,20.0394009375,1100.0,33357.0234909375,841.5658464380313,15.005681732229174,146.08812949640281,0.7119975430132136,417.0,0.2591,0.4453125,2.245614035087719,"X,Y",um,False,0.8561151079136691,0.9976019184652278,,1.6323500553406134
B3C26,B,B3,C,26,12.289664944010726,31.020548906250003,20.9299725,952.0,29531.3437678125,897.3935852677736,19.780541481671822,248.64795918367358,0.7044436224155478,245.0,0.2942,0.4453125,2.245614035087719,"X,Y",um,False,0.8775510204081632,1.0,,1.6323500553406134
B3C27,B,B3,C,27,13.240982308518907,25.246471171875005,17.812201640625002,952.0,24034.851642656253,455.77073957601937,21.939183662227205,262.5808189655177,0.5670849626073952,232.0,0.3225,0.4453125,2.245614035087719,"X,Y",um,False,0.8922413793103449,1.0,,1.6323500553406134
B3C28,B,B3,C,28,10.997098066594411,26.71098375,18.702773203125002,1017.0,27165.398660156254,585.143430434308,17.96716096445683,207.20663265306132,0.6956839236543547,294.0,0.2983,0.4453125,2.245614035087719,"X,Y",um,False,0.8537414965986394,1.0,,1.6323500553406134
B3C29,B,B3,C,29,13.132922204314474,32.696148515625005,22.711115625000005,937.0,30636.609330468753,982.6904647567751,22.088639049482158,283.3430232558144,0.7322030760263053,215.0,0.2723,0.4453125,2.245614035087719,"X,Y",um,False,0.9023255813953488,1.0,,1.6323500553406134
B3C30,B,B3,C,30,11.30569979272357,29.150040468750007,19.148058984375,938.0,27342.633186562507,738.2650924218385,19.818389463758017,232.51431297709982,0.6178205728342074,262.0,0.2786,0.4453125,2.245614035087719,"X,Y",um,False,0.8854961832061069,1.0,,1.6323500553406134
B3C31,B,B3,C,31,11.773374838664893,32.63991000000001,21.597901171875,874.0,28527.164240625007,1123.550974812305,19.799556971826412,230.752840909091,0.7112462789986006,264.0,0.298,0.4453125,2.245614035087719,"X,Y",um,False,0.8333333333333334,1.0,,1.6323500553406134
B3C32,B,B3,C,32,11.24565317717722,26.90358140625,21.37525828125,993.0,26715.18777164063,458.840923948169,18.848834848426087,237.03793774319172,0.7747248691724261,257.0,0.3042,0.4453125,2.245614035087719,"X,Y",um,False,0.8521400778210118,0.9883268482490272,,1.6323500553406134
B3C34,B,B3,C,34,10.93657180124365,26.056151718750005,18.257487421875005,962.0,25066.195143281253,487.35215283927624,18.442901463222377,210.06465517241355,0.7014608526847672,290.0,0.3186,0.4453125,2.245614035087719,"X,Y",um,False,0.8862068965517241,1.0,,1.6323500553406134
B3C35,B,B3,C,35,10.318475608468539,29.864192578125003,20.9299725,1105.0,32999.882723437506,718.5786405323731,16.994626560111538,174.05357142857113,0.7374409364292444,350.0,0.2699,0.4453125,2.245614035087719,"X,Y",um,False,0.8714285714285714,1.0,,1.6323500553406134
B3C36,B,B3,C,36,9.769947937792464,31.5397921875,20.0394009375,1075.0,33905.64870023438,800.8510352812867,16.419457705968902,172.08686440677948,0.7371482360424975,354.0,0.2552,0.4453125,2.245614035087719,"X,Y",um,False,0.867231638418079,1.0,,1.6323500553406134
B3C37,B,B3,C,37,9.77730723588367,34.43029781250001,23.6016871875,1020.0,35119.12487085938,1018.0981835772036,16.86520368735995,179.70132743362814,0.8055845322068115,339.0,0.2392,0.4453125,2.245614035087719,"X,Y",um,False,0.911504424778761,1.0,,1.6323500553406134
B3C38,B,B3,C,38,10.737396606196883,28.556069296875005,19.148058984375,1026.0,29298.890722968754,635.8777375451662,17.270350297230774,198.43241042345235,0.8170951565541972,307.0,0.298,0.4453125,2.245614035087719,"X,Y",um,False,0.9055374592833876,0.996742671009772,,1.6323500553406134
B3C39,B,B3,C,39,7.855175568747059,28.775630625,20.707329609375005,1204.0,34645.757580937505,597.582632880835,12.783304898185113,114.08005617977446,0.7808839579680171,534.0,0.2495,0.4453125,2.245614035087719,"X,Y",um,False,0.8745318352059924,0.99812734082397,,1.6323500553406134
B3C40,B,B3,C,40,9.124827806981754,32.549774296875,24.492258750000005,1116.0,36325.92175476563,781.3479754217836,15.005912524990848,162.01795212765933,0.8526999240742619,376.0,0.2498,0.4453125,2.245614035087719,"X,Y",um,False,0.8643617021276596,1.0,,1.6323500553406134
B3C41,B,B3,C,41,9.587396201032563,29.559888281250004,22.265829843750005,1136.0,33580.12476398438,605.2459270260499,16.82284798325314,168.7499999999997,0.7315774793368036,361.0,0.2853,0.4453125,2.245614035087719,"X,Y",um,False,0.8753462603878116,1.0,,1.6323500553406134
B3C42,B,B3,C,42,9.038125613474307,25.864324453125004,19.59411515625,1101.0,28476.398580000005,438.9307219121156,15.277279455285912,147.50302663438234,0.6876738845081547,413.0,0.3103,0.4453125,2.245614035087719,"X,Y",um,False,0.8571428571428571,0.9951573849878934,,1.6323500553406134
B3S1,B,B3,S,1,13.219630234600013,28.478259843750006,19.59411515625,880.0,25060.851713906253,713.3682889756166,23.090585959499204,318.946335078534,0.7853533343855466,191.0,0.3332,0.4453125,2.245614035087719,"X,Y",um,False,0.9109947643979056,1.0,,1.6323500553406134
B3S2,B,B3,S,2,11.082788968478633,30.32103421875,20.0394009375,886.0,26864.36698265625,907.2558032673891,18.276685838319352,219.132194244605,0.7787722467591276,278.0,0.3082,0.4453125,2.245614035087719,"X,Y",um,False,0.9172661870503596,0.9964028776978416,,1.6323500553406134
B3S3,B,B3,S,3,11.417164434352863,27.876584765625005,19.148058984375,822.0,22914.44559304688,729.2385248370667,18.549266087719374,221.52272727272705,0.7250900620766746,275.0,0.3477,0.4453125,2.245614035087719,"X,Y",um,False,0.8763636363636363,1.0,,1.6323500553406134
B3S4,B,B3,S,4,13.794955603240153,27.375060468750004,17.812201640625002,782.0,21407.062317421878,925.6798770088625,23.698107574560947,320.6249999999997,0.6496444449716908,190.0,0.3225,0.4453125,2.245614035087719,"X,Y",um,False,0.8842105263157894,1.0,,1.6323500553406134
B3S5,B,B3,S,5,13.093056922776311,25.211033203125005,16.921630078125002,752.0,18958.734717890628,565.8937958071473,21.085406331187475,297.1646341463411,0.6945991643609515,205.0,0.332,0.4453125,2.245614035087719,"X,Y",um,False,0.8536585365853658,1.0,,1.6323500553406134
B3S6,B,B3,S,6,15.279042065770405,23.869783125000005,17.366915859375002,750.0,17902.452902343754,423.63796321944585,25.68411760134024,393.02419354838696,0.6504712538927188,155.0,0.3396,0.4453125,2.245614035087719,"X,Y",um,False,0.896774193548387,1.0,,1.6323500553406134
B3S7,B,B3,S,7,13.992585590050364,30.235520859375004,21.37525828125,826.0,24974.460879609378,708.6950564710145,22.756878091915887,307.6704545454547,0.5879613435057572,198.0,0.2848,0.4453125,2.245614035087719,"X,Y",um,False,0.8686868686868687,1.0,,1.6323500553406134
B3S8,B,B3,S,8,15.793915013184483,25.419809062500004,20.0394009375,773.0,19649.413795312503,410.8503752661622,24.902757586135333,380.74218749999966,0.6379132096602677,160.0,0.3368,0.4453125,2.245614035087719,"X,Y",um,False,0.875,0.99375,,1.6323500553406134
B3S9,B,B3,S,9,12.31242753290024,27.814183125000003,19.148058984375,882.0,24532.26590554688,643.7036511603151,20.592664589368088,273.1782511210766,0.6736651231737195,223.0,0.2959,0.4453125,2.245614035087719,"X,Y",um,False,0.8654708520179372,0.9910313901345292,,1.6323500553406134
B3S10,B,B3,S,10,10.566225657784706,31.040579062500004,21.820544062500005,1094.0,33958.19550398438,819.6680071581483,16.935662154887577,195.8802250803861,0.654425568405785,311.0,0.2748,0.4453125,2.245614035087719,"X,Y",um,False,0.919614147909968,0.9967845659163987,,1.6323500553406134
B3S11,B,B3,S,11,10.17470117388957,27.288006328125004,18.702773203125002,1071.0,29225.413946718756,627.0897576498597,16.008028041660666,169.69011142061245,0.7213874061805435,359.0,0.3223,0.4453125,2.245614035087719,"X,Y",um,False,0.8941504178272981,1.0,,1.6323500553406134
B3S12,B,B3,S,12,10.811855258186634,30.396532500000006,19.59411515625,899.0,27326.60135765625,936.9516615818117,17.53787095773678,201.71771523178813,0.7159635316416462,302.0,0.2974,0.4453125,2.245614035087719,"X,Y",um,False,0.8774834437086093,1.0,,1.6323500553406134
B3S13,B,B3,S,13,10.666150181034709,33.19382085937501,22.265829843750005,1050.0,34853.71836703126,962.5119999455019,16.678208590895053,180.76780415430332,0.7605009698658678,337.0,0.2649,0.4453125,2.245614035087719,"X,Y",um,False,0.9050445103857568,1.0,,1.6323500553406134
B3S14,B,B3,S,14,11.834263385712005,28.999814296875005,18.702773203125002,927.0,26882.625240468755,810.252102448279,20.042357009695447,268.3645374449335,0.9969790585564856,227.0,0.2982,0.4453125,2.245614035087719,"X,Y",um,False,0.8986784140969162,0.9955947136563876,,1.6323500553406134
B3S15,B,B3,S,15,10.095405861505911,28.081508671875003,20.9299725,1108.0,31114.42947820313,562.6734555010804,18.28056445850214,204.42533557046931,0.9387638413681292,298.0,0.2955,0.4453125,2.245614035087719,"X,Y",um,False,0.8825503355704698,1.0,,1.6323500553406134
B3S16,B,B3,S,16,10.635912504890438,32.27166328125001,21.820544062500005,999.0,32239.734441796878,892.1589001406984,19.06535345953202,215.26060070671286,0.6646509656686953,283.0,0.2766,0.4453125,2.245614035087719,"X,Y",um,False,0.8763250883392226,1.0,,1.6323500553406134
B3S17,B,B3,S,17,10.079205517590633,31.657661953125007,23.6016871875,993.0,31436.390357812503,763.3630929494752,16.59825308271704,181.84701492537366,0.7340952711009996,335.0,0.2833,0.4453125,2.245614035087719,"X,Y",um,False,0.9104477611940298,0.9970149253731344,,1.6323500553406134
B3S18,B,B3,S,18,9.602894756754392,29.811806015625006,20.9299725,1087.0,32405.39076750001,697.4962726090212,15.753416426579854,149.67751842751863,0.6982666376892508,407.0,0.2779,0.4453125,2.245614035087719,"X,Y",um,False,0.8869778869778869,1.0,,1.6323500553406134
B3S19,B,B3,S,19,12.586047029393837,32.710015546875006,24.04697296875,906.0,29635.546803750003,742.1460001367982,22.885784375224574,320.62499999999943,0.7951822987434138,190.0,0.2757,0.4453125,2.245614035087719,"X,Y",um,False,0.8894736842105263,0.9947368421052633,,1.6323500553406134
B3S20,B,B3,S,20,13.565980993618203,26.289580078125002,18.257487421875005,946.0,24870.25784367188,587.4610546317261,21.17507871945599,287.3525943396227,0.6183822063670397,212.0,0.3082,0.4453125,2.245614035087719,"X,Y",um,False,0.9056603773584906,1.0,,1.6323500553406134
B3S21,B,B3,S,21,11.338968245837867,26.831164687500006,17.812201640625002,968.0,25972.406405859376,644.580846695215,18.496494037095918,208.62585616438346,0.6815635467230597,292.0,0.3214,0.4453125,2.245614035087719,"X,Y",um,False,0.9006849315068494,0.9965753424657534,,1.6323500553406134
B3S22,B,B3,S,22,13.200160943024635,29.904252890625003,22.265829843750005,898.0,26854.12463929688,713.3362398830019,22.274557535515367,300.0923645320192,0.8362212110307436,203.0,0.3037,0.4453125,2.245614035087719,"X,Y",um,False,0.8719211822660099,1.0,,1.6323500553406134
B3S23,B,B3,S,23,13.12240450533195,25.038465703125002,19.148058984375,943.0,23611.359441796878,397.70075126667484,21.635225587163806,286.00352112676006,0.6503980281404486,213.0,0.3447,0.4453125,2.245614035087719,"X,Y",um,False,0.892018779342723,1.0,,1.6323500553406134
C1C3,C,C1,C,3,6.331888597946931,20.727359765625003,15.140486953125,1535.0,31816.687526718753,291.9844452700745,9.748065099005455,64.87619808306694,0.7031811811136511,939.0,0.3629,0.4453125,2.245614035087719,"X,Y",um,False,0.8828541001064962,0.9978700745473909,,2.808115240128843
C1C4,C,C1,C,4,6.358908278789822,20.258191875,15.140486953125,1517.0,30731.460594609376,261.1609336969849,9.855522426275225,65.15374331550821,0.828759402084966,935.0,0.3417,0.4453125,2.245614035087719,"X,Y",um,False,0.8577540106951872,0.9989304812834224,,2.808115240128843
C1C5,C,C1,C,5,8.396997468950966,24.581624062500005,18.257487421875005,1442.0,35446.87523601563,409.7672346361268,12.580731960981115,103.60331632653029,0.5980857810044962,588.0,0.3626,0.4453125,2.245614035087719,"X,Y",um,False,0.9098639455782314,0.9982993197278912,,2.808115240128843
C1C7,C,C1,C,7,9.641559564488743,25.804233984375003,19.59411515625,1323.0,34138.99231664063,404.008487494629,14.855020660780442,140.68995381062365,0.6349030536373055,433.0,0.317,0.4453125,2.245614035087719,"X,Y",um,False,0.9122401847575058,0.9976905311778292,,2.808115240128843
C1C8,C,C1,C,8,10.242041218635377,24.592409531250002,18.257487421875005,1342.0,33002.55443812501,389.2759944210023,15.470072102719142,156.60347043701788,0.5792586322219819,389.0,0.3052,0.4453125,2.245614035087719,"X,Y",um,False,0.8868894601542415,0.9974293059125964,,2.808115240128843
C1C9,C,C1,C,9,10.818812273983932,26.882780859375007,20.0394009375,1202.0,32312.765932265633,482.9727036836427,17.350744028101172,193.39285714285705,0.6999314845795942,315.0,0.2991,0.4453125,2.245614035087719,"X,Y",um,False,0.8634920634920635,1.0,,2.808115240128843
C1C10,C,C1,C,10,11.458359207895805,26.955197578125002,20.0394009375,1063.0,28653.187820625004,494.97568236958017,18.837470276316107,220.72010869565216,0.6832572456459302,276.0,0.2999,0.4453125,2.245614035087719,"X,Y",um,False,0.9094202898550724,1.0,,2.808115240128843
C1C12,C,C1,C,12,9.671781164091549,22.442249296875005,16.476344296875002,1281.0,28748.484370546877,389.1905301740296,15.564950162532039,155.80242966751916,0.7833744451983802,391.0,0.3508,0.4453125,2.245614035087719,"X,Y",um,False,0.8951406649616368,0.9974424552429668,,2.808115240128843
C1C13,C,C1,C,13,10.10703075445931,24.779614453125003,16.921630078125002,1115.0,27628.968892500005,604.4073091026307,16.102053641388697,160.31249999999991,0.5808450348730931,380.0,0.2882,0.4453125,2.245614035087719,"X,Y",um,False,0.881578947368421,1.0,,2.808115240128843
C1C14,C,C1,C,14,8.412147910219884,21.189594140625,15.585772734375004,1488.0,31530.351820781252,324.20031186676033,13.276602311709107,125.34722222222258,0.8213843913035527,486.0,0.3411,0.4453125,2.245614035087719,"X,Y",um,False,0.8497942386831275,1.0,,2.808115240128843
C1C19,C,C1,C,19,9.19241424448077,21.845196562500004,14.695201171875002,1364.0,29797.19555742188,460.2261569511842,14.854624771022943,138.13775510204115,0.760860865090128,441.0,0.2994,0.4453125,2.245614035087719,"X,Y",um,False,0.8594104308390023,0.9931972789115646,,2.808115240128843
C1C20,C,C1,C,20,9.568575736506713,25.838131171875006,15.808415625000002,1252.0,32349.726192890626,768.2381160372072,15.148740544239878,154.224683544304,0.8855086384726798,395.0,0.2315,0.4453125,2.245614035087719,"X,Y",um,False,0.8886075949367088,1.0,,2.808115240128843
C1I4,C,C1,I,4,8.98640168973408,23.003864062500003,17.366915859375002,1368.0,31468.898531015628,344.3069629705079,13.871209445816188,131.8587662337668,0.7370769581107148,462.0,0.3412,0.4453125,2.245614035087719,"X,Y",um,False,0.8874458874458875,1.0,,2.808115240128843
C1I6,C,C1,I,6,9.984089786121064,26.570772656250004,19.371472265625002,1226.0,32575.945236796877,475.0690413438172,16.11246371710645,165.09146341463455,0.7226479553607791,369.0,0.3131,0.4453125,2.245614035087719,"X,Y",um,False,0.9024390243902438,0.997289972899729,,2.808115240128843
C1I7,C,C1,I,7,16.79576000958778,28.911219375,20.9299725,896.0,25904.27305898438,649.9918018316713,27.848274840464214,495.27439024390236,0.7344619026937153,123.0,0.3374,0.4453125,2.245614035087719,"X,Y",um,False,0.9105691056910568,1.0,,2.808115240128843
C1I8,C,C1,I,8,13.710908457942804,26.747192109375003,18.257487421875005,960.0,25677.609499687504,681.5601580571962,22.55290816186675,306.1243718592966,0.6424732744345043,199.0,0.3451,0.4453125,2.245614035087719,"X,Y",um,False,0.9045226130653266,0.9949748743718592,,2.808115240128843
C1I9,C,C1,I,9,11.640509225971234,23.979178593750003,18.257487421875005,1088.0,26089.0782140625,389.82379650402845,19.88720934842514,254.89016736401635,0.8049961017812943,239.0,0.3523,0.4453125,2.245614035087719,"X,Y",um,False,0.899581589958159,1.0,,2.808115240128843
C1I10,C,C1,I,10,9.545971114346269,23.776565859375005,18.702773203125002,1220.0,29007.656103046877,328.49963829085704,16.0999707608945,171.12008426966307,0.8481466260843985,356.0,0.3298,0.4453125,2.245614035087719,"X,Y",um,False,0.898876404494382,0.99438202247191,,2.808115240128843
C1I12,C,C1,I,12,8.218370186226894,22.725753046875003,16.921630078125002,1276.0,28998.304331250005,345.0595231452393,12.289566684862987,111.77752293577976,0.9024679255587836,545.0,0.3256,0.4453125,2.245614035087719,"X,Y",um,False,0.8954128440366973,0.998165137614679,,2.808115240128843
C1I13,C,C1,I,13,8.44226983910165,24.296579531250003,17.812201640625002,1159.0,28159.33584398438,389.17509912943734,13.995275126723193,134.1822687224672,1.0278146073429644,454.0,0.3278,0.4453125,2.245614035087719,"X,Y",um,False,0.8942731277533039,1.0,,2.808115240128843
C1I16,C,C1,I,16,9.888764692420443,21.914531718750005,16.253701406250002,1276.0,27962.507972812502,365.54364133978277,16.16971156770798,169.21875000000045,0.837514944716664,360.0,0.3348,0.4453125,2.245614035087719,"X,Y",um,False,0.8694444444444445,0.9972222222222222,,2.808115240128843
C1I17,C,C1,I,17,8.476866563223375,25.053873515625003,19.148058984375,1214.0,30415.289200546882,443.61404394587413,14.66244996777149,137.51410835214435,0.9686952997943288,443.0,0.317,0.4453125,2.245614035087719,"X,Y",um,False,0.871331828442438,0.9977426636568848,,2.808115240128843
C1I18,C,C1,I,18,8.837539414638657,24.909040078125003,18.257487421875005,1243.0,30962.13249632813,404.58774516855476,13.90663144790787,136.58912556053795,0.8361335829895051,446.0,0.3264,0.4453125,2.245614035087719,"X,Y",um,False,0.8834080717488789,0.9955156950672646,,2.808115240128843
C1I19,C,C1,I,19,9.043407641714778,26.832705468750003,20.0394009375,1217.0,32655.21072820313,563.7987347528871,13.963753097957222,142.00174825174818,0.8288627932037516,429.0,0.3207,0.4453125,2.245614035087719,"X,Y",um,False,0.9067599067599068,1.0,,2.808115240128843
C1I20,C,C1,I,20,13.482543496159998,24.98684953125,18.257487421875005,1172.0,29284.640807578126,501.025245351471,22.566996130730015,334.7184065934067,1.06925155008469,182.0,0.3374,0.4453125,2.245614035087719,"X,Y",um,False,0.8956043956043956,0.989010989010989,,2.808115240128843
C1I21,C,C1,I,21,10.941161567017732,23.5523821875,16.921630078125002,1395.0,32855.60165601563,446.6414961945374,18.130233181819833,203.74163879598584,0.7045529574461108,299.0,0.3322,0.4453125,2.245614035087719,"X,Y",um,False,0.8561872909698997,1.0,,2.808115240128843
C1I22,C,C1,I,22,11.411038240173541,19.690413984375002,14.695201171875002,1726.0,33985.80476320313,234.96139398614505,18.76154791372241,227.30876865671556,0.8557339633171958,268.0,0.3217,0.4453125,2.245614035087719,"X,Y",um,False,0.8507462686567164,1.0,,2.808115240128843
C1S1,C,C1,S,1,6.43689059435359,19.691954765625002,14.695201171875002,1590.0,31310.81283398438,232.96604122001958,9.293294570458865,62.673611111111086,0.7022960039738694,972.0,0.3056,0.4453125,2.245614035087719,"X,Y",um,False,0.8765432098765432,0.9958847736625516,,2.808115240128843
C1S2,C,C1,S,2,6.980812406041327,19.358375625000004,14.249915390625002,1611.0,31186.125111328132,232.61884271669314,10.444916995553985,72.17861374407568,0.7141390154434805,844.0,0.2511,0.4453125,2.245614035087719,"X,Y",um,False,0.8755924170616113,0.9988151658767772,,2.808115240128843
C1S3,C,C1,S,3,7.0318567375612036,20.42613703125,15.140486953125,1571.0,32089.663888828127,275.88511774660043,10.41806519766603,76.91761363636361,0.7713245423567114,792.0,0.3145,0.4453125,2.245614035087719,"X,Y",um,False,0.8674242424242424,0.9974747474747476,,2.808115240128843
C1S5,C,C1,S,5,7.115753634770398,18.976261875000002,14.249915390625002,1629.0,30912.258177656255,225.79832100690314,10.748391510607957,76.43506900878302,0.6430092735199654,797.0,0.3442,0.4453125,2.245614035087719,"X,Y",um,False,0.8820577164366374,1.0,,2.808115240128843
C1S6,C,C1,S,6,7.104834713959833,21.453067734375004,16.476344296875002,1522.0,32651.20315617188,278.66626678350224,10.294986962081795,76.14843749999984,0.8041494009680257,800.0,0.2989,0.4453125,2.245614035087719,"X,Y",um,False,0.8825000000000001,0.9975,,2.808115240128843
C1S8,C,C1,S,8,6.958770434658982,18.550235859375004,13.804629609375002,1689.0,31331.296750312504,224.5460323880677,10.198719935859957,69.38354214123031,0.6004559815455137,878.0,0.3242,0.4453125,2.245614035087719,"X,Y",um,False,0.8587699316628702,0.9965831435079726,,2.808115240128843
C1S9,C,C1,S,9,6.444516103723138,18.40771359375,13.804629609375002,1657.0,30502.125320625004,209.7927667544129,9.470173128077995,62.60919835560105,0.7166054413648989,973.0,0.3256,0.4453125,2.245614035087719,"X,Y",um,False,0.8705035971223022,0.998972250770812,,2.808115240128843
C1S11,C,C1,S,11,7.175922796024838,20.371439296875003,15.140486953125,1502.0,30598.31244210938,256.8271841734132,10.50328859939979,73.39608433734901,0.6341662096379721,830.0,0.263,0.4453125,2.245614035087719,"X,Y",um,False,0.8795180722891567,0.9975903614457832,,2.808115240128843
C1S14,C,C1,S,14,6.713675097229382,19.220475703125004,15.140486953125,1591.0,30579.609668906254,213.73361814259647,9.819899651485125,64.1925711275028,0.6931932172895241,949.0,0.2326,0.4453125,2.245614035087719,"X,Y",um,False,0.9020021074815596,0.9989462592202318,,2.808115240128843
C1S16,C,C1,S,16,7.910185800376827,20.60949,15.140486953125,1598.0,32934.42186164063,290.18316756478276,11.825690763229888,92.16149773071069,0.5651200987126402,661.0,0.3372,0.4453125,2.245614035087719,"X,Y",um,False,0.8441754916792737,0.9969742813918304,,2.808115240128843
C1S26,C,C1,S,26,9.404918531815397,29.604570937500004,22.265829843750005,1274.0,37716.18716601563,610.0467623993958,14.526893520453157,133.88736263736268,0.5850471325150224,455.0,0.2613,0.4453125,2.245614035087719,"X,Y",um,False,0.9032967032967032,0.9934065934065934,,2.808115240128843
C1S30,C,C1,S,30,9.385234346525777,26.416694531250002,20.0394009375,1231.0,32518.500289453128,519.0587949644166,14.699444769740918,129.33917197452212,0.6153887341305425,471.0,0.279,0.4453125,2.245614035087719,"X,Y",um,False,0.8938428874734607,0.9978768577494692,,2.808115240128843
C1S31,C,C1,S,31,8.197865584755085,24.202591875000003,17.366915859375002,1482.0,35868.586293750006,386.46991831206674,13.190181663155615,106.50131118881096,0.6920056331086164,572.0,0.324,0.4453125,2.245614035087719,"X,Y",um,False,0.8741258741258742,1.0,,2.808115240128843
C2C1,C,C2,C,1,8.675623258505784,25.732587656250004,20.0394009375,1321.0,33992.48404992188,379.1686602130555,14.475809179533131,130.16826923076897,0.6109258712207651,468.0,0.3149,0.4453125,2.245614035087719,"X,Y",um,False,0.9017094017094016,1.0,,2.263998555015193
C2C2,C,C2,C,2,9.2300369730622,25.659400546875005,19.148058984375,1398.0,35872.14858000001,533.6708071898805,14.878448869727631,140.365783410138,0.6536174760858366,434.0,0.3453,0.4453125,2.245614035087719,"X,Y",um,False,0.903225806451613,0.9907834101382488,,2.263998555015193
C2C3,C,C2,C,3,10.00188356780418,24.882076406250004,18.257487421875005,1314.0,32695.288759687504,438.79243601250005,16.56021630195693,172.5743626062326,0.5718505328335002,353.0,0.3242,0.4453125,2.245614035087719,"X,Y",um,False,0.8838526912181303,0.9971671388101984,,2.263998555015193
C2C4,C,C2,C,4,8.644619923254195,22.748094375,16.476344296875002,1412.0,32120.836204687505,364.3144992878358,13.866086254892586,126.12577639751547,0.7466515906381427,483.0,0.366,0.4453125,2.245614035087719,"X,Y",um,False,0.8964803312629399,0.9979296066252588,,2.263998555015193
C2C5,C,C2,C,5,9.237037954172182,24.84817921875,18.257487421875005,1251.0,31085.48436164063,417.2851208611451,14.957189541403885,141.6715116279068,0.6421277876411287,430.0,0.3646,0.4453125,2.245614035087719,"X,Y",um,False,0.9023255813953488,0.9976744186046512,,2.263998555015193
C2C6,C,C2,C,6,7.506556900402087,23.109407578125005,16.921630078125002,1391.0,32144.883177656255,337.99982024426885,11.939972731950137,91.19573353293421,0.6663128568187366,668.0,0.3255,0.4453125,2.245614035087719,"X,Y",um,False,0.8997005988023953,0.997005988023952,,2.263998555015193
C2C7,C,C2,C,7,8.946195135669901,24.74032453125,17.812201640625002,1329.0,32879.64862898438,456.7072852824281,14.69922126152348,138.13775510204115,0.6447618931874253,441.0,0.3876,0.4453125,2.245614035087719,"X,Y",um,False,0.9047619047619048,1.0,,2.263998555015193
C2C8,C,C2,C,8,8.225013598282182,25.415957109375004,18.257487421875005,1105.0,28084.96849617188,476.8881241005616,13.987532235001174,122.82006048387109,0.7311216400051659,496.0,0.3639,0.4453125,2.245614035087719,"X,Y",um,False,0.8911290322580645,0.995967741935484,,2.263998555015193
C2C9,C,C2,C,9,7.563987568644912,24.411367734375006,17.366915859375002,1304.0,31832.27329945313,459.9733252205567,11.993848378410133,96.54318541996838,0.9446670585478266,631.0,0.3222,0.4453125,2.245614035087719,"X,Y",um,False,0.9080824088748018,1.0,,2.263998555015193
C2C10,C,C2,C,10,7.78782625860511,22.276615312500002,16.921630078125002,1536.0,34216.92195070313,311.98307906167605,11.834137448647569,91.3324587706144,0.5626823198655906,667.0,0.3538,0.4453125,2.245614035087719,"X,Y",um,False,0.8845577211394303,0.9985007496251874,,2.263998555015193
C2C11,C,C2,C,11,6.46424643399703,22.442249296875005,16.476344296875002,1354.0,30386.34408398438,316.03372826715093,10.005516373170995,68.14177852348945,0.7478667150438717,894.0,0.3282,0.4453125,2.245614035087719,"X,Y",um,False,0.8982102908277404,0.9977628635346756,,2.263998555015193
C2C12,C,C2,C,12,6.537072486773954,23.69567484375,17.366915859375002,1359.0,32202.328125000004,392.2328199655702,9.983444677858339,68.06564245810064,0.743552732793019,895.0,0.37,0.4453125,2.245614035087719,"X,Y",um,False,0.8938547486033519,1.0,,2.263998555015193
C2C13,C,C2,C,13,6.614748926540664,22.782761953125004,16.253701406250002,1450.0,33034.61732554688,432.25679512595224,10.318804993600988,68.37121212121183,0.641744665712482,891.0,0.2869,0.4453125,2.245614035087719,"X,Y",um,False,0.9023569023569024,0.9977553310886644,,2.263998555015193
C2C14,C,C2,C,14,7.309498474408932,22.926054609375004,16.921630078125002,1445.0,33128.578018125,348.2400988363953,11.36268470993681,83.91012396694195,0.6483759568408215,726.0,0.3424,0.4453125,2.245614035087719,"X,Y",um,False,0.8691460055096419,0.9986225895316804,,2.263998555015193
C2C15,C,C2,C,15,7.697310241232829,25.707935156250002,18.257487421875005,1375.0,35348.01562945313,479.02947828859874,11.973321599806672,93.72115384615428,0.6339234269871541,650.0,0.3138,0.4453125,2.245614035087719,"X,Y",um,False,0.8846153846153847,0.9984615384615384,,2.263998555015193
C2C16,C,C2,C,16,6.097138976642334,22.728834609375003,16.031058515625002,1445.0,32843.578169531254,392.7236458839478,9.25385257627167,57.742890995260524,0.6617171806195903,1055.0,0.2844,0.4453125,2.245614035087719,"X,Y",um,False,0.8995260663507109,0.9971563981042654,,2.263998555015193
C2C17,C,C2,C,17,6.786383916520849,23.125585781250003,16.476344296875002,1425.0,32953.57069101563,389.7234947141785,10.353515189763858,71.58490011750895,0.7462271197839745,851.0,0.2974,0.4453125,2.245614035087719,"X,Y",um,False,0.900117508813161,1.0,,2.263998555015193
C2C18,C,C2,C,18,6.297417661522368,19.810594921875,15.140486953125,1514.0,29992.687571250004,245.4586588209046,9.730212399623497,62.352865916069604,0.6292649530063624,977.0,0.3292,0.4453125,2.245614035087719,"X,Y",um,False,0.8792221084953941,0.9979529170931424,,2.263998555015193
C2C19,C,C2,C,19,6.280820727451527,22.966885312500004,16.031058515625002,1411.0,32406.726624843755,392.704653829065,9.483138343391193,61.84644670050767,0.6779226328375041,985.0,0.3013,0.4453125,2.245614035087719,"X,Y",um,False,0.8964467005076142,0.9939086294416244,,2.263998555015193
C2C20,C,C2,C,20,7.158306845854347,26.956738359375002,19.148058984375,1342.0,36175.85120179688,543.0006541510621,11.183130353144957,83.56481481481478,0.6746573649205676,729.0,0.3316,0.4453125,2.245614035087719,"X,Y",um,False,0.8861454046639232,0.9972565157750344,,2.263998555015193
C2C21,C,C2,C,21,7.585159136773347,22.011600937500003,16.031058515625002,1499.0,32994.98457984375,353.8641210885682,12.063873551127225,92.72260273972604,0.6206213004358009,657.0,0.3438,0.4453125,2.245614035087719,"X,Y",um,False,0.863013698630137,1.0,,2.263998555015193
C2C22,C,C2,C,22,6.71262427931333,20.598704531250004,15.140486953125,1477.0,30423.749630390626,253.0952453889405,9.95148186742212,67.23923841059568,0.5947457281926342,906.0,0.2898,0.4453125,2.245614035087719,"X,Y",um,False,0.8863134657836644,0.998896247240618,,2.263998555015193
C2C23,C,C2,C,23,7.340746139781619,25.704083203125005,17.812201640625002,1373.0,35291.90653945313,531.3039223501099,11.816045192157842,91.60714285714275,0.7301928695244261,665.0,0.3155,0.4453125,2.245614035087719,"X,Y",um,False,0.8932330827067669,1.0,,2.263998555015193
C2C24,C,C2,C,24,8.61402309358215,23.922940078125006,18.257487421875005,1385.0,33133.476932109385,361.59448092758794,13.431736893401858,120.15532544378708,0.6982806062086728,507.0,0.3478,0.4453125,2.245614035087719,"X,Y",um,False,0.8500986193293886,0.9980276134122288,,2.263998555015193
C2C25,C,C2,C,25,6.949442530690449,22.091721562500002,16.476344296875002,1437.0,31746.3277509375,306.7418654157349,10.574941808613927,75.67546583850954,0.6411111672395162,805.0,0.2729,0.4453125,2.245614035087719,"X,Y",um,False,0.893167701863354,0.9975155279503104,,2.263998555015193
C2C26,C,C2,C,26,6.877745916541445,21.679562578125,15.140486953125,1483.0,32151.11717859375,358.14920347150274,10.46410396442282,72.69540572792378,0.7147675605896964,838.0,0.2512,0.4453125,2.245614035087719,"X,Y",um,False,0.8997613365155132,0.9988066825775656,,2.263998555015193
C2C28,C,C2,C,28,6.777003067450266,20.502405703125003,14.695201171875002,1556.0,31902.187789453128,290.55232563156744,10.128059043093998,67.0173267326732,0.6134313234564999,909.0,0.2449,0.4453125,2.245614035087719,"X,Y",um,False,0.88008800880088,0.9966996699669968,,2.263998555015193
C2C29,C,C2,C,29,6.426579229939671,20.79592453125,14.695201171875002,1522.0,31651.921772578127,290.42472276282354,9.520448003027338,62.54491786447616,0.6286972709878502,974.0,0.2769,0.4453125,2.245614035087719,"X,Y",um,False,0.9106776180698152,0.997946611909651,,2.263998555015193
C2C31,C,C2,C,31,7.206584425887961,25.633977656250003,17.812201640625002,1424.0,36502.710995390626,550.7666240929872,10.825705824698815,80.36774406332448,0.6441401084845405,758.0,0.2955,0.4453125,2.245614035087719,"X,Y",um,False,0.8944591029023746,0.9973614775725592,,2.263998555015193
C2C32,C,C2,C,32,7.627943829187257,24.112456171875003,16.921630078125002,1449.0,34939.21862976563,446.81064418333744,11.6319040887858,87.652877697842,0.6311559950980299,695.0,0.304,0.4453125,2.245614035087719,"X,Y",um,False,0.8705035971223021,0.9985611510791368,,2.263998555015193
C2C33,C,C2,C,33,7.87747204847435,22.3135940625,16.921630078125002,1477.0,32957.57826304688,306.44808206676646,11.952196834961434,95.33450704225334,0.6023390984828842,639.0,0.3224,0.4453125,2.245614035087719,"X,Y",um,False,0.8920187793427231,0.9953051643192488,,2.263998555015193
C2C34,C,C2,C,34,6.971624892129776,23.801218359375003,16.921630078125002,1442.0,34321.57027242188,394.29405142207037,10.546100966791837,75.11559802712678,0.6177442232884688,811.0,0.2834,0.4453125,2.245614035087719,"X,Y",um,False,0.8828606658446363,0.998766954377312,,2.263998555015193
C2C35,C,C2,C,35,6.684759518734844,22.344409687500004,16.476344296875002,1494.0,33382.406321250004,320.73900986436774,10.073822721500813,68.99065685164203,0.6635662372359813,883.0,0.3116,0.4453125,2.245614035087719,"X,Y",um,False,0.8980747451868629,0.9977349943374858,,2.263998555015193
C2C36,C,C2,C,36,7.1910411358505275,26.722539609375,18.257487421875005,1308.0,34952.577973593754,584.508383599164,11.31672690148407,83.91012396694197,0.6362445189719197,726.0,0.3427,0.4453125,2.245614035087719,"X,Y",um,False,0.8953168044077136,1.0,,2.263998555015193
C2C37,C,C2,C,37,6.885692000814068,22.001585859375005,16.031058515625002,1504.0,33090.72641554688,356.73429538273325,10.01853690950926,69.9411595866823,0.6044112282190536,871.0,0.3,0.4453125,2.245614035087719,"X,Y",um,False,0.9024110218140068,1.0,,2.263998555015193
C2C38,C,C2,C,38,7.292384500408818,21.063250078125005,15.585772734375004,1542.0,32479.312829531256,322.14442192569584,11.382291392547732,83.79470426409907,0.5919294150882434,727.0,0.347,0.4453125,2.245614035087719,"X,Y",um,False,0.8707015130674003,0.997248968363136,,2.263998555015193
C2C39,C,C2,C,39,7.321002845516064,23.382125859375,17.366915859375002,1408.0,32922.398375156255,361.2472824242616,11.771327880351038,87.40136298421815,0.6536551149651724,697.0,0.3431,0.4453125,2.245614035087719,"X,Y",um,False,0.8880918220946915,0.9985652797704448,,2.263998555015193
C2I1,C,C2,I,1,7.233862855825332,22.070921015625004,16.253701406250002,1422.0,31385.17941140625,340.1453289443116,11.7818558602363,89.06250000000004,0.5980361944470973,684.0,0.3724,0.4453125,2.245614035087719,"X,Y",um,False,0.8494152046783626,0.9970760233918128,,2.263998555015193
C2I2,C,C2,I,2,8.060411470367177,22.012371328125003,15.585772734375004,1298.0,28572.14041570313,376.51570754661265,13.288523744965298,110.7613636363629,0.6691589637921639,550.0,0.4304,0.4453125,2.245614035087719,"X,Y",um,False,0.8345454545454545,0.9945454545454544,,2.263998555015193
C2I3,C,C2,I,3,8.375116936864783,20.352949921875002,15.140486953125,1147.0,23344.617080625005,254.27928131054082,13.66071673607406,122.32680722891583,0.6709380512593984,498.0,0.404,0.4453125,2.245614035087719,"X,Y",um,False,0.8393574297188755,0.9919678714859438,,2.263998555015193
C2I4,C,C2,I,4,7.303026177929773,25.207951640625,18.257487421875005,1150.0,28989.398615625007,449.9277151909791,11.583547947183344,88.80284256559804,0.6799485125486462,686.0,0.3585,0.4453125,2.245614035087719,"X,Y",um,False,0.8556851311953353,0.9941690962099126,,2.263998555015193
C2I5,C,C2,I,5,8.423157811181321,21.651828515625002,15.585772734375004,1204.0,26068.593527343754,317.8136399106995,14.43392025792181,124.57822085889586,0.6755605746194993,489.0,0.3981,0.4453125,2.245614035087719,"X,Y",um,False,0.8343558282208589,1.0,,2.263998555015193
C2I6,C,C2,I,6,8.303623376889135,21.472327500000002,16.031058515625002,1320.0,28343.249657109376,319.6089825988404,14.0544808864648,122.32680722891538,0.6171965037371658,498.0,0.3914,0.4453125,2.245614035087719,"X,Y",um,False,0.8313253012048193,0.9959839357429718,,2.263998555015193
C2I7,C,C2,I,7,7.6681709104175795,21.842115000000003,16.031058515625002,1428.0,31190.57796914063,332.50577486770027,12.604067998855024,103.25211864406731,0.6680265994902805,590.0,0.3793,0.4453125,2.245614035087719,"X,Y",um,False,0.8372881355932204,1.0,,2.263998555015193
C2I8,C,C2,I,8,7.232065890632712,20.051727187500003,15.140486953125,1522.0,30518.15637914063,230.10773696015627,11.380502590251403,85.4400420757361,0.6124868309272882,713.0,0.3422,0.4453125,2.245614035087719,"X,Y",um,False,0.8316970546984571,0.9985974754558204,,2.263998555015193
C2I9,C,C2,I,9,7.697925706082116,23.547759843750004,15.585772734375004,1446.0,34049.92976765626,494.4302542934144,12.531956080149214,106.68782837127856,0.7006429085015254,571.0,0.3497,0.4453125,2.245614035087719,"X,Y",um,False,0.7968476357267951,1.0,,2.263998555015193
C2I10,C,C2,I,10,7.5048065345133885,26.143205859375005,16.921630078125002,1423.0,37201.85127304688,762.9167796597292,11.725569045830381,93.57718894009236,0.6311715511494761,651.0,0.3241,0.4453125,2.245614035087719,"X,Y",um,False,0.8095238095238095,0.9969278033794164,,2.263998555015193
C2I11,C,C2,I,11,7.818596042307972,23.150238281250004,16.476344296875002,1523.0,35257.617223125,449.3680430736512,13.076036014846395,110.96311475409826,0.6792260852709824,549.0,0.3737,0.4453125,2.245614035087719,"X,Y",um,False,0.8178506375227687,0.9981785063752276,,2.263998555015193
C2I12,C,C2,I,12,8.244784671355179,23.889042890625003,17.144272968750002,1368.0,32680.14827273438,404.3657755271119,13.839815804473043,122.82006048387076,0.6885862267503877,496.0,0.3819,0.4453125,2.245614035087719,"X,Y",um,False,0.8004032258064515,0.997983870967742,,2.263998555015193
C2I13,C,C2,I,13,8.091756851196987,22.208050546875004,16.476344296875002,1283.0,28492.874924296877,284.7846759643433,13.310215162259656,119.68320235756407,0.7720155710479618,509.0,0.3822,0.4453125,2.245614035087719,"X,Y",um,False,0.8585461689587426,1.0,,2.263998555015193
C2I14,C,C2,I,14,8.580663205963441,21.524714062500003,15.585772734375004,1543.0,33212.29713773438,365.37924136470343,14.496810745455221,131.5739740820737,0.6682232137081288,463.0,0.3366,0.4453125,2.245614035087719,"X,Y",um,False,0.8466522678185745,0.9978401727861772,,2.263998555015193
C2I15,C,C2,I,15,8.11199253494105,21.818232890625005,16.031058515625002,1306.0,28494.21078164063,342.3169517198182,13.370766137272962,114.72457627118644,0.6215890434603968,531.0,0.3571,0.4453125,2.245614035087719,"X,Y",um,False,0.8248587570621468,0.9962335216572504,,2.263998555015193
C2I16,C,C2,I,16,7.999937193905742,23.559315703125,17.366915859375002,1424.0,33548.95321851563,382.7676546133485,13.470549900180862,114.50892857142895,0.6490442096688549,532.0,0.3507,0.4453125,2.245614035087719,"X,Y",um,False,0.8515037593984963,0.9981203007518796,,2.263998555015193
C2I17,C,C2,I,17,8.021657527348962,20.852933437500003,15.585772734375004,1532.0,31946.718678750003,296.1763478837403,12.572423219479768,101.70075125208673,0.5862970688215176,599.0,0.3706,0.4453125,2.245614035087719,"X,Y",um,False,0.8213689482470785,0.998330550918197,,2.263998555015193
C2I18,C,C2,I,18,7.76249979960471,21.476949843750003,15.585772734375004,1566.0,33633.11685351563,323.7029574295167,12.479683004063771,102.38445378151273,0.7852271566459548,595.0,0.3659,0.4453125,2.245614035087719,"X,Y",um,False,0.8302521008403362,1.0,,2.263998555015193
C2I19,C,C2,I,19,7.982931611805369,25.180987968750003,17.812201640625002,1421.0,35781.750173671884,485.40131270178233,13.124912943776765,109.5660971223022,0.7098705566387828,556.0,0.353,0.4453125,2.245614035087719,"X,Y",um,False,0.8471223021582733,0.9982014388489208,,2.263998555015193
C2I20,C,C2,I,20,8.26360944782093,21.366783984375,14.695201171875002,1553.0,33182.460679218755,339.2265882893555,13.568729748104728,118.98193359374955,0.6168444889308625,512.0,0.3605,0.4453125,2.245614035087719,"X,Y",um,False,0.806640625,0.998046875,,2.263998555015193
C2I21,C,C2,I,21,7.854241947841334,24.644025703125003,17.366915859375002,1393.0,34329.586186875,487.0245398925477,12.407686345359993,102.04145728643249,0.6763191504522986,597.0,0.3688,0.4453125,2.245614035087719,"X,Y",um,False,0.8207705192629816,1.0,,2.263998555015193
C2I22,C,C2,I,22,8.173691806641221,21.80051390625,15.585772734375004,1344.0,29300.2265803125,335.7273021771973,12.941017945569506,109.1733870967742,0.6946642442413152,558.0,0.4277,0.4453125,2.245614035087719,"X,Y",um,False,0.8602150537634409,0.9982078853046596,,2.263998555015193
C2I23,C,C2,I,23,9.53735384583962,20.30287453125,15.140486953125,1296.0,26312.624772890627,287.68511884597785,15.363963517082821,142.00174825174798,0.5969570721501688,429.0,0.4115,0.4453125,2.245614035087719,"X,Y",um,False,0.8717948717948718,0.9976689976689976,,2.263998555015193
C2I24,C,C2,I,24,8.464945157355162,22.548563203125003,16.476344296875002,1470.0,33145.944933984385,335.9154422208802,14.797777638542351,135.6765033407569,0.7274530415590883,449.0,0.3824,0.4453125,2.245614035087719,"X,Y",um,False,0.8351893095768375,1.0,,2.263998555015193
C2I25,C,C2,I,25,10.836579638494449,18.254405859375,13.804629609375002,1132.0,20663.83566585938,190.44045633054202,18.461487418960996,199.73360655737793,0.6552099683980884,305.0,0.4327,0.4453125,2.245614035087719,"X,Y",um,False,0.8459016393442623,0.99672131147541,,2.263998555015193
C2I26,C,C2,I,26,8.663074219895968,23.453001796875004,16.476344296875002,1450.0,34006.73473570313,383.17717079675907,14.120001798676695,132.14479392624747,0.6961301412950257,461.0,0.3651,0.4453125,2.245614035087719,"X,Y",um,False,0.8590021691973969,1.0,,2.263998555015193
C2I27,C,C2,I,27,9.539081797351244,21.052464609375004,16.031058515625002,1403.0,29536.24191140625,290.3665595947449,16.75177266361017,159.89173228346436,0.6659125820247779,381.0,0.4034,0.4453125,2.245614035087719,"X,Y",um,False,0.8293963254593176,0.9973753280839897,,2.263998555015193
C2I28,C,C2,I,28,8.732381643478035,20.850622265625002,15.585772734375004,1243.0,25917.63317320313,254.93153969542243,14.870523873543856,134.47847682119203,0.7491836482095053,453.0,0.4063,0.4453125,2.245614035087719,"X,Y",um,False,0.8543046357615893,0.9955849889624724,,2.263998555015193
C2I29,C,C2,I,29,9.291775883592637,23.421415781250005,16.921630078125002,1294.0,30307.523107968755,379.0600493991944,15.078757495465133,146.43930288461544,0.6477613264068276,416.0,0.4174,0.4453125,2.245614035087719,"X,Y",um,False,0.8413461538461539,1.0,,2.263998555015193
C2I30,C,C2,I,30,9.588499998768532,22.684151953125003,16.921630078125002,1332.0,30214.89827273438,318.14718787457895,16.32317024123168,165.99114441416847,0.6450367014855476,367.0,0.4105,0.4453125,2.245614035087719,"X,Y",um,False,0.8446866485013624,1.0,,2.263998555015193
C2I31,C,C2,I,31,9.13156904263642,19.108769062500002,14.249915390625002,1243.0,23752.523508750004,226.27193537554328,15.507476054480058,145.04464285714295,0.6257249361439405,420.0,0.423,0.4453125,2.245614035087719,"X,Y",um,False,0.8500000000000001,0.9976190476190476,,2.263998555015193
C2I32,C,C2,I,32,8.162887285234977,21.952280859375005,17.366915859375002,1430.0,31391.414182734377,274.37762339027717,13.37301465637783,113.44273743016775,0.6541161834784716,537.0,0.3904,0.4453125,2.245614035087719,"X,Y",um,False,0.8324022346368715,0.994413407821229,,2.263998555015193
C2I33,C,C2,I,33,8.816684057279398,20.634912890625003,15.585772734375004,1436.0,29631.984517500005,258.02368363103034,15.274917616802858,147.86104368931962,0.7056104225524198,412.0,0.412,0.4453125,2.245614035087719,"X,Y",um,False,0.8470873786407767,1.0,,2.263998555015193
C2I34,C,C2,I,34,9.632408192501808,20.771272031250003,16.031058515625002,1263.0,26234.249853046877,262.4161898243958,16.10790667737991,171.60211267605666,0.749322382281491,355.0,0.4188,0.4453125,2.245614035087719,"X,Y",um,False,0.8366197183098592,0.9887323943661972,,2.263998555015193
C2I35,C,C2,I,35,9.316349169030046,23.151779062500005,16.921630078125002,1248.0,28893.656009531252,366.6689205915894,16.180490851880037,163.32104557640767,0.8064337893053162,373.0,0.3734,0.4453125,2.245614035087719,"X,Y",um,False,0.8632707774798928,0.9973190348525468,,2.263998555015193
C2I36,C,C2,I,36,8.929552061791616,21.949199296875,16.921630078125002,1469.0,32243.742013828127,285.72062816903696,15.00038139707772,143.00176056338043,0.7578773670174263,426.0,0.3957,0.4453125,2.245614035087719,"X,Y",um,False,0.852112676056338,0.9976525821596244,,2.263998555015193
C2I37,C,C2,I,37,10.821042356573445,19.485490078125004,14.695201171875002,1261.0,24571.45336546875,201.11102366610723,18.26579806404518,207.20663265306132,0.6647309470064534,294.0,0.4218,0.4453125,2.245614035087719,"X,Y",um,False,0.8605442176870748,1.0,,2.263998555015193
C2I38,C,C2,I,38,9.434670439730988,24.6740709375,17.812201640625002,1259.0,31064.99967492188,411.9299548859071,15.78078623557871,151.9170822942641,0.7040517917705428,401.0,0.3967,0.4453125,2.245614035087719,"X,Y",um,False,0.8528678304239401,0.9950124688279302,,2.263998555015193
C2I39,C,C2,I,39,9.64379110482916,21.703444687500003,16.476344296875002,1316.0,28561.898072343753,315.20104536088263,15.134381939517091,150.04618226600977,0.6356268583875774,406.0,0.4138,0.4453125,2.245614035087719,"X,Y",um,False,0.854679802955665,0.9975369458128078,,2.263998555015193
C2I40,C,C2,I,40,9.432803988190127,20.849081484375002,16.031058515625002,1321.0,27541.242200859382,256.87110330032965,15.93262250504395,161.58819628647188,0.6478079431109597,377.0,0.4324,0.4453125,2.245614035087719,"X,Y",um,False,0.8381962864721485,1.0,,2.263998555015193
C2I41,C,C2,I,41,11.814374088288618,19.445429765625004,14.249915390625002,764.0,14856.515576015627,310.06784902708745,18.600709169389333,227.30876865671647,0.7200571878499323,268.0,0.4741,0.4453125,2.245614035087719,"X,Y",um,False,0.8544776119402985,0.996268656716418,,2.263998555015193
C2S1,C,C2,S,1,9.949754883362699,21.063250078125005,15.585772734375004,1078.0,22706.484036562502,317.78693233352055,16.45329433363073,172.08686440677957,0.6460237166670082,354.0,0.4162,0.4453125,2.245614035087719,"X,Y",um,False,0.8700564971751412,1.0,,2.263998555015193
C2S2,C,C2,S,2,9.749816131571992,18.971639531250002,14.249915390625002,1051.0,19939.312557890626,214.71467647763677,16.77772142061685,175.5583573487033,0.72298780534673,347.0,0.4244,0.4453125,2.245614035087719,"X,Y",um,False,0.8645533141210374,1.0,,2.263998555015193
C2S3,C,C2,S,3,9.705657928252638,19.487030859375004,14.917844062500002,1250.0,24358.59366539063,237.5431264467774,15.665380494335377,158.23051948051923,0.7115883325428246,385.0,0.4262,0.4453125,2.245614035087719,"X,Y",um,False,0.8805194805194805,0.9922077922077922,,2.263998555015193
C2S4,C,C2,S,4,10.271347120940696,19.199675156250002,14.249915390625002,1152.0,22117.781566171878,238.7633659729981,17.919295301667752,195.8802250803864,0.7591179854291632,311.0,0.4338,0.4453125,2.245614035087719,"X,Y",um,False,0.8938906752411575,1.0,,2.263998555015193
C2S5,C,C2,S,5,9.064585063517391,21.598671562500005,15.585772734375004,1048.0,22635.679745390626,313.05197565054937,15.804668033729728,159.05678851174952,0.7963636284139729,383.0,0.4253,0.4453125,2.245614035087719,"X,Y",um,False,0.8720626631853785,0.9973890339425588,,2.263998555015193
C2S6,C,C2,S,6,8.96975073265196,20.313660000000002,15.140486953125,1171.0,23787.703396640627,266.2199423163941,15.20117771967561,146.08812949640244,0.6428203303808318,417.0,0.4133,0.4453125,2.245614035087719,"X,Y",um,False,0.8776978417266188,0.9952038369304556,,2.263998555015193
C2S7,C,C2,S,7,9.358775408941069,21.482342578125003,15.140486953125,1435.0,30826.75791492188,345.06723866753543,15.004468899980854,157.00708762886595,0.8857093869551167,388.0,0.4184,0.4453125,2.245614035087719,"X,Y",um,False,0.865979381443299,0.9974226804123713,,2.263998555015193
C2S8,C,C2,S,8,9.823482799957153,20.530910156250002,15.585772734375004,1047.0,21495.679580625005,282.6017766562501,17.160778796909053,176.065751445087,0.7276483488720003,346.0,0.4537,0.4453125,2.245614035087719,"X,Y",um,False,0.8612716763005781,0.9913294797687862,,2.263998555015193
C2S9,C,C2,S,9,8.490652790816613,22.003897031250006,16.476344296875002,1414.0,31113.09362085938,298.9254478280274,13.720843340272326,118.75000000000004,0.6094940011917708,513.0,0.3927,0.4453125,2.245614035087719,"X,Y",um,False,0.861598440545809,0.9922027290448344,,2.263998555015193
C2S10,C,C2,S,10,8.514751451636416,21.546285000000005,16.476344296875002,1274.0,27450.398508750004,280.6942621439576,14.232493785188465,124.32397959183697,0.6584744710027042,490.0,0.3755,0.4453125,2.245614035087719,"X,Y",um,False,0.8489795918367347,0.9979591836734694,,2.263998555015193
C2S11,C,C2,S,11,9.658678832642396,19.685021250000002,14.695201171875002,1122.0,22086.163964531253,227.53550052696536,16.8370517961516,172.08686440677954,0.803800590664912,354.0,0.4433,0.4453125,2.245614035087719,"X,Y",um,False,0.8644067796610169,0.9971751412429378,,2.263998555015193
C2S12,C,C2,S,12,8.321337245371515,19.85296640625,14.695201171875002,1253.0,24875.60127304688,265.7498889580445,13.700231932393939,115.81511406844163,0.6719573270190212,526.0,0.4233,0.4453125,2.245614035087719,"X,Y",um,False,0.8783269961977187,0.9980988593155894,,2.263998555015193
C2S13,C,C2,S,13,8.736105244188558,21.194216484375,15.585772734375004,1137.0,24098.08607554688,313.8965285911195,14.68082963144138,127.71226415094351,0.6450862466634305,477.0,0.4314,0.4453125,2.245614035087719,"X,Y",um,False,0.8637316561844863,0.9979035639412998,,2.263998555015193
C2S14,C,C2,S,14,10.39905236065706,26.171710312500004,16.921630078125002,1047.0,27401.859277031253,611.1055694591126,18.301996662186472,195.25240384615418,0.6752726292953387,312.0,0.4444,0.4453125,2.245614035087719,"X,Y",um,False,0.8269230769230769,0.9839743589743588,,2.263998555015193
C2S15,C,C2,S,15,8.200353042574948,23.118652265625002,16.921630078125002,1311.0,30308.413679531255,369.5539324286317,13.903031605988657,116.92658349328227,0.678210973656534,521.0,0.4037,0.4453125,2.245614035087719,"X,Y",um,False,0.8522072936660269,0.9923224568138196,,2.263998555015193
C2S16,C,C2,S,16,9.529533980239815,21.275107500000004,15.585772734375004,1192.0,25360.101477890632,301.792654613617,15.735765969214059,146.4393028846153,0.7484075923849686,416.0,0.4119,0.4453125,2.245614035087719,"X,Y",um,False,0.8485576923076923,1.0,,2.263998555015193
C2S17,C,C2,S,17,8.843183284929466,20.458493437500003,15.140486953125,1220.0,24959.320392656253,286.2286656371522,14.715823920859426,136.2835570469799,0.5856633065450041,447.0,0.4271,0.4453125,2.245614035087719,"X,Y",um,False,0.8411633109619687,1.0,,2.263998555015193
C2S18,C,C2,S,18,10.388549162833488,20.870652421875004,15.585772734375004,1351.0,28195.851589218753,293.2741244969605,16.557982452050613,176.06575144508716,0.65388528866967,346.0,0.3935,0.4453125,2.245614035087719,"X,Y",um,False,0.8728323699421965,1.0,,2.263998555015193
C2S19,C,C2,S,19,9.019234344638404,19.539417421875,15.140486953125,1311.0,25616.60149570313,228.4168505738709,15.035591376283286,147.146739130435,0.8221010105057576,414.0,0.3965,0.4453125,2.245614035087719,"X,Y",um,False,0.8526570048309178,0.9927536231884058,,2.263998555015193
C2S20,C,C2,S,20,11.908041388927066,19.372242656250002,14.695201171875002,1035.0,20050.1956509375,226.49271801355593,20.22759435326761,254.89016736401712,0.812972602806577,239.0,0.4305,0.4453125,2.245614035087719,"X,Y",um,False,0.8451882845188285,0.98744769874477,,2.263998555015193
C2S21,C,C2,S,21,10.168441742569366,20.167285781250005,15.140486953125,1154.0,23272.922217890628,289.1237670033509,17.987952443997255,203.74163879598706,0.8118505800459993,299.0,0.4004,0.4453125,2.245614035087719,"X,Y",um,False,0.8494983277591973,0.9866220735785952,,2.263998555015193
C2S22,C,C2,S,22,9.372635431566522,24.267304687500005,18.257487421875005,1219.0,29581.664142656256,362.884753656189,16.170258421442586,172.08686440678022,0.7203573118387766,354.0,0.352,0.4453125,2.245614035087719,"X,Y",um,False,0.8926553672316384,1.0,,2.263998555015193
C2S23,C,C2,S,23,10.166397021378357,16.826101640625,12.914058046875002,1022.0,17196.187281796876,145.71950859695437,16.54215916709688,165.09146341463378,0.6229060815415596,369.0,0.4164,0.4453125,2.245614035087719,"X,Y",um,False,0.8672086720867208,0.997289972899729,,2.263998555015193
C2S24,C,C2,S,24,10.50016559261983,20.287466718750004,15.585772734375004,1208.0,24507.32836101563,240.7622797494141,17.939290683448576,199.08088235294113,0.7670642381571599,306.0,0.4095,0.4453125,2.245614035087719,"X,Y",um,False,0.8464052287581699,1.0,,2.263998555015193
C2S25,C,C2,S,25,9.22634796265555,21.970770234375003,16.921630078125002,1244.0,27331.50027164063,282.5655730516297,14.912420026458651,143.67629716981145,0.6929442985494735,424.0,0.3971,0.4453125,2.245614035087719,"X,Y",um,False,0.8372641509433961,0.9952830188679244,,2.263998555015193
C2S26,C,C2,S,26,9.01894657303058,20.79284296875,16.921630078125002,1188.0,24701.929803281255,240.35276356600346,15.578356864862235,151.53917910447788,0.7450073757036236,402.0,0.382,0.4453125,2.245614035087719,"X,Y",um,False,0.8532338308457711,0.9975124378109452,,2.263998555015193
C2S27,C,C2,S,27,10.533428975793084,19.4477409375,13.359343828125002,853.0,16588.7812678125,236.84457492811893,18.633138137251795,227.30876865671695,0.8259792404713688,268.0,0.4407,0.4453125,2.245614035087719,"X,Y",um,False,0.8395522388059701,0.9925373134328358,,2.263998555015193
C3C1,C,C3,C,1,7.888023051425549,21.998504296875,15.140486953125,1479.0,32535.421919531258,388.7186963105347,12.687567274043419,102.90329391891893,0.723302166512441,592.0,0.3348,0.4453125,2.245614035087719,"X,Y",um,False,0.9003378378378378,0.9983108108108107,,3.359329099395709
C3C2,C,C3,C,2,7.9251812668748975,21.401451562500004,15.140486953125,1497.0,32038.00765664063,342.9496245481019,12.925463724227235,103.95691126279864,0.6309468228884747,586.0,0.3377,0.4453125,2.245614035087719,"X,Y",um,False,0.8686006825938567,0.9982935153583616,,3.359329099395709
C3C3,C,C3,C,3,7.632089276389979,19.299055546875003,14.695201171875002,1611.0,31091.27307679688,234.45216951459963,12.06752157285441,98.25604838709653,0.69975084696813,620.0,0.3626,0.4453125,2.245614035087719,"X,Y",um,False,0.85,0.9983870967741936,,3.359329099395709
C3C4,C,C3,C,4,6.957850035494529,20.92843171875,15.585772734375004,1508.0,31560.632794687506,299.08925430139163,10.485083693448274,75.76958955223863,0.7802567858426465,804.0,0.3447,0.4453125,2.245614035087719,"X,Y",um,False,0.8644278606965174,0.9987562189054726,,3.359329099395709
C3C5,C,C3,C,5,6.367215228180812,22.332083437500003,15.140486953125,1452.0,32425.874683828133,474.18472378833627,9.744042217786275,60.857892107892155,0.6011095798459776,1001.0,0.3058,0.4453125,2.245614035087719,"X,Y",um,False,0.8651348651348651,0.999000999000999,,3.359329099395709
C3C6,C,C3,C,6,6.36080187665497,19.834477031250003,14.249915390625002,1598.0,31695.56286070313,250.2808602559937,9.434082209312349,62.41675204918042,0.6526296622787521,976.0,0.3206,0.4453125,2.245614035087719,"X,Y",um,False,0.8596311475409836,1.0,,3.359329099395709
C3C7,C,C3,C,7,7.164774126906076,20.467738125000004,15.140486953125,1531.0,31336.195664296876,257.61001293561407,11.182166102862725,78.60483870967747,0.5795921547220764,775.0,0.3279,0.4453125,2.245614035087719,"X,Y",um,False,0.864516129032258,0.9974193548387096,,3.359329099395709
C3C8,C,C3,C,8,6.413417935135234,18.754389375000002,14.249915390625002,1531.0,28713.30448265625,195.8585334875794,9.46344150568009,61.41003024193552,0.6284112596921413,992.0,0.3358,0.4453125,2.245614035087719,"X,Y",um,False,0.842741935483871,0.9949596774193548,,3.359329099395709
C3C9,C,C3,C,9,6.5041442865958174,20.29362984375,13.804629609375002,1563.0,31718.718491718755,338.17668375536505,9.812501153977122,63.8561320754715,0.6003246743334162,954.0,0.2882,0.4453125,2.245614035087719,"X,Y",um,False,0.8584905660377359,1.0,,3.359329099395709
C3C13,C,C3,C,13,5.442765900076479,18.543302343750003,12.914058046875002,1567.0,29057.53119210938,256.1280391530396,7.929978606048212,42.99135497529973,0.5390295319067065,1417.0,0.2575,0.4453125,2.245614035087719,"X,Y",um,False,0.8659139026111503,0.9985885673959068,,3.359329099395709
C3C14,C,C3,C,14,5.882369397277391,18.717410625000003,13.359343828125002,1607.0,30078.633119765633,244.06452329216313,8.688047619099098,51.1492443324939,0.5860231845828399,1191.0,0.2803,0.4453125,2.245614035087719,"X,Y",um,False,0.8564231738035264,0.9991603694374476,,3.359329099395709
C3C15,C,C3,C,15,6.4560702735253,20.61719390625,14.695201171875002,1491.0,30739.92179484375,304.5102989670044,10.038870850808443,64.5325741525425,0.6767424287235624,944.0,0.3035,0.4453125,2.245614035087719,"X,Y",um,False,0.8802966101694915,0.9989406779661016,,3.359329099395709
C3C16,C,C3,C,16,5.832133101728516,21.336738750000006,15.140486953125,1428.0,30469.171861640625,316.7643288784241,8.820144232344436,52.65233362143419,0.6053892951271838,1157.0,0.2932,0.4453125,2.245614035087719,"X,Y",um,False,0.8582541054451166,0.9974070872947276,,3.359329099395709
C3C17,C,C3,C,17,5.636512108383635,20.477753203125,14.249915390625002,1446.0,29611.054545000003,356.9052238766785,8.415034016119655,47.779411764706104,0.6550918182076346,1275.0,0.2773,0.4453125,2.245614035087719,"X,Y",um,False,0.8470588235294118,0.9984313725490196,,3.359329099395709
C3C18,C,C3,C,18,6.216479856247796,22.470753750000004,15.585772734375004,1368.0,30739.476509062508,407.3902602671998,9.643699536748178,62.35286591606955,0.7483665094826083,977.0,0.315,0.4453125,2.245614035087719,"X,Y",um,False,0.8648925281473899,0.9989764585465712,,3.359329099395709
C3C20,C,C3,C,20,7.635770849578121,22.815118359375003,15.140486953125,1419.0,32374.21845164063,487.1764763316102,12.123272997826195,98.25604838709678,0.6725562156922634,620.0,0.2915,0.4453125,2.245614035087719,"X,Y",um,False,0.8854838709677421,0.9967741935483873,,3.359329099395709
C3C22,C,C3,C,22,6.138914046170503,21.724245234375005,15.585772734375004,1427.0,30999.98409890625,313.66981093595587,9.345965095247697,59.08705140640145,0.7596304663409307,1031.0,0.3398,0.4453125,2.245614035087719,"X,Y",um,False,0.8612997090203687,0.9980601357904948,,3.359329099395709
C3C23,C,C3,C,23,6.03585793296801,22.283548828125003,15.585772734375004,1418.0,31597.59382570313,374.1701887685853,9.131053790819076,56.3540703052732,0.6519405526670586,1081.0,0.3226,0.4453125,2.245614035087719,"X,Y",um,False,0.8723404255319149,1.0,,3.359329099395709
C3C24,C,C3,C,24,6.78314935084335,17.80989046875,12.914058046875002,1666.0,29671.61726320313,202.35084874892584,10.315978953800167,68.37121212121231,0.5789438507156406,891.0,0.3281,0.4453125,2.245614035087719,"X,Y",um,False,0.8462401795735129,0.9943883277216612,,3.359329099395709
C3C25,C,C3,C,25,6.5838598036335245,19.510142578125002,14.249915390625002,1562.0,30474.96057679688,270.169696230304,9.680500114303292,64.80718085106417,0.6725468526902436,940.0,0.3193,0.4453125,2.245614035087719,"X,Y",um,False,0.8648936170212767,0.998936170212766,,3.359329099395709
C3C26,C,C3,C,26,9.10167887388175,23.970704296875002,17.812201640625002,1325.0,31761.023722500002,381.26312776560064,14.489139538217971,128.24999999999994,0.555724372180278,475.0,0.3217,0.4453125,2.245614035087719,"X,Y",um,False,0.8652631578947368,0.9978947368421052,,3.359329099395709
C3C28,C,C3,C,28,7.824810423805652,20.991603750000003,15.585772734375004,1579.0,33145.49964820313,310.5260323511353,12.080198325524654,92.4411987860393,0.6630821373019293,659.0,0.3349,0.4453125,2.245614035087719,"X,Y",um,False,0.8664643399089529,0.992412746585736,,3.359329099395709
C3C29,C,C3,C,29,8.134095671709803,21.228884062500004,16.031058515625002,1496.0,31757.90595164063,279.9838405909974,12.460031347032631,96.23815165876786,0.5675906098742436,633.0,0.315,0.4453125,2.245614035087719,"X,Y",um,False,0.8736176935229067,0.9968404423380728,,3.359329099395709
C3C30,C,C3,C,30,6.820230661825241,20.684217890625003,15.140486953125,1541.0,31874.577759843753,280.1814766621216,10.386522732309444,70.5895133256083,0.6073054424633033,863.0,0.3355,0.4453125,2.245614035087719,"X,Y",um,False,0.86558516801854,1.0,,3.359329099395709
C3C31,C,C3,C,31,8.088389721010898,23.256552187500002,16.031058515625002,1470.0,34187.53154835938,418.0964377056702,12.601651333472068,101.87081939799276,0.6047468786734933,598.0,0.3207,0.4453125,2.245614035087719,"X,Y",um,False,0.8795986622073578,0.9966555183946488,,3.359329099395709
C3C32,C,C3,C,32,7.391316877001144,20.094098671875003,14.249915390625002,1507.0,30281.249706093753,293.46701255436403,11.063330687552497,83.45034246575356,0.6665143014083013,730.0,0.325,0.4453125,2.245614035087719,"X,Y",um,False,0.8726027397260274,1.0,,3.359329099395709
C3C33,C,C3,C,33,7.357216598036889,22.365210234375002,16.031058515625002,1530.0,34219.14837960938,390.1229213684327,11.259013215860303,86.40957446808531,0.7361180917145256,705.0,0.3242,0.4453125,2.245614035087719,"X,Y",um,False,0.8595744680851064,1.0,,3.359329099395709
C3C34,C,C3,C,34,6.718178380809154,19.954657968750002,14.249915390625002,1501.0,29952.164253984378,262.0672108159241,10.184265125085059,67.9138795986621,0.5826101415336242,897.0,0.3231,0.4453125,2.245614035087719,"X,Y",um,False,0.870680044593088,0.9966555183946488,,3.359329099395709
C3C35,C,C3,C,35,6.591288731965627,18.947757421875,14.249915390625002,1529.0,28971.140357812503,233.88774938355107,10.037600314511254,65.36346566523626,0.5852965665189419,932.0,0.3486,0.4453125,2.245614035087719,"X,Y",um,False,0.8508583690987124,0.9978540772532188,,3.359329099395709
C3C36,C,C3,C,36,6.525206959051589,20.188086328125003,14.249915390625002,1494.0,30160.570325859382,326.35294258738406,9.83093510816696,65.36346566523582,0.7040587263989119,932.0,0.3166,0.4453125,2.245614035087719,"X,Y",um,False,0.8497854077253219,0.9978540772532188,,3.359329099395709
C3C37,C,C3,C,37,6.638220867964412,21.129503671875003,15.140486953125,1479.0,31250.25011578125,322.11652734508675,10.162334935517217,67.6874999999999,0.6231170863435742,900.0,0.3393,0.4453125,2.245614035087719,"X,Y",um,False,0.87,0.9977777777777778,,3.359329099395709
C3C38,C,C3,C,38,6.971979127716919,24.031565156250004,17.366915859375002,1220.0,29318.92935351563,423.93412057527473,11.204693480135933,82.77004076087027,0.7726221298477901,736.0,0.3599,0.4453125,2.245614035087719,"X,Y",um,False,0.8777173913043478,1.0,,3.359329099395709
C3C39,C,C3,C,39,6.215007028191172,20.322904687500003,14.695201171875002,1346.0,27354.210616875003,268.99515633614504,9.711071007176509,62.22548518896835,0.7917327491495865,979.0,0.3456,0.4453125,2.245614035087719,"X,Y",um,False,0.8386108273748724,0.9948927477017364,,3.359329099395709
C3I1,C,C3,I,1,7.241352813574694,18.411565546875003,13.359343828125002,1646.0,30305.296679062503,262.2327977944336,11.594248066211698,87.15128755364788,0.6634987799473587,699.0,0.3112,0.4453125,2.245614035087719,"X,Y",um,False,0.8698140200286123,1.0,,3.359329099395709
C3I2,C,C3,I,2,6.66837684173848,19.19197125,13.804629609375002,1640.0,31475.13253195313,278.2911736995667,10.434788242913529,72.6954057279235,0.7482292220353449,838.0,0.2931,0.4453125,2.245614035087719,"X,Y",um,False,0.8651551312649165,1.0,,3.359329099395709
C3I3,C,C3,I,3,6.993248467474197,18.349163906250002,13.804629609375002,1662.0,30496.78112085938,200.44808225035405,11.24686287970749,81.66052278820351,0.6966369902090264,746.0,0.2957,0.4453125,2.245614035087719,"X,Y",um,False,0.8713136729222519,0.9986595174262736,,3.359329099395709
C3I4,C,C3,I,4,6.060710056438107,19.399206328125004,13.359343828125002,1605.0,31135.35945070313,278.21639248346565,9.380141609489542,59.6073874755382,0.7277574306386969,1022.0,0.3205,0.4453125,2.245614035087719,"X,Y",um,False,0.8600782778864972,0.9990215264187868,,3.359329099395709
C3I5,C,C3,I,5,5.309234249229049,18.840673125000002,13.359343828125002,1576.0,29692.99252148438,245.05863866493536,7.900959277727639,43.20478723404245,0.6296448104423112,1410.0,0.3102,0.4453125,2.245614035087719,"X,Y",um,False,0.850354609929078,0.998581560283688,,3.359329099395709
C3I6,C,C3,I,6,5.521870494193142,18.56487328125,13.804629609375002,1537.0,28533.843527343754,212.96503342155765,8.52786280929809,49.16767554479411,0.7216907351067297,1239.0,0.3276,0.4453125,2.245614035087719,"X,Y",um,False,0.8418079096045198,0.9991928974979822,,3.359329099395709
C3I7,C,C3,I,7,4.959193657826888,18.95931328125,13.359343828125002,1538.0,29159.062513359382,273.64761628071903,7.463575783835581,37.88479477611945,0.6740372114809439,1608.0,0.2912,0.4453125,2.245614035087719,"X,Y",um,False,0.8569651741293532,0.9987562189054726,,3.359329099395709
C3I8,C,C3,I,8,5.135252492986949,17.057218828125002,12.468772265625,1614.0,27530.554571718756,210.66699478073735,7.685308238535978,39.89440078585478,0.6108897006533094,1527.0,0.3099,0.4453125,2.245614035087719,"X,Y",um,False,0.8461034708578913,0.9980353634577604,,3.359329099395709
C3I9,C,C3,I,9,6.008336064388505,18.183529921875003,14.249915390625002,1622.0,29493.937451015627,184.54223628599857,8.840525125387998,54.68469479353684,0.6630603909803015,1114.0,0.2997,0.4453125,2.245614035087719,"X,Y",um,False,0.8545780969479354,0.9982046678635548,,3.359329099395709
C3I10,C,C3,I,10,5.719730377476494,19.366079531250005,13.804629609375002,1502.0,29087.81216601563,282.68071238435675,8.632045479787186,49.48720552396426,0.605352973340071,1231.0,0.2982,0.4453125,2.245614035087719,"X,Y",um,False,0.8545897644191714,0.9983753046303818,,3.359329099395709
C3I11,C,C3,I,11,6.5047554654033775,19.668843046875,14.695201171875002,1579.0,31057.42981664063,248.85764314321293,10.046997556331094,65.78698704103662,0.6762510950786988,926.0,0.3442,0.4453125,2.245614035087719,"X,Y",um,False,0.847732181425486,0.9989200863930886,,3.359329099395709
C3I12,C,C3,I,12,6.673221629800992,19.017862968750002,13.804629609375002,1644.0,31265.39060273438,246.17026737729498,10.025035032104139,66.36029411764733,0.6534191675105353,918.0,0.3069,0.4453125,2.245614035087719,"X,Y",um,False,0.8583877995642701,1.0,,3.359329099395709
C3I13,C,C3,I,13,6.246593773167031,18.5633325,13.359343828125002,1603.0,29757.117525937505,216.46372603200078,9.555509951756207,59.72426470588203,0.6852553233299548,1020.0,0.3223,0.4453125,2.245614035087719,"X,Y",um,False,0.8352941176470589,0.9980392156862744,,3.359329099395709
C3I14,C,C3,I,14,6.461964369930208,20.391469453125005,14.695201171875002,1461.0,29791.85135765625,348.0715443493104,9.775111958702409,64.87619808306731,0.7226562385303054,939.0,0.2895,0.4453125,2.245614035087719,"X,Y",um,False,0.8594249201277955,0.9978700745473909,,3.359329099395709
C3I15,C,C3,I,15,6.777061766657676,20.091787500000002,14.249915390625002,1615.0,32448.58579945313,293.79225149423223,10.178553617666365,70.75348432055756,0.6649923102983144,861.0,0.3151,0.4453125,2.245614035087719,"X,Y",um,False,0.8559814169570267,0.9976771196283392,,3.359329099395709
C3I16,C,C3,I,16,6.328716758919968,19.891485937500004,14.695201171875002,1572.0,31269.84346054688,269.03076643905035,9.479498232244588,61.97227873855536,0.6654020379297356,983.0,0.3116,0.4453125,2.245614035087719,"X,Y",um,False,0.8626653102746694,0.9979654120040692,,3.359329099395709
C3I17,C,C3,I,17,6.195382916755053,19.405369453125004,13.804629609375002,1577.0,30601.874728359377,260.67901030433353,9.18419861310958,58.184097421203454,0.6467412829315781,1047.0,0.3111,0.4453125,2.245614035087719,"X,Y",um,False,0.8481375358166189,1.0,,3.359329099395709
C3I18,C,C3,I,18,6.35615815274564,18.228982968750003,13.804629609375002,1638.0,29858.64807679688,198.19752374674079,9.509589658547812,61.84644670050764,0.6763773377324593,985.0,0.3238,0.4453125,2.245614035087719,"X,Y",um,False,0.8467005076142132,0.9969543147208122,,3.359329099395709
C3I19,C,C3,I,19,6.2577472974095,17.704346953125004,13.804629609375002,1608.0,28468.382665546877,167.9449608235657,9.405894801370664,58.972652468538314,0.6158144681514922,1033.0,0.3194,0.4453125,2.245614035087719,"X,Y",um,False,0.8441432720232332,1.0,,3.359329099395709
C3I20,C,C3,I,20,7.200282170284844,21.5925084375,15.140486953125,1516.0,32734.476219609376,315.0948085538819,10.984083758532252,78.10096153846165,0.6486673200928631,780.0,0.2961,0.4453125,2.245614035087719,"X,Y",um,False,0.8871794871794871,1.0,,3.359329099395709
C3I21,C,C3,I,21,6.566941421116198,19.181956171875004,14.249915390625002,1539.0,29520.65613867188,262.33488008942874,9.821090077485415,65.0841346153846,0.6697279723860983,936.0,0.2722,0.4453125,2.245614035087719,"X,Y",um,False,0.8611111111111112,1.0,,3.359329099395709
C3I22,C,C3,I,22,8.340587506816187,24.920595937500003,17.366915859375002,1344.0,33493.73470007813,467.63899337263194,12.536387808303184,103.07741116751228,0.5457774027862122,591.0,0.2762,0.4453125,2.245614035087719,"X,Y",um,False,0.8663282571912013,1.0,,3.359329099395709
C3I23,C,C3,I,23,6.527012700363856,18.552547031250004,12.914058046875002,1649.0,30592.523726953128,245.2040465851319,9.869887071680056,64.26028481012632,0.5979783817672745,948.0,0.3295,0.4453125,2.245614035087719,"X,Y",um,False,0.8270042194092827,0.9957805907172996,,3.359329099395709
C3I24,C,C3,I,24,6.065546425694431,20.091017109375002,13.804629609375002,1501.0,30156.562753828126,357.7284107555054,9.095959515499315,53.720238095238116,0.5124223233255482,1134.0,0.2617,0.4453125,2.245614035087719,"X,Y",um,False,0.8783068783068783,0.9982363315696648,,3.359329099395709
C3I25,C,C3,I,25,6.3483348996005695,18.613407890625005,13.359343828125002,1613.0,30023.413830937505,238.47670464461063,9.405748612649667,59.90044247787595,0.625874269117781,1017.0,0.3142,0.4453125,2.245614035087719,"X,Y",um,False,0.8702064896755162,0.9960668633235004,,3.359329099395709
C3I26,C,C3,I,26,7.128639169062619,22.641010078125003,16.698987187500002,1320.0,29886.258106406254,342.18875534935916,11.127012474331988,84.02586206896498,0.8516518072164867,725.0,0.3778,0.4453125,2.245614035087719,"X,Y",um,False,0.8551724137931035,0.9986206896551724,,3.359329099395709
C3I27,C,C3,I,27,6.314934488622485,21.305152734375003,15.585772734375004,1359.0,28953.32815617188,355.67548832301645,9.87833149339414,66.4326608505999,0.7583942254082092,917.0,0.3823,0.4453125,2.245614035087719,"X,Y",um,False,0.836423118865867,0.9978189749182116,,3.359329099395709
C3I28,C,C3,I,28,6.500064051816011,23.201854453125005,16.476344296875002,1312.0,30441.11731664063,383.58787398359993,10.098698026582774,73.21965144230765,0.9501229439175108,832.0,0.3705,0.4453125,2.245614035087719,"X,Y",um,False,0.8629807692307693,0.997596153846154,,3.359329099395709
C3I29,C,C3,I,29,8.920482237025892,20.61411234375,15.585772734375004,1541.0,31765.92186609375,278.7315519721619,15.23769230864089,140.04310344827599,0.6530169437326602,435.0,0.3637,0.4453125,2.245614035087719,"X,Y",um,False,0.8781609195402299,1.0,,3.359329099395709
C3S1,C,C3,S,1,8.900665148518748,19.555595625000002,14.249915390625002,1677.0,32794.14836625,267.15174000908206,14.592957208313035,129.61436170212755,0.6549656782891096,470.0,0.3672,0.4453125,2.245614035087719,"X,Y",um,False,0.8595744680851064,0.997872340425532,,3.359329099395709
C3S2,C,C3,S,2,8.05575226362251,19.168089140625003,13.804629609375002,1590.0,30477.633061875003,247.25578201419074,12.99049617705188,107.63030035335701,0.6600122034547166,566.0,0.3772,0.4453125,2.245614035087719,"X,Y",um,False,0.8480565371024735,0.9964664310954064,,3.359329099395709
C3S3,C,C3,S,3,6.309439845442289,19.222786875000004,14.249915390625002,1481.0,28468.382665546877,251.29396768364873,9.708958743507539,62.932592975206475,0.5994572875509021,968.0,0.3853,0.4453125,2.245614035087719,"X,Y",um,False,0.865702479338843,0.9979338842975206,,3.359329099395709
C3S4,C,C3,S,4,6.776625138275415,20.730441328125004,15.140486953125,1474.0,30556.89855328125,314.64908876585093,10.298226468085698,72.86931818181824,0.7160571737821173,836.0,0.3981,0.4453125,2.245614035087719,"X,Y",um,False,0.8624401913875599,0.9964114832535884,,3.359329099395709
C3S5,C,C3,S,5,5.900154696705779,20.214279609375005,14.695201171875002,1457.0,29452.078276406253,259.3062408373352,9.385681096747334,56.93341121495365,0.7205812277991798,1070.0,0.3752,0.4453125,2.245614035087719,"X,Y",um,False,0.8401869158878504,0.9990654205607477,,3.359329099395709
C3S6,C,C3,S,6,6.172828383029294,19.704281015625003,14.249915390625002,1546.0,30462.93786070313,292.8331527226502,9.26980725757302,57.14704502814245,0.5959508067556564,1066.0,0.3582,0.4453125,2.245614035087719,"X,Y",um,False,0.8227016885553471,0.99718574108818,,3.359329099395709
C3S7,C,C3,S,7,5.478028886902378,17.70511734375,12.468772265625,1650.0,29213.39046023438,218.54810405538944,7.930386788758757,44.40142128279893,0.6709830551036657,1372.0,0.2773,0.4453125,2.245614035087719,"X,Y",um,False,0.8571428571428572,0.999271137026239,,3.359329099395709
C3S8,C,C3,S,8,6.2524748961963015,21.833640703125003,15.585772734375004,1399.0,30544.875066796878,349.6538199217346,9.562095052417122,63.45703124999982,0.7701023637710547,960.0,0.3681,0.4453125,2.245614035087719,"X,Y",um,False,0.8364583333333333,0.99375,,3.359329099395709
C3S9,C,C3,S,9,5.930269652005112,19.795957500000004,14.249915390625002,1509.0,29871.562134843753,301.64190517798465,8.807099361667083,54.39174107142857,0.6235040360627775,1120.0,0.3498,0.4453125,2.245614035087719,"X,Y",um,False,0.8375,0.9964285714285714,,3.359329099395709
C3S11,C,C3,S,11,5.91466499248206,19.739718984375003,14.249915390625002,1608.0,31740.984321562508,294.8041719184571,9.117687963039305,52.743506493506636,0.5408578637722462,1155.0,0.3478,0.4453125,2.245614035087719,"X,Y",um,False,0.8554112554112554,0.9991341991341992,,3.359329099395709
C3S12,C,C3,S,12,5.883079252856704,18.851458593750003,13.359343828125002,1608.0,30313.757879296878,269.98155618662116,8.621241185117846,51.53870558375624,0.5490979019679997,1182.0,0.3206,0.4453125,2.245614035087719,"X,Y",um,False,0.8510998307952623,0.9957698815566836,,3.359329099395709
C3S13,C,C3,S,13,6.975353157685131,18.87148875,13.804629609375002,1590.0,30005.156343515628,232.94348815484625,10.534468029734025,73.39608433734905,0.6484990966141823,830.0,0.37,0.4453125,2.245614035087719,"X,Y",um,False,0.8650602409638555,0.993975903614458,,3.359329099395709
C3S14,C,C3,S,14,7.07715583473482,21.298219218750003,16.031058515625002,1505.0,32054.038715156257,282.8148437719666,10.809712335726642,75.76958955223884,0.6192730238160807,804.0,0.3761,0.4453125,2.245614035087719,"X,Y",um,False,0.8644278606965174,0.996268656716418,,3.359329099395709
C3S15,C,C3,S,15,7.006723307049021,19.009388671875005,14.249915390625002,1566.0,29768.249670468755,222.14591145225225,10.737886314218903,80.5803571428574,0.7329286930096579,756.0,0.3725,0.4453125,2.245614035087719,"X,Y",um,False,0.8280423280423281,0.996031746031746,,3.359329099395709
C3S16,C,C3,S,16,7.511266575666516,20.804398828125002,15.585772734375004,1488.0,30956.78906695313,298.0820818908875,11.446597564805236,85.92207334273638,0.6376851530060884,709.0,0.3802,0.4453125,2.245614035087719,"X,Y",um,False,0.847672778561354,0.995768688293371,,3.359329099395709
C3S17,C,C3,S,17,7.177347355363585,22.335935390625004,16.921630078125002,1422.0,31761.914294062506,341.7465965716187,11.121334632164762,81.2250000000004,0.601418572272887,750.0,0.3873,0.4453125,2.245614035087719,"X,Y",um,False,0.8653333333333334,0.996,,3.359329099395709
C3S18,C,C3,S,18,11.087318676784216,23.336672812500005,17.366915859375002,1479.0,34514.39057156251,366.04633729246217,17.754276818181246,197.78814935064875,0.6909457933717031,308.0,0.2587,0.4453125,2.245614035087719,"X,Y",um,False,0.8571428571428572,0.9935064935064936,,3.359329099395709
C3S22,C,C3,S,22,10.064520690269598,28.297988437500003,20.0394009375,1347.0,38117.41430742188,698.1793930830873,15.850590319498064,163.76008064516125,0.6047590107622813,372.0,0.3012,0.4453125,2.245614035087719,"X,Y",um,False,0.8333333333333334,0.9973118279569892,,3.359329099395709
C3S23,C,C3,S,23,9.951172089872802,22.550103984375003,16.031058515625002,1460.0,32923.288946718756,333.6203710886353,16.21133471366999,164.64527027026955,0.7121761833427437,370.0,0.316,0.4453125,2.245614035087719,"X,Y",um,False,0.9081081081081082,1.0,,3.359329099395709
C3S24,C,C3,S,24,11.069332065046874,24.129404765625004,17.366915859375002,1402.0,33829.50020929688,402.7045642265809,19.063392250912663,214.50264084507097,0.7861248231749782,284.0,0.3227,0.4453125,2.245614035087719,"X,Y",um,False,0.880281690140845,0.9964788732394366,,3.359329099395709
C3S25,C,C3,S,25,11.125716821765398,23.884420546875003,17.366915859375002,1461.0,34895.578312031255,378.0516899852601,19.51526565065914,228.1601123595501,0.8410815756381587,267.0,0.275,0.4453125,2.245614035087719,"X,Y",um,False,0.8426966292134831,1.0,,3.359329099395709
C3S26,C,C3,S,26,11.207180249577382,30.28097390625,21.37525828125,1290.0,39062.36697375001,755.1644602572511,18.93460479885413,212.2604529616719,0.7682532407879518,287.0,0.2874,0.4453125,2.245614035087719,"X,Y",um,False,0.8362369337979093,0.9930313588850174,,3.359329099395709
C3S27,C,C3,S,27,11.669934994437003,21.742734609375002,16.476344296875002,1517.0,32984.29695070313,294.5353156415223,19.661893177800035,244.65361445783122,0.8667789140497543,249.0,0.2936,0.4453125,2.245614035087719,"X,Y",um,False,0.8473895582329317,1.0,,3.359329099395709
C3S28,C,C3,S,28,10.745071169353425,23.689511718750005,16.476344296875002,1353.0,32052.257572031252,481.52218549196783,17.200179943236076,185.16337386018188,0.7955141063236726,329.0,0.2973,0.4453125,2.245614035087719,"X,Y",um,False,0.8571428571428571,1.0,,3.359329099395709
C3S29,C,C3,S,29,10.848805017651513,24.528467109375,17.812201640625002,1436.0,35222.88262101563,452.94448440877085,17.28972007755085,187.4423076923081,0.706505729722338,325.0,0.2604,0.4453125,2.245614035087719,"X,Y",um,False,0.84,0.9969230769230768,,3.359329099395709
C3S31,C,C3,S,31,8.970868082712983,23.674874296875004,17.366915859375002,1451.0,34352.74181789063,417.07502125400396,13.625021661308386,131.29040948275886,0.78551918309879,464.0,0.2361,0.4453125,2.245614035087719,"X,Y",um,False,0.8556034482758621,1.0,,3.359329099395709
C3S32,C,C3,S,32,11.388682014787861,26.648582109375006,19.148058984375,1304.0,34749.51533109375,507.1080444294068,18.767324634714125,216.79270462633477,0.753852579892879,281.0,0.3259,0.4453125,2.245614035087719,"X,Y",um,False,0.8327402135231317,1.0,,3.359329099395709
C3S33,C,C3,S,33,9.888310885341351,21.299760000000003,16.031058515625002,1381.0,29414.671959609375,296.18703091461185,15.88531184980011,162.4499999999994,0.7019896666360441,375.0,0.3464,0.4453125,2.245614035087719,"X,Y",um,False,0.856,1.0,,3.359329099395709
C3S34,C,C3,S,34,9.267168729197875,22.494635859375006,16.921630078125002,1508.0,33922.125044531254,346.37175543729865,15.274926345084163,141.3428074245938,0.6556432142280104,431.0,0.3436,0.4453125,2.245614035087719,"X,Y",um,False,0.8793503480278422,1.0,,3.359329099395709
C3S35,C,C3,S,35,9.847982593016264,21.981555703125004,16.031058515625002,1537.0,33785.41383539063,357.4144483482239,15.897289178815024,178.64736070381144,0.8165522756049763,341.0,0.3441,0.4453125,2.245614035087719,"X,Y",um,False,0.844574780058651,0.997067448680352,,3.359329099395709
C3S36,C,C3,S,36,10.797723726776516,25.065429375000004,17.812201640625002,1515.0,37973.57775539063,500.56112701027234,17.909017648060242,187.44230769230725,0.5948479585153772,325.0,0.3553,0.4453125,2.245614035087719,"X,Y",um,False,0.8430769230769231,0.9969230769230768,,3.359329099395709
C3S37,C,C3,S,37,10.049679134152145,22.132552265625,16.476344296875002,1534.0,33951.070161093754,386.6111717202577,16.23379689633958,169.69011142061288,0.6682543493086549,359.0,0.3299,0.4453125,2.245614035087719,"X,Y",um,False,0.8467966573816156,1.0,,3.359329099395709
C3S38,C,C3,S,38,8.63417812875378,20.946921093750003,15.140486953125,1537.0,32195.202782109376,278.3475563625001,13.574725832819382,122.32680722891546,0.7389858521095635,498.0,0.3461,0.4453125,2.245614035087719,"X,Y",um,False,0.8514056224899599,1.0,,3.359329099395709
C3S39,C,C3,S,39,8.502398655726761,20.747389921875005,15.585772734375004,1568.0,32532.304919062506,299.8501235001343,12.96976341431451,111.98299632352884,0.6843371336986115,544.0,0.335,0.4453125,2.245614035087719,"X,Y",um,False,0.8602941176470589,0.9981617647058824,,3.359329099395709
C3S40,C,C3,S,40,7.675383009065607,18.856851328125003,14.249915390625002,1613.0,30416.179772109375,208.9143842160828,11.96173662833136,95.03705148205918,0.7743887774097371,641.0,0.3209,0.4453125,2.245614035087719,"X,Y",um,False,0.8315132605304212,1.0,,3.359329099395709
C3S43,C,C3,S,43,7.332228754345019,19.550973281250002,14.249915390625002,1608.0,31437.726215156257,259.3934855894532,11.582815767875822,89.71833578792321,0.6740276044821881,679.0,0.2677,0.4453125,2.245614035087719,"X,Y",um,False,0.8541973490427099,0.9941089837997056,,3.359329099395709
C3S44,C,C3,S,44,7.636858976039416,20.584067109375003,14.249915390625002,1481.0,30484.757634375,360.32616776244515,11.389823004861318,87.40136298421812,0.7000476441603666,697.0,0.2451,0.4453125,2.245614035087719,"X,Y",um,False,0.8522238163558106,0.9971305595408896,,3.359329099395709
C3S46,C,C3,S,46,7.548722831838652,19.972376953125003,14.249915390625002,1588.0,31716.492062812504,265.7403929306031,11.485803104416247,91.74510542168663,0.6596228311352943,664.0,0.2682,0.4453125,2.245614035087719,"X,Y",um,False,0.8463855421686747,0.9909638554216867,,3.359329099395709
D1C2,D,D1,C,2,9.737679947260904,18.436218046875002,13.804629609375002,981.0,18085.922200078126,197.3523773044556,15.183292482896416,148.94559902200487,0.6316612507190957,409.0,0.432,0.4453125,2.245614035087719,"X,Y",um,False,0.8997555012224939,0.9975550122249388,,2.240341307836236
D1C3,D,D1,C,3,9.317752186610774,19.834477031250003,15.585772734375004,1131.0,22433.06238867188,231.37545662358403,14.910041634690021,144.0159574468084,0.770328028704114,423.0,0.4238,0.4453125,2.245614035087719,"X,Y",um,False,0.91725768321513,0.9976359338061466,,2.240341307836236
D1C4,D,D1,C,4,10.37693458640139,21.821314453125,15.585772734375004,1143.0,24941.95347679688,350.61647970360724,16.675492184407602,165.09146341463398,0.5635406160904369,369.0,0.425,0.4453125,2.245614035087719,"X,Y",um,False,0.8861788617886179,1.0,,2.240341307836236
D1C5,D,D1,C,5,10.556236597704945,21.697281562500002,16.031058515625002,1187.0,25755.093847968754,309.10281523835454,16.914161916563305,180.76780415430278,0.6745417289495104,337.0,0.4162,0.4453125,2.245614035087719,"X,Y",um,False,0.8813056379821959,1.0,,2.240341307836236
D1C9,D,D1,C,9,12.065199390928646,20.803628437500002,16.031058515625002,941.0,19576.38307523438,282.3020582901307,20.13551067117062,238.89705882352962,0.6687077779813656,255.0,0.4088,0.4453125,2.245614035087719,"X,Y",um,False,0.9137254901960784,1.0,,2.240341307836236
D1C12,D,D1,C,12,12.992238022098544,17.703576562500004,13.359343828125002,826.0,14623.171959609377,170.42639149434817,22.673979343957217,300.0923645320195,0.8087376200098768,203.0,0.486,0.4453125,2.245614035087719,"X,Y",um,False,0.9064039408866996,0.9950738916256158,,2.240341307836236
D1C14,D,D1,C,14,10.388009296362215,23.284286250000005,17.366915859375002,1209.0,28150.874643750005,374.7696255008241,16.5626923158283,171.12008426966278,0.6724750904325827,356.0,0.4131,0.4453125,2.245614035087719,"X,Y",um,False,0.8764044943820224,0.99438202247191,,2.240341307836236
D1C15,D,D1,C,15,12.398787988165367,21.819773671875005,15.585772734375004,839.0,18306.797044218754,349.8532364980042,20.09995024790213,251.7303719008261,0.5851143162247823,242.0,0.4179,0.4453125,2.245614035087719,"X,Y",um,False,0.8966942148760331,1.0,,2.240341307836236
D1C16,D,D1,C,16,10.45607940411424,18.339148828125,13.359343828125002,896.0,16431.58614234375,186.68715148432622,16.62768481710464,179.17279411764684,0.6084454719763234,340.0,0.4521,0.4453125,2.245614035087719,"X,Y",um,False,0.8911764705882352,0.9970588235294118,,2.240341307836236
D1C22,D,D1,C,22,11.70973412219457,17.724377109375002,13.804629609375002,1058.0,18752.55430453125,187.09132615230106,19.159223863809462,230.75284090909014,0.6818060386273138,264.0,0.4257,0.4453125,2.245614035087719,"X,Y",um,False,0.9053030303030304,1.0,,2.240341307836236
D1C23,D,D1,C,23,11.43547172153123,21.265092421875003,16.031058515625002,1181.0,25113.843803437503,309.4577292639771,18.855679634773395,205.80658783783787,0.6370204262381445,296.0,0.4169,0.4453125,2.245614035087719,"X,Y",um,False,0.8783783783783783,0.9932432432432432,,2.240341307836236
D1C25,D,D1,C,25,11.43533066426861,21.295137656250002,14.249915390625002,1095.0,23318.343678750003,440.80856133865365,17.779653016318708,201.71771523178833,0.6171626958795141,302.0,0.4135,0.4453125,2.245614035087719,"X,Y",um,False,0.890728476821192,1.0,,2.240341307836236
D1C26,D,D1,C,26,10.775394372966431,18.824494921875,14.695201171875002,940.0,17694.937402031253,199.8183769306458,16.260389933520536,182.39146706586797,0.7593744403186047,334.0,0.4489,0.4453125,2.245614035087719,"X,Y",um,False,0.8982035928143713,0.997005988023952,,2.240341307836236
D1C28,D,D1,C,28,10.128832166997656,19.898419453125005,13.804629609375002,857.0,17053.242071718752,294.38515970760506,15.799907449830222,157.00708762886612,0.5478472827573327,388.0,0.4393,0.4453125,2.245614035087719,"X,Y",um,False,0.8814432989690721,1.0,,2.240341307836236
D1C29,D,D1,C,29,9.717039696243909,19.000143984375004,13.804629609375002,1063.0,20197.148433046877,236.90689260820318,15.125135755452597,146.79216867469881,0.5855638337387433,415.0,0.458,0.4453125,2.245614035087719,"X,Y",um,False,0.8891566265060241,1.0,,2.240341307836236
D1C31,D,D1,C,31,12.03786390951127,20.295941015625,13.804629609375002,809.0,16419.562655859376,375.640292516858,20.484440416196424,264.86413043478285,0.9135469222699398,230.0,0.4443,0.4453125,2.245614035087719,"X,Y",um,False,0.8521739130434782,0.9956521739130436,,2.240341307836236
D1I2,D,D1,I,2,9.00569465277378,21.774320625,15.585772734375004,1331.0,28981.82798695313,336.76949118889166,13.984100319201968,127.44508368200829,0.6511237048594585,478.0,0.3825,0.4453125,2.245614035087719,"X,Y",um,False,0.8744769874476988,1.0,,2.240341307836236
D1I3,D,D1,I,3,11.195411355957548,27.353489531250005,21.37525828125,1264.0,34574.50800398438,496.1977024009462,18.67453947346508,218.34677419354819,0.8078093795269982,279.0,0.3654,0.4453125,2.245614035087719,"X,Y",um,False,0.8422939068100358,1.0,,2.240341307836236
D1I6,D,D1,I,6,10.173643471437622,25.409793984375,18.702773203125002,1126.0,28611.327875625007,499.6299228192994,16.935565925698228,191.5683962264148,0.9779316472878724,318.0,0.3772,0.4453125,2.245614035087719,"X,Y",um,False,0.889937106918239,1.0,,2.240341307836236
D1I8,D,D1,I,8,12.451080583877305,21.710378203125003,15.585772734375004,1162.0,25227.843896953127,341.5317489507569,20.423961201963717,252.77489626555985,0.7509586862908806,241.0,0.3867,0.4453125,2.245614035087719,"X,Y",um,False,0.9128630705394192,0.995850622406639,,2.240341307836236
D1I9,D,D1,I,9,9.053495483383388,24.523074375000004,17.812201640625002,1302.0,31928.90647710938,439.80079542643443,14.556059550250238,135.0748337028829,0.6076875048879701,451.0,0.3461,0.4453125,2.245614035087719,"X,Y",um,False,0.8802660753880266,1.0,,2.240341307836236
D1I11,D,D1,I,11,12.144364035047147,23.6818078125,17.366915859375002,1213.0,28725.77325492188,391.8363608198914,21.0244260739404,274.4087837837831,0.795266714819967,222.0,0.3927,0.4453125,2.245614035087719,"X,Y",um,False,0.8378378378378378,1.0,,2.240341307836236
D1I15,D,D1,I,15,9.494689760386919,25.0315321875,18.702773203125002,1292.0,32340.375191484378,415.3301262116456,14.929320996570342,148.9455990220049,0.8889727417936147,409.0,0.3813,0.4453125,2.245614035087719,"X,Y",um,False,0.8948655256723718,0.9975550122249388,,2.240341307836236
D1I17,D,D1,I,17,10.528203336932824,22.239636562500003,16.698987187500002,1358.0,30201.093643125,325.987939032605,16.786902574930917,171.60211267605555,0.7233029355615904,355.0,0.3627,0.4453125,2.245614035087719,"X,Y",um,False,0.8901408450704226,1.0,,2.240341307836236
D1I18,D,D1,I,18,10.462711343469758,21.738112265625002,16.476344296875002,1196.0,25999.125093515628,343.3300591474732,17.19156704107815,174.55229226361018,0.6528978193957031,349.0,0.3927,0.4453125,2.245614035087719,"X,Y",um,False,0.8767908309455587,0.991404011461318,,2.240341307836236
D1I19,D,D1,I,19,10.622991812120759,19.708903359375,14.695201171875002,1052.0,20733.750155859376,232.3470189311829,17.59022391500576,203.06250000000082,0.8769574518358457,300.0,0.4128,0.4453125,2.245614035087719,"X,Y",um,False,0.8766666666666667,0.9966666666666668,,2.240341307836236
D1I26,D,D1,I,26,9.78881607641754,25.197166171875004,18.257487421875005,1201.0,30261.656361328132,456.96605203020636,16.369305407656938,155.00954198473215,0.6632861630047503,393.0,0.4042,0.4453125,2.245614035087719,"X,Y",um,False,0.8778625954198472,0.9949109414758268,,2.240341307836236
D1I27,D,D1,I,27,10.854216578355667,22.992308203125003,17.366915859375002,1279.0,29407.546616718755,360.49590925296025,17.848365945578994,189.77803738317738,0.6987612860352803,321.0,0.4047,0.4453125,2.245614035087719,"X,Y",um,False,0.8847352024922118,0.9968847352024922,,2.240341307836236
D1S8,D,D1,S,8,11.334243256558592,23.302005234375002,16.476344296875002,1096.0,25539.11714742188,463.5859701602967,17.557631180472086,207.91382252559706,0.6697545567516462,293.0,0.3916,0.4453125,2.245614035087719,"X,Y",um,False,0.924914675767918,1.0,,2.240341307836236
D1S9,D,D1,S,9,11.975545288397324,21.258929296875003,16.031058515625002,1026.0,21811.85174507813,290.0199545931336,20.683478007568027,237.0379377431907,0.7411703975600596,257.0,0.425,0.4453125,2.245614035087719,"X,Y",um,False,0.906614785992218,0.9961089494163424,,2.240341307836236
D1S10,D,D1,S,10,12.115005703156955,20.450019140625002,14.695201171875002,834.0,17055.468500625,335.70712311888434,21.62485919738232,260.3365384615374,0.7466499619152374,234.0,0.4753,0.4453125,2.245614035087719,"X,Y",um,False,0.8974358974358975,0.9871794871794872,,2.240341307836236
D1S11,D,D1,S,11,10.572683031885427,20.799776484375002,15.585772734375004,1013.0,21070.40623664063,378.6481592089234,16.495334490174276,181.84701492537317,0.7513827526722743,335.0,0.4364,0.4453125,2.245614035087719,"X,Y",um,False,0.8716417910447761,0.9940298507462688,,2.240341307836236
D1S13,D,D1,S,13,12.381942556911918,20.193479062500003,15.140486953125,892.0,18012.89070960938,260.53063487556153,20.285279467872154,248.64795918367372,0.6058226075602258,245.0,0.4078,0.4453125,2.245614035087719,"X,Y",um,False,0.873469387755102,0.9959183673469388,,2.240341307836236
D1S15,D,D1,S,15,13.471794499105842,19.611063750000003,14.249915390625002,693.0,13590.491831250003,239.41681136130984,23.248845436867576,307.6704545454548,0.7063206001671536,198.0,0.4893,0.4453125,2.245614035087719,"X,Y",um,False,0.904040404040404,0.9949494949494948,,2.240341307836236
D1S16,D,D1,S,16,14.373944656033267,19.597196718750002,15.140486953125,698.0,13679.109094453126,240.62874186351934,26.49020936084541,336.567679558011,0.7370370734132682,181.0,0.4496,0.4453125,2.245614035087719,"X,Y",um,False,0.9005524861878453,0.988950276243094,,2.240341307836236
D1S21,D,D1,S,21,12.31649747055278,18.674268750000003,13.804629609375002,816.0,15238.148602265628,200.60773421171268,22.500987992790265,292.87860576923,0.8166572967692497,208.0,0.4828,0.4453125,2.245614035087719,"X,Y",um,False,0.8653846153846154,1.0,,2.240341307836236
D1S23,D,D1,S,23,11.75558590073669,19.024026093750003,14.249915390625002,933.0,17749.7106346875,270.4450810261048,19.18112503518601,221.52272727272705,0.7132869423077851,275.0,0.4425,0.4453125,2.245614035087719,"X,Y",um,False,0.9090909090909092,0.9963636363636365,,2.240341307836236
D2C1,D,D2,C,1,7.993170892393059,23.807381484375004,17.812201640625002,1434.0,34140.32817398438,387.80589067272956,12.058929010100053,94.30147058823515,0.5823404406096568,646.0,0.2525,0.4453125,2.245614035087719,"X,Y",um,False,0.8962848297213621,0.9969040247678018,,2.486376678496646
D2C2,D,D2,C,2,8.393903334174098,24.875142890625003,18.702773203125002,1374.0,34178.62506234375,432.2751936791199,13.04798216997177,110.76136363636375,0.6687651937014715,550.0,0.3094,0.4453125,2.245614035087719,"X,Y",um,False,0.8945454545454545,1.0,,2.486376678496646
D2C3,D,D2,C,3,8.63262976031535,26.070018750000006,19.148058984375,1359.0,35429.06226398438,455.66687677587896,13.052820739678065,101.8708193979936,0.5295291911349965,598.0,0.2612,0.4453125,2.245614035087719,"X,Y",um,False,0.9063545150501673,0.9983277591973244,,2.486376678496646
D2C4,D,D2,C,4,8.819946803675775,23.033138906250002,16.921630078125002,1426.0,32845.359312656255,350.6236017241883,14.011147969489452,120.39278656126459,0.606571670540706,506.0,0.309,0.4453125,2.245614035087719,"X,Y",um,False,0.8932806324110673,0.9980237154150198,,2.486376678496646
D2C5,D,D2,C,5,9.490213505620547,23.120193046875002,16.921630078125002,1505.0,34796.27341968751,398.9583814009461,14.451495119817206,125.08983572895325,0.4884499594642705,487.0,0.3174,0.4453125,2.245614035087719,"X,Y",um,False,0.8767967145790555,0.997946611909651,,2.486376678496646
D2C6,D,D2,C,6,9.225372889563333,22.161827109375004,16.031058515625002,1535.0,34018.75745179688,373.81052672924204,13.727870628695726,118.7499999999997,0.5401986782753131,513.0,0.3366,0.4453125,2.245614035087719,"X,Y",um,False,0.8869395711500974,0.9980506822612085,,2.486376678496646
D2C7,D,D2,C,7,9.055060127495624,23.194920937500004,16.921630078125002,1483.0,34398.60933492188,383.81103062847296,13.679786451108065,122.57293762575432,0.5737588441136094,497.0,0.3359,0.4453125,2.245614035087719,"X,Y",um,False,0.9054325955734406,0.9979879275653923,,2.486376678496646
D2C8,D,D2,C,8,8.548244416965666,21.427644843750002,15.140486953125,1556.0,33341.43771820313,332.56097052720344,13.256055905938057,110.3600543478259,0.596515723956083,552.0,0.3306,0.4453125,2.245614035087719,"X,Y",um,False,0.8931159420289855,0.9981884057971014,,2.486376678496646
D2C9,D,D2,C,9,8.793269316680458,23.194920937500004,16.476344296875002,1383.0,32078.085688125007,372.6033442407532,13.981175218661459,124.32397959183633,0.6401170829078613,490.0,0.3348,0.4453125,2.245614035087719,"X,Y",um,False,0.8816326530612245,0.9979591836734694,,2.486376678496646
D2C10,D,D2,C,10,8.632781861417165,22.912957968750003,17.366915859375002,1476.0,33819.70315171876,346.49935830604255,13.029290303130901,111.77752293577993,0.599968979869063,545.0,0.3254,0.4453125,2.245614035087719,"X,Y",um,False,0.908256880733945,0.9963302752293578,,2.486376678496646
D2C11,D,D2,C,11,9.03683460216274,23.861308828125,17.589558750000002,1404.0,33501.74984414063,404.12718783764655,14.074906046179446,119.68320235756399,0.5891569071182846,509.0,0.3219,0.4453125,2.245614035087719,"X,Y",um,False,0.8722986247544204,0.9941060903732809,,2.486376678496646
D2C12,D,D2,C,12,9.775518829236287,24.878224453125004,17.812201640625002,1257.0,31272.070659843754,444.17193555805676,15.100511666474796,139.40217391304324,0.5851778101295565,437.0,0.3631,0.4453125,2.245614035087719,"X,Y",um,False,0.88558352402746,0.9954233409610984,,2.486376678496646
D2C13,D,D2,C,13,9.260782195060507,22.820511093750003,16.921630078125002,1405.0,32062.94520117188,382.3468618973511,14.86021751436842,131.2904094827585,0.7056966846685837,464.0,0.3528,0.4453125,2.245614035087719,"X,Y",um,False,0.8836206896551724,0.9978448275862069,,2.486376678496646
D2C14,D,D2,C,14,10.19701569862809,24.472228593750003,17.366915859375002,1350.0,33037.73432601563,451.9883531457643,15.207846304279633,148.58231707317117,0.5422384162911741,410.0,0.3439,0.4453125,2.245614035087719,"X,Y",um,False,0.8780487804878048,0.9975609756097561,,2.486376678496646
D2C15,D,D2,C,15,9.650676225457358,23.174120390625003,16.921630078125002,1421.0,32929.969003828126,368.3081723286622,14.732226905373983,140.36578341013836,0.6272142613721245,434.0,0.3479,0.4453125,2.245614035087719,"X,Y",um,False,0.880184331797235,0.9976958525345622,,2.486376678496646
D2C16,D,D2,C,16,9.783878405257072,22.932217734375,16.476344296875002,1488.0,34123.406543906254,400.71692698275154,15.849872730647949,151.91708229426428,0.5613618374914533,401.0,0.3577,0.4453125,2.245614035087719,"X,Y",um,False,0.8478802992518704,0.9975062344139651,,2.486376678496646
D2C17,D,D2,C,17,8.881505065909678,21.407614687500004,16.031058515625002,1547.0,33117.89038898438,283.6783887674195,13.647313434536375,123.06818181818137,0.6318921455984893,495.0,0.3154,0.4453125,2.245614035087719,"X,Y",um,False,0.905050505050505,0.997979797979798,,2.486376678496646
D2C18,D,D2,C,18,8.539800999633528,22.550874375000003,16.476344296875002,1286.0,29000.531530546876,358.819266907837,13.608779994510806,123.56744421906662,0.7693744217556414,493.0,0.3662,0.4453125,2.245614035087719,"X,Y",um,False,0.8924949290060852,0.9959432048681541,,2.486376678496646
D2C19,D,D2,C,19,9.151356353023177,22.928365781250005,16.921630078125002,1440.0,33017.24963929688,393.2079432834596,14.002287213056412,123.06818181818163,0.589152960755382,495.0,0.2956,0.4453125,2.245614035087719,"X,Y",um,False,0.8747474747474747,1.0,,2.486376678496646
D2C20,D,D2,C,20,10.13240778271439,24.170235468750004,17.812201640625002,1374.0,33210.069938437504,385.09121382791756,16.29418981650749,164.64527027026986,0.6148298742305025,370.0,0.3624,0.4453125,2.245614035087719,"X,Y",um,False,0.8972972972972973,1.0,,2.486376678496646
D2C21,D,D2,C,21,9.460574760747358,26.167087968750003,19.148058984375,1374.0,35954.085786093754,498.4138378050843,14.964077676904704,143.6762971698108,0.6726113274344458,424.0,0.3174,0.4453125,2.245614035087719,"X,Y",um,False,0.8938679245283019,1.0,,2.486376678496646
D2C22,D,D2,C,22,9.423527309331597,24.776532890625006,17.812201640625002,1402.0,34737.04655882813,429.1409111217408,14.670198872109728,137.20439189189187,0.6658048356055696,444.0,0.3059,0.4453125,2.245614035087719,"X,Y",um,False,0.8648648648648649,1.0,,2.486376678496646
D2C23,D,D2,C,23,10.963956697813831,22.231932656250002,16.476344296875002,1391.0,30924.726179531255,337.5333278962098,16.803211697796787,171.1200842696628,0.569334931411524,356.0,0.3301,0.4453125,2.245614035087719,"X,Y",um,False,0.8679775280898876,0.9971910112359551,,2.486376678496646
D2C24,D,D2,C,24,9.893356833958805,24.532319062500004,18.702773203125002,1393.0,34173.281632968756,401.800661114502,15.133026311873497,145.04464285714315,0.5838729473322986,420.0,0.3131,0.4453125,2.245614035087719,"X,Y",um,False,0.8761904761904762,1.0,,2.486376678496646
D2C25,D,D2,C,25,10.704364080774496,24.250356093750003,17.366915859375002,1333.0,32325.234704531256,411.3590062359925,16.450451719015522,178.6473607038123,0.5748113849519356,341.0,0.3402,0.4453125,2.245614035087719,"X,Y",um,False,0.8621700879765396,0.9970674486803519,,2.486376678496646
D2C26,D,D2,C,26,10.599243402707048,23.782728984375,17.366915859375002,1330.0,31630.54651429688,413.21251209221197,16.72213182227905,170.64075630252077,0.6039098149587925,357.0,0.3352,0.4453125,2.245614035087719,"X,Y",um,False,0.8879551820728292,0.9943977591036415,,2.486376678496646
D2C27,D,D2,C,27,11.000048639373846,23.377503515625,17.812201640625002,1324.0,30951.44563757813,343.3638887452332,17.569423311462966,191.56839622641527,0.6575001597577828,318.0,0.3463,0.4453125,2.245614035087719,"X,Y",um,False,0.8647798742138365,0.9968553459119497,,2.486376678496646
D2C28,D,D2,C,28,10.613366676260533,24.615521250000004,18.257487421875005,1334.0,32837.34339820313,380.2767279151246,16.54725644406763,159.8917322834645,0.4876236862337134,381.0,0.3126,0.4453125,2.245614035087719,"X,Y",um,False,0.8818897637795274,0.994750656167979,,2.486376678496646
D2C29,D,D2,C,29,11.429794402915274,24.8034965625,18.257487421875005,1313.0,32566.593465000005,405.0310909497254,17.030421466422442,189.18866459627307,0.5840837771144527,322.0,0.3386,0.4453125,2.245614035087719,"X,Y",um,False,0.8757763975155279,0.9968944099378882,,2.486376678496646
D2C30,D,D2,C,30,10.865622712814833,21.436889531250003,16.031058515625002,1352.0,28982.71855851563,301.24069801858525,16.00584442934995,161.16071428571433,0.4811600694847438,378.0,0.3781,0.4453125,2.245614035087719,"X,Y",um,False,0.8650793650793651,0.9973544973544973,,2.486376678496646
D2C31,D,D2,C,31,9.64509509374886,27.610029609375,19.148058984375,1204.0,33242.13282585938,676.446547279999,16.295724992997606,153.4477329974811,0.7987767837852396,397.0,0.3712,0.4453125,2.245614035087719,"X,Y",um,False,0.9193954659949622,1.0,,2.486376678496646
D2C32,D,D2,C,32,10.117576181230497,22.884453515625,17.812201640625002,1269.0,29040.60956203125,286.94858321755373,15.981241412895237,157.82059585492232,0.5791195654027008,386.0,0.3514,0.4453125,2.245614035087719,"X,Y",um,False,0.8989637305699482,1.0,,2.486376678496646
D2C33,D,D2,C,33,10.589109915799671,23.211869531250002,17.812201640625002,1308.0,30360.961253671878,358.97773186576546,16.45948004061583,166.44467213114697,0.5153487400153097,366.0,0.3508,0.4453125,2.245614035087719,"X,Y",um,False,0.912568306010929,1.0,,2.486376678496646
D2C34,D,D2,C,34,11.159190530299266,22.059365156250003,16.031058515625002,1298.0,28633.148419687506,342.5685964470154,17.494643272186522,185.7278963414632,0.5674317111828227,328.0,0.3742,0.4453125,2.245614035087719,"X,Y",um,False,0.8780487804878049,0.9939024390243902,,2.486376678496646
D2C35,D,D2,C,35,10.822330554181404,22.582460390625002,17.366915859375002,1276.0,28815.281089687505,324.0786440151673,17.482980201190173,180.7678041543027,0.5670156737480603,337.0,0.3601,0.4453125,2.245614035087719,"X,Y",um,False,0.8961424332344213,1.0,,2.486376678496646
D2C36,D,D2,C,36,11.361296475467206,23.149467890625004,16.476344296875002,1167.0,27015.328107187506,367.09268081616216,18.242694385395374,212.26045296167277,0.7190048659224019,287.0,0.3655,0.4453125,2.245614035087719,"X,Y",um,False,0.9024390243902439,0.9965156794425087,,2.486376678496646
D2C37,D,D2,C,37,9.798058678841945,22.100195859375003,16.921630078125002,1396.0,30851.69545945313,326.20516066032724,15.655410327522775,147.5030266343831,0.640483591455882,413.0,0.3507,0.4453125,2.245614035087719,"X,Y",um,False,0.8765133171912833,1.0,,2.486376678496646
D2C38,D,D2,C,38,10.44783144989361,22.871356875000004,17.812201640625002,1310.0,29961.961311562507,312.9439583384034,16.927336038659178,181.30580357142802,0.622104800468582,336.0,0.3692,0.4453125,2.245614035087719,"X,Y",um,False,0.8720238095238095,0.9970238095238095,,2.486376678496646
D2C39,D,D2,C,39,10.84022220218695,22.097114296875002,16.031058515625002,1293.0,28571.69512992188,330.5193246273011,16.678810923207244,170.6407563025212,0.552022752649548,357.0,0.3843,0.4453125,2.245614035087719,"X,Y",um,False,0.8879551820728292,0.9971988795518207,,2.486376678496646
D2C40,D,D2,C,40,10.604761581607953,23.673333515625004,18.257487421875005,1102.0,26088.187642500005,333.34914080484015,17.89157913013836,200.39062499999952,0.8225089003676925,304.0,0.36,0.4453125,2.245614035087719,"X,Y",um,False,0.8881578947368421,0.9967105263157895,,2.486376678496646
D2C41,D,D2,C,41,9.909994418802572,23.60630953125,17.366915859375002,1325.0,31278.749946562508,414.52771189284675,15.351923337133819,154.2246835443038,0.5770440869794258,395.0,0.3459,0.4453125,2.245614035087719,"X,Y",um,False,0.8987341772151899,1.0,,2.486376678496646
D2I1,D,D2,I,1,8.067536379706512,25.309643203125006,17.366915859375002,1364.0,34521.96120023438,556.8672282223756,11.969323579694265,91.33245877061466,0.5064237561433922,667.0,0.2322,0.4453125,2.245614035087719,"X,Y",um,False,0.9145427286356822,0.9955022488755623,,2.486376678496646
D2I2,D,D2,I,2,8.015952217341905,25.765714453125003,18.702773203125002,1346.0,34680.93746882813,525.6241109367188,12.2223302057976,98.73379254457026,0.5625796811469742,617.0,0.2484,0.4453125,2.245614035087719,"X,Y",um,False,0.9011345218800648,1.0,,2.486376678496646
D2I3,D,D2,I,3,7.734343942194769,21.516239765625002,15.585772734375004,1549.0,33328.078374375,313.70957555086676,11.573661350410852,89.06249999999999,0.5680689687220735,684.0,0.2775,0.4453125,2.245614035087719,"X,Y",um,False,0.8991228070175438,0.9941520467836257,,2.486376678496646
D2I4,D,D2,I,4,8.08465428016439,23.5585453125,17.366915859375002,1479.0,34843.03150828125,382.285137718982,12.028442429058167,95.63383045525894,0.6346770083471746,637.0,0.278,0.4453125,2.245614035087719,"X,Y",um,False,0.9026687598116169,0.9968602825745683,,2.486376678496646
D2I5,D,D2,I,5,7.724716287811308,19.451592890625,13.804629609375002,1630.0,31706.69500523438,260.4689106971924,11.728326614169204,86.65540540540525,0.5921996358480118,703.0,0.3066,0.4453125,2.245614035087719,"X,Y",um,False,0.903271692745377,1.0,,2.486376678496646
D2I6,D,D2,I,6,8.835944563875582,24.191036015625002,16.921630078125002,1444.0,34932.09405726563,532.3526398806703,13.93561660286235,122.08166332665297,0.6203967258227538,499.0,0.3534,0.4453125,2.245614035087719,"X,Y",um,False,0.8797595190380761,0.9939879759519038,,2.486376678496646
D2I7,D,D2,I,7,8.993784978390485,25.766484843750003,17.812201640625002,1417.0,36511.172195625004,623.9204584912903,13.960626037826044,122.82006048387072,0.6430460878206814,496.0,0.3291,0.4453125,2.245614035087719,"X,Y",um,False,0.8951612903225806,0.9979838709677419,,2.486376678496646
D2I8,D,D2,I,8,8.676546684490258,22.359817500000005,16.921630078125002,1528.0,34166.15629007813,298.9040817662842,12.788072732823418,107.06282952548312,0.624586059496642,569.0,0.3095,0.4453125,2.245614035087719,"X,Y",um,False,0.8998242530755712,0.9929701230228472,,2.486376678496646
D2I9,D,D2,I,9,9.56296228885303,23.705689921875003,17.366915859375002,1367.0,32405.83605328125,346.6673192914124,14.599890166730805,136.58912556053806,0.6196508704830319,446.0,0.3138,0.4453125,2.245614035087719,"X,Y",um,False,0.9058295964125561,0.9977578475336323,,2.486376678496646
D2I10,D,D2,I,10,9.264106876976994,25.1609578125,18.702773203125002,1379.0,34696.96852734376,443.964209957776,15.037283525019932,140.04310344827584,0.5839809371739186,435.0,0.3219,0.4453125,2.245614035087719,"X,Y",um,False,0.8689655172413793,1.0,,2.486376678496646
D2I11,D,D2,I,11,8.588104122150073,23.130978515625003,16.921630078125002,1440.0,33308.484259218756,354.274824275409,13.38752545521147,110.56034482758596,0.6054886721789366,551.0,0.2805,0.4453125,2.245614035087719,"X,Y",um,False,0.9056261343012704,0.9981851179673321,,2.486376678496646
D2I12,D,D2,I,12,8.653777240358059,26.950575234375002,19.148058984375,1310.0,35305.7111690625,519.6795977583985,13.453925028219754,120.15532544378688,0.6860790833833093,507.0,0.2856,0.4453125,2.245614035087719,"X,Y",um,False,0.8875739644970414,0.9940828402366864,,2.486376678496646
D2I13,D,D2,I,13,8.912635747557625,26.094671250000005,19.59411515625,1367.0,35671.31236640625,429.33557968428966,14.490511978197556,136.58912556053787,0.6807441085571428,446.0,0.2993,0.4453125,2.245614035087719,"X,Y",um,False,0.8811659192825112,1.0,,2.486376678496646
D2I14,D,D2,I,14,8.712888389930988,24.501503437500002,18.257487421875005,1446.0,35428.61697820313,414.64047721871344,13.300081866721111,112.39621771217705,0.6262265168646115,542.0,0.2908,0.4453125,2.245614035087719,"X,Y",um,False,0.8837638376383764,0.9981549815498155,,2.486376678496646
D2I15,D,D2,I,15,9.33053053634591,26.17325109375,19.59411515625,1369.0,35830.73469117188,459.74482706024787,14.909247465886498,136.28355704697992,0.6634592223323704,447.0,0.2778,0.4453125,2.245614035087719,"X,Y",um,False,0.9082774049217002,0.9977628635346756,,2.486376678496646
D2I17,D,D2,I,17,8.852812307367735,26.033810390625003,18.702773203125002,1393.0,36264.913750781256,508.35558503452154,13.525480271048682,118.05959302325576,0.6243098835247393,516.0,0.2784,0.4453125,2.245614035087719,"X,Y",um,False,0.8953488372093024,1.0,,2.486376678496646
D2I18,D,D2,I,18,8.837688549485794,27.889681406250002,20.48468671875,1341.0,37400.015771953134,603.4120067264283,13.420339026269495,119.2147749510766,0.654747467792349,511.0,0.2733,0.4453125,2.245614035087719,"X,Y",um,False,0.8943248532289628,0.9960861056751468,,2.486376678496646
D2I19,D,D2,I,19,8.68341273080839,23.939888671875003,17.366915859375002,1424.0,34090.89837070313,391.22683455849614,13.905634922058397,123.31730769230755,0.7201014677695323,494.0,0.3157,0.4453125,2.245614035087719,"X,Y",um,False,0.8765182186234818,0.9979757085020243,,2.486376678496646
D2I20,D,D2,I,20,8.48115165121953,22.650254765625004,16.476344296875002,1486.0,33658.49968382813,409.8265848076356,13.439107263961041,110.36005434782594,0.6496317619487688,552.0,0.294,0.4453125,2.245614035087719,"X,Y",um,False,0.8804347826086957,1.0,,2.486376678496646
D2I21,D,D2,I,21,8.867250384892591,22.9792115625,16.921630078125002,1444.0,33181.570107656255,337.95115310363167,14.04542550441675,123.81859756097558,0.6547346901589457,492.0,0.3045,0.4453125,2.245614035087719,"X,Y",um,False,0.8800813008130082,1.0,,2.486376678496646
D2I22,D,D2,I,22,8.614668395118827,22.901402109375002,16.921630078125002,1435.0,32864.062856250006,358.90710516166996,13.085344680656746,112.1892265193376,0.6199563644777215,543.0,0.3055,0.4453125,2.245614035087719,"X,Y",um,False,0.8674033149171271,0.998158379373849,,2.486376678496646
D2I24,D,D2,I,24,8.569375969968087,23.42449734375,16.476344296875002,1495.0,35019.374692734375,403.95863335056157,12.769671520849222,105.76171875000038,0.5924134130887139,576.0,0.3,0.4453125,2.245614035087719,"X,Y",um,False,0.8871527777777778,1.0,,2.486376678496646
D2I25,D,D2,I,25,8.666495270534066,23.502306796875004,17.366915859375002,1412.0,33185.13316429688,418.32374886254894,13.732410703746293,117.37716763005795,0.6818072950653,519.0,0.2935,0.4453125,2.245614035087719,"X,Y",um,False,0.884393063583815,0.9980732177263969,,2.486376678496646
D2I26,D,D2,I,26,8.599585527384459,25.731046875000004,19.371472265625002,1382.0,35560.430043750006,423.15425932164925,13.486850089996372,120.15532544378695,0.6637914409612462,507.0,0.267,0.4453125,2.245614035087719,"X,Y",um,False,0.8856015779092702,0.9980276134122288,,2.486376678496646
D2I29,D,D2,I,29,8.017341002316074,22.753487109375005,16.476344296875002,1527.0,34744.61718750001,369.9177489799805,12.409303645324682,100.69214876033064,0.6699454093453163,605.0,0.2831,0.4453125,2.245614035087719,"X,Y",um,False,0.887603305785124,0.996694214876033,,2.486376678496646
D2I30,D,D2,I,30,7.517886765535926,24.49688109375,17.589558750000002,1416.0,34688.06281171875,474.9942601277162,11.56170139524583,87.52693965517207,0.7082693413754463,696.0,0.2642,0.4453125,2.245614035087719,"X,Y",um,False,0.8951149425287356,0.9971264367816092,,2.486376678496646
D2I38,D,D2,I,38,8.632106585500537,26.731784296875002,20.48468671875,1289.0,34457.39091,456.8841487935243,13.49829964814183,119.21477495107602,0.615058612075635,511.0,0.2356,0.4453125,2.245614035087719,"X,Y",um,False,0.9080234833659491,0.9960861056751468,,2.486376678496646
D2I39,D,D2,I,39,8.17368978312362,24.449887265625,17.589558750000002,1372.0,33544.94564648438,438.9954135990601,12.908393704331766,107.0628295254832,0.673513110982674,569.0,0.2769,0.4453125,2.245614035087719,"X,Y",um,False,0.8857644991212653,0.9964850615114236,,2.486376678496646
D2S1,D,D2,S,1,8.495861151037396,22.665662578125,16.921630078125002,1432.0,32457.492285468754,386.09245122127084,12.819648368719971,105.94565217391293,0.6330064542969123,575.0,0.414,0.4453125,2.245614035087719,"X,Y",um,False,0.8660869565217392,0.9982608695652174,,2.486376678496646
D2S2,D,D2,S,2,9.334496429177904,23.083214296875003,17.366915859375002,1404.0,32408.507767968753,368.2939282875001,13.997909859105835,129.33917197452251,0.6263989653388706,471.0,0.4131,0.4453125,2.245614035087719,"X,Y",um,False,0.8641188959660298,0.9957537154989384,,2.486376678496646
D2S3,D,D2,S,3,8.830669198257954,21.494668828125004,16.031058515625002,1375.0,29554.945455000005,297.889787335199,13.716955054776758,122.08166332665333,0.6251649047291477,499.0,0.3986,0.4453125,2.245614035087719,"X,Y",um,False,0.8657314629258517,1.0,,2.486376678496646
D2S10,D,D2,S,10,9.75226389112871,21.051694218750004,16.031058515625002,1354.0,28504.453125000004,263.8572119886292,14.472184665791525,133.88736263736303,0.5447057133956099,455.0,0.3985,0.4453125,2.245614035087719,"X,Y",um,False,0.8901098901098901,1.0,,2.486376678496646
D2S11,D,D2,S,11,9.894706266972037,19.85912953125,16.031058515625002,1240.0,24625.78131234375,219.49117828066412,15.643332018352389,159.89173228346473,0.6882418270009706,381.0,0.4141,0.4453125,2.245614035087719,"X,Y",um,False,0.8871391076115486,1.0,,2.486376678496646
D2S12,D,D2,S,12,9.964828854420391,20.072527734375,15.585772734375004,1260.0,25291.523615625007,233.07643253902592,15.358619527510127,149.3106617647059,0.5540816345010187,408.0,0.4039,0.4453125,2.245614035087719,"X,Y",um,False,0.9019607843137255,1.0,,2.486376678496646
D2S13,D,D2,S,13,10.198164495976865,22.538548125000002,16.476344296875002,1328.0,29930.78899570313,359.19554699520273,15.94921143530288,153.8352272727273,0.607350004978179,396.0,0.3974,0.4453125,2.245614035087719,"X,Y",um,False,0.8914141414141414,0.9974747474747475,,2.486376678496646
D2S14,D,D2,S,14,9.40896570366862,24.470687812500003,16.921630078125002,1324.0,32399.15599617188,571.1166108999207,15.166420891736346,138.13775510204133,0.6856695820910328,441.0,0.3703,0.4453125,2.245614035087719,"X,Y",um,False,0.909297052154195,1.0,,2.486376678496646
D2S15,D,D2,S,15,9.934581470693939,21.429956015625002,15.585772734375004,1177.0,25222.944982968755,344.5704777320069,16.36483119440162,159.47316753926685,0.5829167687598601,382.0,0.3909,0.4453125,2.245614035087719,"X,Y",um,False,0.887434554973822,0.9973821989528796,,2.486376678496646
D2S16,D,D2,S,16,9.861858122446773,22.238866171875003,16.031058515625002,1253.0,27865.429509375,362.94707133627327,15.341892975160386,151.16315136476427,0.5970331152503618,403.0,0.387,0.4453125,2.245614035087719,"X,Y",um,False,0.9057071960297767,1.0,,2.486376678496646
D2S17,D,D2,S,17,10.299404428880518,20.767420078125003,15.140486953125,1220.0,25336.05450492188,317.1922436150025,16.169062823171082,161.58819628647188,0.7273508356655026,377.0,0.4066,0.4453125,2.245614035087719,"X,Y",um,False,0.8647214854111406,0.9973474801061007,,2.486376678496646
D2S18,D,D2,S,18,10.121895928600722,22.139485781250002,16.921630078125002,1227.0,27164.953374375,326.95534682819834,15.69685369421279,154.61611675126898,0.594128821084669,394.0,0.3787,0.4453125,2.245614035087719,"X,Y",um,False,0.8807106598984772,0.9974619289340102,,2.486376678496646
D2S19,D,D2,S,19,10.511549385746754,20.668039687500002,15.363129843750002,1230.0,25421.554767656256,274.83936772461556,17.09518263699837,179.7013274336289,0.6797030022022914,339.0,0.3827,0.4453125,2.245614035087719,"X,Y",um,False,0.8761061946902655,0.9970501474926253,,2.486376678496646
D2S20,D,D2,S,20,9.975577699994522,22.294334296875004,16.476344296875002,1090.0,24300.70343226563,340.681854494751,16.01439469349275,163.76008064516105,0.7302421270461088,372.0,0.3863,0.4453125,2.245614035087719,"X,Y",um,False,0.9059139784946236,0.9973118279569892,,2.486376678496646
D2S21,D,D2,S,21,10.212495927457637,20.246636015625,15.363129843750002,1282.0,25956.37534734375,255.57014754085696,16.055586257122144,159.05678851174932,0.5873375116159271,383.0,0.3904,0.4453125,2.245614035087719,"X,Y",um,False,0.8746736292428199,0.9947780678851175,,2.486376678496646
D2S22,D,D2,S,22,10.12473822969515,21.214246640625003,16.031058515625002,1289.0,27344.859615468755,285.9853299339661,15.536942399631535,157.00708762886615,0.6178717271847399,388.0,0.3835,0.4453125,2.245614035087719,"X,Y",um,False,0.8994845360824743,0.9974226804123711,,2.486376678496646
D2S23,D,D2,S,23,11.223010779708238,23.296612500000002,16.031058515625002,1309.0,30494.99997773438,500.35340140999153,16.707907630164378,177.6056851311953,0.5651704576792773,343.0,0.3812,0.4453125,2.245614035087719,"X,Y",um,False,0.8600583090379008,0.9970845481049563,,2.486376678496646
D2S24,D,D2,S,24,10.460388493092912,22.704182109375004,16.476344296875002,1252.0,28425.187633593756,386.5108699304078,16.245442794830875,165.99114441416833,0.6970871947513744,367.0,0.3629,0.4453125,2.245614035087719,"X,Y",um,False,0.9073569482288828,1.0,,2.486376678496646
D2S25,D,D2,S,25,10.38509809299238,22.661810625000005,16.921630078125002,1255.0,28440.328120546877,328.06044702169197,16.202173557145514,165.54008152173913,0.6521312316922987,368.0,0.3823,0.4453125,2.245614035087719,"X,Y",um,False,0.8967391304347826,0.9918478260869565,,2.486376678496646
D2S26,D,D2,S,26,10.055832534243063,21.513158203125002,16.476344296875002,1346.0,28956.44515664063,306.0296633576295,14.981305781720328,144.01595744680841,0.5613790806806256,423.0,0.3689,0.4453125,2.245614035087719,"X,Y",um,False,0.9267139479905437,0.9976359338061466,,2.486376678496646
D2S27,D,D2,S,27,10.927921369210972,20.7419971875,15.140486953125,1103.0,22878.375133593752,287.34266835637214,18.01453663452672,192.7808544303796,0.6148315544528175,316.0,0.4109,0.4453125,2.245614035087719,"X,Y",um,False,0.8639240506329114,1.0,,2.486376678496646
D2S28,D,D2,S,28,10.501631081381888,22.543170468750002,16.921630078125002,1194.0,26916.468500625007,343.7852749629456,16.11078355180608,169.69011142061314,0.6140240576374544,359.0,0.3739,0.4453125,2.245614035087719,"X,Y",um,False,0.8857938718662953,0.9944289693593314,,2.486376678496646
D2S29,D,D2,S,29,9.504521710289268,25.723342968750003,19.148058984375,1233.0,31716.937348593758,488.04595634421395,14.702832105673878,140.04310344827607,0.6835715917256283,435.0,0.3309,0.4453125,2.245614035087719,"X,Y",um,False,0.9080459770114943,1.0,,2.486376678496646
D2S30,D,D2,S,30,10.686012843197592,22.265829843750005,16.921630078125002,1185.0,26384.765691796878,320.1015890223634,17.19939184394154,188.6029411764699,0.6274655076305069,323.0,0.3765,0.4453125,2.245614035087719,"X,Y",um,False,0.8978328173374613,1.0,,2.486376678496646
D2S31,D,D2,S,31,10.939252184346048,21.238128750000005,15.585772734375004,1218.0,25867.75808414063,314.0941646622437,17.066575529265094,178.12499999999977,0.586551509075606,342.0,0.3895,0.4453125,2.245614035087719,"X,Y",um,False,0.8830409356725146,1.0,,2.486376678496646
D2S32,D,D2,S,32,10.373299660107977,22.114062890625,16.476344296875002,1086.0,24015.702813281252,341.04745155124516,17.193047040935454,176.57608695652158,0.7394589172622169,345.0,0.4011,0.4453125,2.245614035087719,"X,Y",um,False,0.8898550724637682,0.9942028985507246,,2.486376678496646
D2S33,D,D2,S,33,10.341632720543965,20.001651796875002,14.249915390625002,1079.0,21581.625129140626,267.40338473627935,16.122136268160926,180.2329881656804,0.7547961263564826,338.0,0.4046,0.4453125,2.245614035087719,"X,Y",um,False,0.8846153846153846,0.9911242603550295,,2.486376678496646
D2S34,D,D2,S,34,11.91864358026932,23.035450078125002,17.366915859375002,972.0,22390.3126425,350.06274260343025,17.87022628557583,216.02393617021303,0.7191954695912343,282.0,0.3879,0.4453125,2.245614035087719,"X,Y",um,False,0.8900709219858156,0.9964539007092199,,2.486376678496646
D3C1,D,D3,C,1,10.72240401225523,22.732686562500003,16.031058515625002,1221.0,27756.773615625007,388.39167686552133,16.910963027238303,179.70132743362814,0.6268419729639608,339.0,0.4026,0.4453125,2.245614035087719,"X,Y",um,False,0.8525073746312685,1.0,,2.079472027020474
D3C2,D,D3,C,2,11.376721956516466,18.716640234375003,15.140486953125,1153.0,21579.84398601563,189.57513082994387,19.280883688295138,219.13219424460465,0.7371785576398634,278.0,0.4367,0.4453125,2.245614035087719,"X,Y",um,False,0.827338129496403,0.9928057553956836,,2.079472027020474
D3C3,D,D3,C,3,10.976163594419287,22.010830546875003,16.031058515625002,1240.0,27293.203383281252,330.58164230738527,18.10089054878906,204.42533557046934,0.6232871555917188,298.0,0.4021,0.4453125,2.245614035087719,"X,Y",um,False,0.9060402684563758,0.9966442953020134,,2.079472027020474
D3C4,D,D3,C,4,10.841356919938242,21.055546171875,15.585772734375004,1314.0,27667.265780859376,284.1709951909424,17.382860142988573,195.25240384615407,0.6503382038961086,312.0,0.4014,0.4453125,2.245614035087719,"X,Y",um,False,0.858974358974359,0.9935897435897436,,2.079472027020474
D3C5,D,D3,C,5,10.577176690780854,19.59103359375,14.695201171875002,1032.0,20218.07840554688,233.09364408876345,17.418755554406058,186.867331288344,0.8076338484432465,326.0,0.4358,0.4453125,2.245614035087719,"X,Y",um,False,0.8742331288343558,1.0,,2.079472027020474
D3C6,D,D3,C,6,11.068058469386907,21.423792890625005,15.808415625000002,1090.0,23351.74242351563,294.0860348432007,18.71998337295566,206.5042372881352,0.739259528832039,295.0,0.4288,0.4453125,2.245614035087719,"X,Y",um,False,0.8305084745762713,0.9966101694915256,,2.079472027020474
D3C7,D,D3,C,7,12.592375226009796,22.543940859375006,15.585772734375004,1002.0,22588.921656796876,437.8190931997559,20.27487852316793,254.89016736401658,0.6368821267117482,239.0,0.4259,0.4453125,2.245614035087719,"X,Y",um,False,0.8702928870292888,1.0,,2.079472027020474
D3C8,D,D3,C,8,12.569405477946946,20.184234375000003,16.031058515625002,1042.0,21032.109348281254,227.62511928594364,21.100877238726408,259.2287234042558,0.6342638583035058,235.0,0.4282,0.4453125,2.245614035087719,"X,Y",um,False,0.8382978723404255,0.9957446808510638,,2.079472027020474
D3C9,D,D3,C,9,10.490186425410144,24.090114843750005,17.366915859375002,1265.0,30474.07000523438,439.60493986045543,16.63994422805977,182.39146706586826,0.7002232915409896,334.0,0.3966,0.4453125,2.245614035087719,"X,Y",um,False,0.8952095808383232,0.994011976047904,,2.079472027020474
D3C10,D,D3,C,10,11.591434484062113,20.619505078125,15.585772734375004,1137.0,23444.81254453125,291.47225328995364,18.81422987596016,220.72010869565239,0.7076595522585033,276.0,0.4368,0.4453125,2.245614035087719,"X,Y",um,False,0.8369565217391305,1.0,,2.079472027020474
D3C11,D,D3,C,11,10.142809075219365,23.523107343750002,17.366915859375002,1186.0,27898.82825414063,364.8071057113587,16.9509981478788,186.29587155963299,0.7674703831697929,327.0,0.3964,0.4453125,2.245614035087719,"X,Y",um,False,0.8470948012232415,1.0,,2.079472027020474
D3C12,D,D3,C,12,11.315188402159801,22.005437812500002,16.031058515625002,1083.0,23831.789000156255,324.67748724569094,19.05493656560156,212.260452961673,0.730592837575788,287.0,0.4046,0.4453125,2.245614035087719,"X,Y",um,False,0.8815331010452961,0.989547038327526,,2.079472027020474
D3C13,D,D3,C,13,11.52403053404784,21.440741484375003,16.031058515625002,1105.0,23692.40607632813,294.540063655243,18.74893002747953,216.02393617021258,0.7266649087623425,282.0,0.4189,0.4453125,2.245614035087719,"X,Y",um,False,0.8687943262411347,0.99645390070922,,2.079472027020474
D3C14,D,D3,C,14,10.713418044695311,24.057758437500006,17.812201640625002,1200.0,28869.163750781256,396.8959629410157,16.878552940615396,175.55835734870348,0.6398586279078695,347.0,0.3741,0.4453125,2.245614035087719,"X,Y",um,False,0.8559077809798271,0.9971181556195964,,2.079472027020474
D3C15,D,D3,C,15,10.374233145004965,25.222589062500006,18.257487421875005,1184.0,29863.54699078125,422.04797212472545,17.188532960513108,181.3058035714283,0.721651265761925,336.0,0.3726,0.4453125,2.245614035087719,"X,Y",um,False,0.8571428571428571,0.9970238095238096,,2.079472027020474
D3C16,D,D3,C,16,11.09654506480984,23.442216328125003,17.812201640625002,1137.0,26654.179767656256,332.463636245929,17.67824454654654,192.1727129337537,0.6791725631119122,317.0,0.395,0.4453125,2.245614035087719,"X,Y",um,False,0.8706624605678234,1.0,,2.079472027020474
D3C17,D,D3,C,17,10.638704373549905,21.574789453125003,16.031058515625002,1168.0,25199.344066171878,310.726635930835,16.336213040669108,172.08686440677923,0.6575220906799585,354.0,0.398,0.4453125,2.245614035087719,"X,Y",um,False,0.8898305084745762,1.0,,2.079472027020474
D3C18,D,D3,C,18,11.19281484394446,21.755831250000004,16.476344296875002,1136.0,24714.39857554688,270.7732874745484,18.87895293363159,197.7881493506496,0.6911578397732823,308.0,0.4075,0.4453125,2.245614035087719,"X,Y",um,False,0.8571428571428572,0.9902597402597404,,2.079472027020474
D3C19,D,D3,C,19,10.625103739974103,24.249585703125003,16.921630078125002,1169.0,28348.148571093756,505.1358382301698,17.064520615092317,177.60568513119517,0.6862651616468609,343.0,0.3777,0.4453125,2.245614035087719,"X,Y",um,False,0.8717201166180758,0.9970845481049564,,2.079472027020474
D3C20,D,D3,C,20,10.491473037202075,22.563200625000004,16.476344296875002,1214.0,27392.06221945313,359.9487006716492,17.51005685029489,190.96786833855754,0.736930790492347,319.0,0.387,0.4453125,2.245614035087719,"X,Y",um,False,0.8620689655172413,1.0,,2.079472027020474
D3C21,D,D3,C,21,12.062130413250529,22.879831171875004,16.476344296875002,1004.0,22970.999968828128,354.40598815444343,20.1359752741607,249.66700819672158,0.8613817612520556,244.0,0.4313,0.4453125,2.245614035087719,"X,Y",um,False,0.8852459016393442,0.9918032786885246,,2.079472027020474
D3C22,D,D3,C,22,12.42369514729412,21.32595328125,16.476344296875002,980.0,20899.406481562502,269.16786533523566,20.579536599786145,258.13029661016884,0.7745310282965564,236.0,0.4079,0.4453125,2.245614035087719,"X,Y",um,False,0.8516949152542374,0.9830508474576272,,2.079472027020474
D3C23,D,D3,C,23,11.322006476797497,22.359817500000005,16.476344296875002,1288.0,28799.25003117188,323.2679206723572,18.504164629041462,195.88022508038554,0.6309621593001561,311.0,0.3659,0.4453125,2.245614035087719,"X,Y",um,False,0.8778135048231511,0.9935691318327974,,2.079472027020474
D3C24,D,D3,C,24,12.167667615071911,22.12099640625,16.476344296875002,1056.0,23359.75756757813,382.3628864436585,19.52423075529652,251.73037190082613,0.6730448920674648,242.0,0.3627,0.4453125,2.245614035087719,"X,Y",um,False,0.8801652892561983,1.0,,2.079472027020474
D3C25,D,D3,C,25,13.435151725004804,19.973917734375004,14.695201171875002,1127.0,22510.546736953125,258.4889889756592,22.039175499756368,290.0892857142863,0.622078414963912,210.0,0.3967,0.4453125,2.245614035087719,"X,Y",um,False,0.8809523809523809,0.9952380952380953,,2.079472027020474
D3C26,D,D3,C,26,10.977920435027242,23.010797578125004,16.476344296875002,1187.0,27313.687299609377,409.1090412340943,17.606806192375032,194.62859424920114,0.7063660234737903,313.0,0.4159,0.4453125,2.245614035087719,"X,Y",um,False,0.8722044728434505,0.9968051118210862,,2.079472027020474
D3C27,D,D3,C,27,10.516790754926992,22.847474765625,17.366915859375002,1220.0,27873.890709609375,325.3920633106568,16.787359427705475,175.05387931034468,0.6313565272435048,348.0,0.3761,0.4453125,2.245614035087719,"X,Y",um,False,0.8477011494252874,1.0,,2.079472027020474
D3C28,D,D3,C,28,11.002935875882825,22.862112187500003,17.366915859375002,1130.0,25833.91405359375,382.20026697372447,17.442538679042688,192.17271293375464,0.667252117217173,317.0,0.3922,0.4453125,2.245614035087719,"X,Y",um,False,0.8927444794952681,0.996845425867508,,2.079472027020474
D3C29,D,D3,C,29,11.294467295190131,23.432201250000002,16.921630078125002,1104.0,25869.539227265628,420.6182264930787,17.76955878965589,193.39285714285742,0.6581959707336135,315.0,0.3859,0.4453125,2.245614035087719,"X,Y",um,False,0.8476190476190476,1.0,,2.079472027020474
D3C30,D,D3,C,30,10.68591618829726,22.643321250000003,16.476344296875002,1154.0,26130.492102890632,333.4500360964051,16.991922826936577,183.4902108433735,0.8312057777928907,332.0,0.383,0.4453125,2.245614035087719,"X,Y",um,False,0.8855421686746988,0.9969879518072288,,2.079472027020474
D3C31,D,D3,C,31,10.70483525772924,21.369865546875005,16.921630078125002,1090.0,23292.960848437502,264.22340254683843,17.477271704511306,182.39146706586868,0.6524011796100261,334.0,0.4188,0.4453125,2.245614035087719,"X,Y",um,False,0.8622754491017964,0.997005988023952,,2.079472027020474
D3C32,D,D3,C,32,10.27303673528418,22.755798281250005,16.921630078125002,1178.0,26806.47674953125,360.9380680307007,16.110016118464223,170.64075630252069,0.8060006553502139,357.0,0.3921,0.4453125,2.245614035087719,"X,Y",um,False,0.907563025210084,0.9943977591036416,,2.079472027020474
D3C33,D,D3,C,33,9.85815088145697,23.833574765625006,17.812201640625002,1341.0,31960.52330835938,373.7915346743592,14.932420003572522,144.70011876484554,0.604036739770869,421.0,0.3676,0.4453125,2.245614035087719,"X,Y",um,False,0.8527315914489312,0.995249406175772,,2.079472027020474
D3C34,D,D3,C,34,10.86110451318411,22.798940156250005,17.366915859375002,1238.0,28224.796705781253,336.4294147061463,17.409728504252076,188.020833333334,0.7152833250647075,324.0,0.3773,0.4453125,2.245614035087719,"X,Y",um,False,0.8580246913580246,0.9969135802469136,,2.079472027020474
D3C35,D,D3,C,35,11.474099956815957,22.896779765625002,16.031058515625002,1195.0,27361.781245546877,437.4445936175355,17.867272972771968,205.80658783783846,0.6373471488861112,296.0,0.3879,0.4453125,2.245614035087719,"X,Y",um,False,0.8445945945945945,0.9932432432432432,,2.079472027020474
D3C36,D,D3,C,36,11.226074342098066,22.267370625,16.476344296875002,1089.0,24249.047200078126,343.5027681465638,19.266852856417465,217.5669642857139,0.6922489988086898,280.0,0.3786,0.4453125,2.245614035087719,"X,Y",um,False,0.8642857142857143,1.0,,2.079472027020474
D3C37,D,D3,C,37,10.70540077856303,22.204968984375004,16.031058515625002,1176.0,26112.67990125,356.4280484977479,18.01846785559644,200.39062500000026,0.6401613538464813,304.0,0.3996,0.4453125,2.245614035087719,"X,Y",um,False,0.881578947368421,1.0,,2.079472027020474
D3C38,D,D3,C,38,10.896518101036158,21.738882656250002,16.476344296875002,1141.0,24803.906410312502,294.3382730721131,17.651269842048585,210.79152249134927,0.6979808718809253,289.0,0.3791,0.4453125,2.245614035087719,"X,Y",um,False,0.903114186851211,1.0,,2.079472027020474
D3C39,D,D3,C,39,10.99639837102367,19.892256328125004,15.585772734375004,1165.0,23174.50789710938,240.3652271020203,18.62996663817969,201.05198019801975,0.6539167514693458,303.0,0.3957,0.4453125,2.245614035087719,"X,Y",um,False,0.8943894389438943,0.9966996699669968,,2.079472027020474
D3C40,D,D3,C,40,10.829636529146537,20.608719609375004,15.585772734375004,1196.0,24648.047142187505,280.20640373415534,17.814519657349607,189.18866459627333,0.5661516575782494,322.0,0.3823,0.4453125,2.245614035087719,"X,Y",um,False,0.8664596273291926,0.9968944099378882,,2.079472027020474
D3C41,D,D3,C,41,12.013818008075283,22.636387734375003,16.921630078125002,1070.0,24220.546598906254,360.1231901758851,20.76495138766042,229.01785714285717,0.6630744112961606,266.0,0.3868,0.4453125,2.245614035087719,"X,Y",um,False,0.8947368421052632,1.0,,2.079472027020474
D3C42,D,D3,C,42,11.754227274191418,21.021648984375002,16.031058515625002,1020.0,21442.242205312505,308.64107090401615,20.449695355075715,261.4538626609439,0.8689720105923883,233.0,0.385,0.4453125,2.245614035087719,"X,Y",um,False,0.871244635193133,1.0,,2.079472027020474
D3C43,D,D3,C,43,13.746352377061696,21.717311718750004,16.031058515625002,961.0,20870.015308828126,310.48448723107913,23.697410047767036,329.2905405405401,0.661591845822647,185.0,0.4001,0.4453125,2.245614035087719,"X,Y",um,False,0.8864864864864865,0.9945945945945946,,2.079472027020474
D3C44,D,D3,C,44,14.453978381588723,19.80982453125,15.140486953125,1039.0,20582.789031328128,223.67358486688846,24.399087493106165,336.56767955801064,0.7475530863013976,181.0,0.4373,0.4453125,2.245614035087719,"X,Y",um,False,0.861878453038674,1.0,,2.079472027020474
D3C45,D,D3,C,45,12.176755351370861,22.072461796875004,16.921630078125002,881.0,19445.90586703125,285.5218050944825,21.331514027887724,284.6670560747663,0.9235578646465898,214.0,0.4383,0.4453125,2.245614035087719,"X,Y",um,False,0.8317757009345794,1.0,,2.079472027020474
D3C46,D,D3,C,46,11.83038062862743,22.500798984375002,17.366915859375002,1002.0,22545.72662484375,312.8044854353577,18.86649130754717,237.037937743191,0.8266785759828567,257.0,0.3989,0.4453125,2.245614035087719,"X,Y",um,False,0.8988326848249028,1.0,,2.079472027020474
D3C47,D,D3,C,47,12.024531407001334,21.949199296875,16.476344296875002,1087.0,23858.952973593754,322.24650422069095,20.885148129324286,259.22872340425465,0.6876126603372295,235.0,0.3839,0.4453125,2.245614035087719,"X,Y",um,False,0.8893617021276595,1.0,,2.079472027020474
D3C48,D,D3,C,48,12.303147112390292,21.715000546875004,16.476344296875002,1109.0,24081.609731250002,313.2211236393494,20.14941425929155,238.89705882352968,0.6163858145345459,255.0,0.3774,0.4453125,2.245614035087719,"X,Y",um,False,0.8666666666666667,0.992156862745098,,2.079472027020474
D3C49,D,D3,C,49,11.838759472997646,22.513125234375003,16.921630078125002,1187.0,26723.202915703125,293.7898774873719,19.11694820747798,228.16011235954997,0.7413906015450205,267.0,0.3962,0.4453125,2.245614035087719,"X,Y",um,False,0.846441947565543,0.99625468164794,,2.079472027020474
D3C50,D,D3,C,50,12.03912917258289,23.983030546875003,16.921630078125002,1219.0,29235.656290078132,430.9742379196473,20.17288439211445,233.40517241379288,0.6020071240255469,261.0,0.3727,0.4453125,2.245614035087719,"X,Y",um,False,0.8735632183908046,1.0,,2.079472027020474
D3I1,D,D3,I,1,10.169589575428148,20.590230234375003,15.140486953125,1233.0,25388.156022890627,278.33865383677374,16.143154850304313,160.3125,0.6458791684151481,380.0,0.4183,0.4453125,2.245614035087719,"X,Y",um,False,0.8473684210526315,0.9973684210526316,,2.079472027020474
D3I2,D,D3,I,2,10.217679342080007,22.421448750000003,16.476344296875002,1271.0,28497.773067890626,344.4606799147156,17.916384443877533,189.77803738317797,0.748760906082858,321.0,0.4355,0.4453125,2.245614035087719,"X,Y",um,False,0.8473520249221184,0.9968847352024922,,2.079472027020474
D3I3,D,D3,I,3,10.111718191643128,21.76969828125,16.476344296875002,1262.0,27473.554910156254,314.48468879077154,17.58994294867866,184.60227272727312,0.7429104532406636,330.0,0.4109,0.4453125,2.245614035087719,"X,Y",um,False,0.8575757575757575,0.993939393939394,,2.079472027020474
D3I4,D,D3,I,4,9.675947580965639,26.4428878125,17.366915859375002,1147.0,30330.234223593758,553.0836547886903,15.954822908149978,166.44467213114768,0.7684542053684492,366.0,0.3513,0.4453125,2.245614035087719,"X,Y",um,False,0.8442622950819672,0.9972677595628416,,2.079472027020474
D3I5,D,D3,I,5,10.316841493090227,22.080165703125004,16.031058515625002,1142.0,25215.820410468754,345.82692086284794,17.355925858351636,188.02083333333337,0.81114919982799,324.0,0.395,0.4453125,2.245614035087719,"X,Y",um,False,0.8919753086419753,1.0,,2.079472027020474
D3I6,D,D3,I,6,11.513527177136213,21.766616718750004,16.476344296875002,1137.0,24748.241835703127,306.2795275796814,18.587422098262486,218.3467741935481,0.7085614519956519,279.0,0.4175,0.4453125,2.245614035087719,"X,Y",um,False,0.8637992831541219,0.996415770609319,,2.079472027020474
D3I7,D,D3,I,7,10.887060579851845,20.823658593750004,15.585772734375004,1056.0,21989.97684304688,283.26293756685794,17.76784885155345,198.43241042345306,0.6149138098647154,307.0,0.4175,0.4453125,2.245614035087719,"X,Y",um,False,0.8501628664495114,1.0,,2.079472027020474
D3I8,D,D3,I,8,11.725957611135193,20.587919062500003,15.140486953125,1139.0,23449.710688125004,295.04572711649786,19.00020941226065,215.2606007067137,0.5776876229693421,283.0,0.4094,0.4453125,2.245614035087719,"X,Y",um,False,0.8621908127208481,1.0,,2.079472027020474
D3I9,D,D3,I,9,10.089452944041234,21.99773390625,16.476344296875002,1141.0,25099.59388804688,310.1746793358033,16.923016553961585,181.84701492537263,0.6722922777735074,335.0,0.3993,0.4453125,2.245614035087719,"X,Y",um,False,0.8925373134328358,1.0,,2.079472027020474
D3I10,D,D3,I,10,11.41218086586154,21.0932953125,16.476344296875002,1169.0,24657.843429375003,258.33230452287603,18.166194985679354,205.11363636363635,0.6197659442330429,297.0,0.3937,0.4453125,2.245614035087719,"X,Y",um,False,0.8653198653198653,1.0,,2.079472027020474
D3I11,D,D3,I,11,11.1907346615402,23.672563125000003,16.253701406250002,1134.0,26844.32835210938,443.44192844849863,18.889193318999958,218.34677419354787,0.7044609302790025,279.0,0.41,0.4453125,2.245614035087719,"X,Y",um,False,0.8673835125448028,0.996415770609319,,2.079472027020474
D3I12,D,D3,I,12,10.940648870025859,19.624930781250004,14.695201171875002,1178.0,23117.952750937504,243.7677724346192,17.512626338119194,195.2524038461533,0.6473699779268391,312.0,0.4084,0.4453125,2.245614035087719,"X,Y",um,False,0.8717948717948718,0.9967948717948718,,2.079472027020474
D3I13,D,D3,I,13,10.440930878876504,22.212672890625,16.921630078125002,1331.0,29565.18779835938,310.4957637636658,16.68751738335022,163.76008064516162,0.5818170070017866,372.0,0.4012,0.4453125,2.245614035087719,"X,Y",um,False,0.8629032258064516,1.0,,2.079472027020474
D3I14,D,D3,I,14,10.469907787629179,23.519255390625002,16.921630078125002,1278.0,30057.25786148438,364.288978714087,17.520705520995506,176.576086956522,0.5794006218758135,345.0,0.3919,0.4453125,2.245614035087719,"X,Y",um,False,0.863768115942029,1.0,,2.079472027020474
D3I15,D,D3,I,15,10.173518953379254,22.899861328125006,17.366915859375002,1217.0,27869.437851796876,349.25320626405033,16.577011630312388,172.08686440677948,0.6174727885153458,354.0,0.3874,0.4453125,2.245614035087719,"X,Y",um,False,0.8615819209039548,1.0,,2.079472027020474
D3I16,D,D3,I,16,10.112147922013664,21.268944375000004,16.476344296875002,1237.0,26309.95305820313,269.4355346087403,15.774184408813767,162.88435828876968,0.6345524358173024,374.0,0.3953,0.4453125,2.245614035087719,"X,Y",um,False,0.8716577540106952,0.997326203208556,,2.079472027020474
D3I17,D,D3,I,17,10.268816269992605,21.399910781250004,15.585772734375004,1155.0,24716.62500445313,326.92329773558356,16.49503694491634,166.44467213114694,0.6746983034999693,366.0,0.4025,0.4453125,2.245614035087719,"X,Y",um,False,0.8633879781420765,0.9972677595628416,,2.079472027020474
D3I18,D,D3,I,18,10.190854478583807,21.63719109375,16.476344296875002,1262.0,27306.117441328126,291.72271101372075,15.572486703514745,161.58819628647254,0.6399424148973014,377.0,0.4011,0.4453125,2.245614035087719,"X,Y",um,False,0.8912466843501327,1.0,,2.079472027020474
D3I19,D,D3,I,19,10.208281700270437,21.472327500000002,16.476344296875002,1181.0,25358.765620546877,292.4052379860718,16.44581775038167,174.55229226361055,0.7226431821157198,349.0,0.3862,0.4453125,2.245614035087719,"X,Y",um,False,0.836676217765043,0.997134670487106,,2.079472027020474
D3I20,D,D3,I,20,9.794566453714104,20.541695625000003,16.031058515625002,1253.0,25739.062789453128,234.6854156886292,15.641313318330981,159.8917322834646,0.640192284467834,381.0,0.3978,0.4453125,2.245614035087719,"X,Y",um,False,0.84251968503937,0.9973753280839897,,2.079472027020474
D3I22,D,D3,I,22,10.277896216733113,23.400615234375003,17.366915859375002,1244.0,29110.52328164063,342.6243856082337,16.18110691201504,170.16410614525105,0.7089667347952295,358.0,0.3824,0.4453125,2.245614035087719,"X,Y",um,False,0.8575418994413407,1.0,,2.079472027020474
D3I23,D,D3,I,23,9.49787324770421,25.65554859375,18.702773203125002,1366.0,35045.20280882813,509.9176815486329,14.977594483535434,148.94559902200464,0.6504598346403054,409.0,0.33,0.4453125,2.245614035087719,"X,Y",um,False,0.8704156479217604,0.9926650366748166,,2.079472027020474
D3I24,D,D3,I,24,11.119523467001555,20.863718906250003,16.031058515625002,1055.0,22011.3513309375,287.7029238974305,18.340846904768878,208.62585616438335,0.7823816898264979,292.0,0.419,0.4453125,2.245614035087719,"X,Y",um,False,0.863013698630137,0.9965753424657534,,2.079472027020474
D3I25,D,D3,I,25,11.247800852948746,20.872193203125004,16.031058515625002,1089.0,22729.640437968752,280.7856614080811,18.05904257351581,200.3906249999999,0.5536475609897231,304.0,0.4046,0.4453125,2.245614035087719,"X,Y",um,False,0.8782894736842105,1.0,,2.079472027020474
D3I26,D,D3,I,26,11.18796479168168,20.007044531250003,15.585772734375004,1168.0,23368.218767812505,230.82171952340704,17.83418263373976,193.39285714285705,0.6314040094547451,315.0,0.4142,0.4453125,2.245614035087719,"X,Y",um,False,0.8666666666666667,0.9968253968253968,,2.079472027020474
D3I27,D,D3,I,27,9.51952608705135,20.003962968750002,14.695201171875002,1143.0,22864.570503984378,240.67088048529055,15.929045437285419,174.0535714285711,0.7939257803337308,350.0,0.402,0.4453125,2.245614035087719,"X,Y",um,False,0.9,1.0,,2.079472027020474
D3I28,D,D3,I,28,10.689510827942627,20.940757968750003,16.031058515625002,1199.0,25108.05431789063,265.4442355747742,17.46599545235876,188.60294117647086,0.6657867502663122,323.0,0.4165,0.4453125,2.245614035087719,"X,Y",um,False,0.8452012383900929,0.9969040247678018,,2.079472027020474
D3I29,D,D3,I,29,10.577690732024873,22.568593359375004,16.921630078125002,1201.0,27104.83594195313,324.32969524064947,17.728296608135476,192.17271293375435,0.7583626371593118,317.0,0.4016,0.4453125,2.245614035087719,"X,Y",um,False,0.8580441640378549,1.0,,2.079472027020474
D3I30,D,D3,I,30,10.161277806289153,19.737407812500003,14.695201171875002,1149.0,22678.429491562503,247.86827578416143,18.215404406389084,197.1480582524274,0.79839452387387,309.0,0.4005,0.4453125,2.245614035087719,"X,Y",um,False,0.9223300970873788,1.0,,2.079472027020474
D3I31,D,D3,I,31,11.970649134134234,20.996996484375003,15.140486953125,1142.0,23978.296496484378,283.2130834227906,19.77659963625052,233.4051724137939,0.6945237791081729,261.0,0.4018,0.4453125,2.245614035087719,"X,Y",um,False,0.89272030651341,0.9961685823754788,,2.079472027020474
D3I32,D,D3,I,32,11.725360462950292,20.211968437500005,15.585772734375004,1108.0,22395.210786093754,243.25439345106815,18.413096023601835,230.75284090909054,0.658281143106289,264.0,0.4073,0.4453125,2.245614035087719,"X,Y",um,False,0.8598484848484849,1.0,,2.079472027020474
D3I33,D,D3,I,33,12.480670212962877,19.53710625,14.695201171875002,1208.0,23600.671812656255,250.9337121425904,19.91418615204521,231.63022813688207,0.5767689933650277,263.0,0.3883,0.4453125,2.245614035087719,"X,Y",um,False,0.8136882129277567,0.9923954372623576,,2.079472027020474
D3I34,D,D3,I,34,10.908458450397138,19.5463509375,15.140486953125,1077.0,21051.7034634375,213.27543481854863,17.968522485330766,207.9138225255971,0.7013727648057837,293.0,0.4025,0.4453125,2.245614035087719,"X,Y",um,False,0.8430034129692833,1.0,,2.079472027020474
D3I35,D,D3,I,35,10.608993972469905,20.554021875000004,15.585772734375004,1185.0,24356.81252226563,246.76080158380742,17.13897278868069,188.02083333333368,0.6684632945093325,324.0,0.388,0.4453125,2.245614035087719,"X,Y",um,False,0.8487654320987653,0.9969135802469136,,2.079472027020474
D3I36,D,D3,I,36,9.22281178493199,24.163301953125004,17.366915859375002,1247.0,30131.625209296883,421.58622779038706,14.38301938851944,135.6765033407572,0.7297231960686913,449.0,0.3751,0.4453125,2.245614035087719,"X,Y",um,False,0.8775055679287306,0.9977728285077953,,2.079472027020474
D3I37,D,D3,I,37,9.919471921630302,21.453067734375004,15.585772734375004,1223.0,26236.92156773438,338.2229768891419,15.828032857017375,159.05678851174935,0.7147515853161123,383.0,0.3952,0.4453125,2.245614035087719,"X,Y",um,False,0.8459530026109661,0.9947780678851176,,2.079472027020474
D3I38,D,D3,I,38,9.426579215306104,22.021616015625003,16.921630078125002,1326.0,29200.921687968756,313.70186002857065,15.017446320098061,135.9793526785713,0.5631751649857514,448.0,0.4279,0.4453125,2.245614035087719,"X,Y",um,False,0.8571428571428571,1.0,,2.079472027020474
D3I39,D,D3,I,39,8.146969232745555,25.127060625000002,18.702773203125002,1285.0,32287.82838773438,466.9754584551636,13.152146399094734,111.16560218978104,0.721149451311461,548.0,0.3646,0.4453125,2.245614035087719,"X,Y",um,False,0.8923357664233577,1.0,,2.079472027020474
D3S1,D,D3,S,1,10.719402020151875,20.736604453125004,16.031058515625002,1144.0,23722.687820625,263.2838893318543,17.077105453224686,183.49021084337312,0.6909929814089816,332.0,0.4101,0.4453125,2.245614035087719,"X,Y",um,False,0.8734939759036144,1.0,,2.079472027020474
D3S2,D,D3,S,2,10.954717122102672,23.073199218750002,16.921630078125002,1011.0,23326.804878984378,381.1491754363038,18.211992189303324,207.91382252559694,0.7621671603378146,293.0,0.4451,0.4453125,2.245614035087719,"X,Y",um,False,0.8430034129692833,0.9931740614334472,,2.079472027020474
D3S3,D,D3,S,3,11.044160691898162,23.337443203125,16.031058515625002,1109.0,25881.117427968755,417.2495107582398,17.42169734437995,184.04456193353502,0.5996978412798861,331.0,0.4022,0.4453125,2.245614035087719,"X,Y",um,False,0.8700906344410877,0.9939577039274924,,2.079472027020474
D3S4,D,D3,S,4,11.824399968940778,20.9207278125,16.031058515625002,1136.0,23766.32813835938,289.3398016276429,18.626049372152796,214.50264084507035,0.6065587151426481,284.0,0.4074,0.4453125,2.245614035087719,"X,Y",um,False,0.8485915492957746,0.9964788732394366,,2.079472027020474
D3S5,D,D3,S,5,10.558938169595436,21.192675703125005,16.031058515625002,1101.0,23333.038879921878,290.44134081084604,16.67621275989395,166.44467213114768,0.5730076842263296,366.0,0.4097,0.4453125,2.245614035087719,"X,Y",um,False,0.8825136612021858,0.994535519125683,,2.079472027020474
D3S6,D,D3,S,6,10.357584893397435,23.121733828125006,17.366915859375002,1277.0,29526.000338437505,361.5238542234925,16.927426409067856,171.60211267605663,0.5883292895697614,355.0,0.4019,0.4453125,2.245614035087719,"X,Y",um,False,0.8901408450704226,1.0,,2.079472027020474
D3S7,D,D3,S,7,11.012599436526042,19.155762890625002,14.695201171875002,989.0,18944.92931789063,233.58328300371096,16.958180488887308,192.17271293375453,0.7196417735186701,317.0,0.4406,0.4453125,2.245614035087719,"X,Y",um,False,0.889589905362776,0.9936908517350158,,2.079472027020474
D3S8,D,D3,S,8,10.478745935090863,23.426808515625,16.031058515625002,1101.0,25792.500164765628,522.0696291650574,16.170794195201093,166.9006849315063,0.6779585310693867,365.0,0.3996,0.4453125,2.245614035087719,"X,Y",um,False,0.8958904109589041,0.9945205479452056,,2.079472027020474
D3S9,D,D3,S,9,9.83620381809105,26.507600625000006,18.257487421875005,1149.0,30457.593660937506,587.6278286136659,16.740468604405027,164.2014824797846,0.6875504928097139,371.0,0.3658,0.4453125,2.245614035087719,"X,Y",um,False,0.9056603773584906,0.9973045822102424,,2.079472027020474
D3S10,D,D3,S,10,9.882071446421456,20.981588671875002,15.585772734375004,1236.0,25932.773660156254,274.0624739795655,15.835831548209518,157.41279069767478,0.6945499869454702,387.0,0.3944,0.4453125,2.245614035087719,"X,Y",um,False,0.8630490956072352,1.0,,2.079472027020474
D3S11,D,D3,S,11,11.362540029619037,22.117914843750004,16.476344296875002,1121.0,24794.554638515627,346.2328760359681,18.165818865108314,200.3906250000003,0.6385194597234977,304.0,0.409,0.4453125,2.245614035087719,"X,Y",um,False,0.8914473684210527,1.0,,2.079472027020474
D3S12,D,D3,S,12,11.930914957404399,22.074772968750004,16.921630078125002,1184.0,26136.281588437505,300.27388372470705,18.114461565659152,213.74999999999972,0.6184885937914533,285.0,0.3895,0.4453125,2.245614035087719,"X,Y",um,False,0.856140350877193,0.9964912280701754,,2.079472027020474
D3S13,D,D3,S,13,11.229756361003052,21.912990937500002,16.921630078125002,1172.0,25681.617071718756,339.31798755347904,17.641341159992965,179.70132743362873,0.594784857116877,339.0,0.4014,0.4453125,2.245614035087719,"X,Y",um,False,0.8672566371681416,1.0,,2.079472027020474
D3S14,D,D3,S,14,9.91387825174438,24.642484921875003,18.702773203125002,1186.0,29225.859232500003,392.30522717481085,16.30560407010872,165.99114441416825,0.693192733534739,367.0,0.3776,0.4453125,2.245614035087719,"X,Y",um,False,0.8910081743869209,0.997275204359673,,2.079472027020474
D3S15,D,D3,S,15,10.883718529304783,20.352949921875002,15.585772734375004,1092.0,22225.10160257813,251.14084424115606,17.624656578521485,196.5120967741934,0.7208033125151164,310.0,0.3941,0.4453125,2.245614035087719,"X,Y",um,False,0.8741935483870967,1.0,,2.079472027020474
D3S16,D,D3,S,16,11.007446091319567,22.044727734375,16.476344296875002,1175.0,25902.937201640627,356.19895683572395,16.942682801734996,181.8470149253724,0.5849142513648825,335.0,0.3783,0.4453125,2.245614035087719,"X,Y",um,False,0.8597014925373134,0.9970149253731344,,2.079472027020474
D3S17,D,D3,S,17,10.599982512202832,23.949903750000004,16.921630078125002,1075.0,25745.742076171875,469.86640530935676,16.816449173527054,175.5583573487035,0.6334395972511188,347.0,0.372,0.4453125,2.245614035087719,"X,Y",um,False,0.8933717579250721,1.0,,2.079472027020474
D3S18,D,D3,S,18,10.37174496365872,21.139518750000004,16.031058515625002,1104.0,23337.937793906254,291.8384438481629,16.76870336760518,185.727896341463,0.784176782371004,328.0,0.3936,0.4453125,2.245614035087719,"X,Y",um,False,0.8932926829268293,1.0,,2.079472027020474
D3S19,D,D3,S,19,11.478952181702358,22.551644765625003,17.366915859375002,1103.0,24874.71070148438,325.1267680440125,19.891882089475537,227.30876865671564,0.7996957681398147,268.0,0.4322,0.4453125,2.245614035087719,"X,Y",um,False,0.8694029850746269,0.996268656716418,,2.079472027020474
D3S20,D,D3,S,20,9.862798278548969,23.82510046875,18.257487421875005,1289.0,30710.531392500005,366.7638808660035,15.980778748306506,162.4499999999997,0.747471191081937,375.0,0.3569,0.4453125,2.245614035087719,"X,Y",um,False,0.8693333333333333,0.9973333333333332,,2.079472027020474
D3S21,D,D3,S,21,10.076838127399258,25.338918046875,17.812201640625002,1164.0,29494.382736796877,506.3649802821168,15.595869058175797,159.8917322834642,0.5827835346249035,381.0,0.3653,0.4453125,2.245614035087719,"X,Y",um,False,0.8661417322834646,0.9973753280839897,,2.079472027020474
D3S22,D,D3,S,22,11.32792640890715,21.712689375000004,16.476344296875002,1130.0,24534.93762023438,285.88562164583135,18.285663854618456,195.88022508038586,0.6166182378021049,311.0,0.3933,0.4453125,2.245614035087719,"X,Y",um,False,0.8713826366559485,1.0,,2.079472027020474
D3S23,D,D3,S,23,10.825779549198865,23.174120390625003,16.476344296875002,1147.0,26581.148277187505,416.30643653296517,17.40870383987253,189.1886645962733,0.5835486467042668,322.0,0.3834,0.4453125,2.245614035087719,"X,Y",um,False,0.8726708074534162,1.0,,2.079472027020474
D3S24,D,D3,S,24,11.146618395961331,22.483080000000005,16.921630078125002,1033.0,23225.273557734377,314.70962594078986,18.49063182705723,194.62859424920134,0.6001214404626795,313.0,0.378,0.4453125,2.245614035087719,"X,Y",um,False,0.8785942492012779,0.9968051118210862,,2.079472027020474
D3S25,D,D3,S,25,11.188924198790247,25.439068828125006,18.702773203125002,1104.0,28084.52321039063,473.46005819421396,17.25328670065513,186.86733128834362,0.6021456815378563,326.0,0.3593,0.4453125,2.245614035087719,"X,Y",um,False,0.9141104294478528,1.0,,2.079472027020474
D3S26,D,D3,S,26,12.131224968540275,20.469278906250004,15.140486953125,1154.0,23621.601785156254,262.1894721692322,19.99383029647733,239.83759842519714,0.7060523005539591,254.0,0.4048,0.4453125,2.245614035087719,"X,Y",um,False,0.8700787401574803,0.9921259842519684,,2.079472027020474
D3S27,D,D3,S,27,11.206986596608273,22.797399375,16.921630078125002,1123.0,25601.461008750004,342.3685863690308,18.73827479964379,195.25240384615375,0.6385866960946239,312.0,0.4015,0.4453125,2.245614035087719,"X,Y",um,False,0.8525641025641025,0.9967948717948718,,2.079472027020474
D3S28,D,D3,S,28,12.560149203528047,18.99475125,15.585772734375004,1120.0,21274.359450703127,188.57567394173586,19.97597644507303,238.8970588235294,0.5668843816941922,255.0,0.4096,0.4453125,2.245614035087719,"X,Y",um,False,0.8549019607843137,1.0,,2.079472027020474
D3S29,D,D3,S,29,11.810696778836407,20.675743593750003,16.031058515625002,1048.0,21668.46124921875,284.7223582842591,18.75901084271253,214.50264084507043,0.6098338712222796,284.0,0.3912,0.4453125,2.245614035087719,"X,Y",um,False,0.8556338028169014,0.9964788732394366,,2.079472027020474
D3S30,D,D3,S,30,10.088181571178424,23.139452812500004,17.366915859375002,1299.0,30058.593718828128,358.14445545778204,16.579103996214037,168.28383977900532,0.6318514908129466,362.0,0.3745,0.4453125,2.245614035087719,"X,Y",um,False,0.8867403314917127,1.0,,2.079472027020474
D3S31,D,D3,S,31,9.977723929335074,24.127093593750004,18.257487421875005,1273.0,30713.648392968753,385.7826433259949,15.368333937944541,152.6785714285714,0.5886604999897077,399.0,0.3613,0.4453125,2.245614035087719,"X,Y",um,False,0.8947368421052632,1.0,,2.079472027020474
D3S32,D,D3,S,32,10.665729555907486,21.933021093750003,16.476344296875002,1144.0,25091.577973593754,345.0262870491944,16.81028197495331,174.05357142857173,0.6491394981581007,350.0,0.3812,0.4453125,2.245614035087719,"X,Y",um,False,0.8714285714285714,0.9942857142857144,,2.079472027020474
D3S33,D,D3,S,33,10.725005869295844,21.803595468750004,16.476344296875002,1103.0,24049.101558046877,323.2032289854127,17.88658046014825,196.51209677419297,0.6241181387652885,310.0,0.3842,0.4453125,2.245614035087719,"X,Y",um,False,0.8935483870967742,1.0,,2.079472027020474
D3S34,D,D3,S,34,10.569180276505474,23.268108046875003,17.366915859375002,1181.0,27479.343625312504,348.11368297108163,17.099905082905856,174.05357142857173,0.6057846205271746,350.0,0.3699,0.4453125,2.245614035087719,"X,Y",um,False,0.8742857142857143,1.0,,2.079472027020474
D3S35,D,D3,S,35,10.224892687393062,20.785139062500004,16.921630078125002,1215.0,25254.117298828132,224.54306487949225,16.51042682101077,173.55769230769218,0.656012694251768,351.0,0.3784,0.4453125,2.245614035087719,"X,Y",um,False,0.8831908831908832,0.9914529914529916,,2.079472027020474
D3S36,D,D3,S,36,11.158345659835899,20.897616093750003,16.031058515625002,1120.0,23405.62508460938,272.890901593982,17.533886805386132,198.4324104234534,0.6359324949251917,307.0,0.4004,0.4453125,2.245614035087719,"X,Y",um,False,0.8664495114006515,0.993485342019544,,2.079472027020474
D3S37,D,D3,S,37,11.537813140299441,22.562430234375004,16.921630078125002,1086.0,24502.874732812503,328.5180368440247,18.877762116314315,211.52343750000014,0.6718590843588987,288.0,0.3746,0.4453125,2.245614035087719,"X,Y",um,False,0.8993055555555556,1.0,,2.079472027020474
D3S38,D,D3,S,38,10.889847223780778,21.894501562500004,16.921630078125002,1053.0,23055.16437421875,290.6834895106019,16.771470245539756,179.70132743362848,0.5932202299726136,339.0,0.3819,0.4453125,2.245614035087719,"X,Y",um,False,0.887905604719764,1.0,,2.079472027020474
D3S39,D,D3,S,39,11.081164642624854,19.94849484375,14.249915390625002,1133.0,22601.835714843754,262.54379269313966,17.77231202560885,204.42533557047005,0.6735658143110728,298.0,0.4199,0.4453125,2.245614035087719,"X,Y",um,False,0.889261744966443,1.0,,2.079472027020474
D3S40,D,D3,S,40,11.521206792619562,18.584133046875003,14.695201171875002,997.0,18528.11717414063,182.81633329852298,17.799494184179427,195.2524038461541,0.5905828963738354,312.0,0.4217,0.4453125,2.245614035087719,"X,Y",um,False,0.8621794871794872,1.0,,2.079472027020474
D3S41,D,D3,S,41,8.857502751771616,22.440708515625005,16.031058515625002,1214.0,27242.883008437504,380.87497764393316,14.170466502383471,124.07077393075397,0.5956396150393569,491.0,0.4374,0.4453125,2.245614035087719,"X,Y",um,False,0.8655804480651731,0.9979633401221996,,2.079472027020474
D3S42,D,D3,S,42,9.387990717205145,22.34286890625,16.921630078125002,1181.0,26386.99212070313,392.12420915170907,14.354603765536831,136.89606741573039,0.608152922617812,445.0,0.4331,0.4453125,2.245614035087719,"X,Y",um,False,0.8359550561797754,0.995505617977528,,2.079472027020474
D3S43,D,D3,S,43,10.242144233605256,20.872193203125004,16.031058515625002,1021.0,21310.875195937504,274.99545867568366,16.449210002177466,166.44467213114802,0.6121962466333772,366.0,0.436,0.4453125,2.245614035087719,"X,Y",um,False,0.8497267759562842,1.0,,2.079472027020474
D3S44,D,D3,S,44,9.150863689234523,22.075543359375004,16.476344296875002,1249.0,27571.96846054688,305.682464854303,15.206488982975433,144.7001187648453,0.7227814581540005,421.0,0.4074,0.4453125,2.245614035087719,"X,Y",um,False,0.8764845605700712,0.995249406175772,,2.079472027020474
D3S45,D,D3,S,45,10.060330472545283,20.869882031250004,15.140486953125,992.0,20702.57784,309.64586930765995,16.73734717964565,167.8202479338839,0.6324220083698857,363.0,0.4359,0.4453125,2.245614035087719,"X,Y",um,False,0.8705234159779613,0.9972451790633609,,2.079472027020474
E1C2,E,E1,C,2,11.743068065168925,21.432267187500003,14.695201171875002,945.0,20253.25752304688,435.32282498609624,18.309032223896068,226.46375464684024,0.7627250151522366,269.0,0.4706,0.4453125,2.245614035087719,"X,Y",um,False,0.8996282527881041,0.9962825278810408,,2.441427908856696
E1C3,E,E1,C,3,11.461420535272604,17.748259218750004,13.804629609375002,735.0,13044.984392812503,193.05186387692876,18.840144476223,221.52272727272725,0.8032594318896802,275.0,0.4975,0.4453125,2.245614035087719,"X,Y",um,False,0.9236363636363636,1.0,,2.441427908856696
E1C8,E,E1,C,8,10.716348941043503,17.574150937500004,12.914058046875002,855.0,15026.179473750002,215.0161753489014,17.89713041297554,203.06249999999937,0.7436187182622574,300.0,0.4601,0.4453125,2.245614035087719,"X,Y",um,False,0.9233333333333332,1.0,,2.441427908856696
E1C9,E,E1,C,9,10.04833840472429,22.357506328125005,15.363129843750002,960.0,21463.172177812503,435.5602256721314,16.566661688324345,162.4499999999995,0.7699452053259126,375.0,0.444,0.4453125,2.245614035087719,"X,Y",um,False,0.9066666666666666,1.0,,2.441427908856696
E1C10,E,E1,C,10,10.456322003120842,22.555496718750003,16.476344296875002,1062.0,23954.250293906254,340.05927119562386,16.766529813137154,177.08938953488405,0.7496569997005665,344.0,0.4021,0.4453125,2.245614035087719,"X,Y",um,False,0.8895348837209303,1.0,,2.441427908856696
E1C11,E,E1,C,11,10.827001076980679,21.745816171875003,15.808415625000002,1084.0,23572.171981875003,364.16256284877323,17.260450678306782,183.49021084337318,0.6246068398603369,332.0,0.4215,0.4453125,2.245614035087719,"X,Y",um,False,0.9006024096385542,1.0,,2.441427908856696
E1C12,E,E1,C,12,13.188263914437208,18.849147421875003,14.249915390625002,919.0,17322.210861796877,213.83332643073123,21.86517869012552,320.625,0.8830489567761437,190.0,0.4805,0.4453125,2.245614035087719,"X,Y",um,False,0.9105263157894736,1.0,,2.441427908856696
E1C13,E,E1,C,13,13.310064277218547,20.285155546875004,15.585772734375004,843.0,17100.445446093752,265.62822110645146,23.184965807644186,301.57797029702954,0.7963321423840418,202.0,0.4606,0.4453125,2.245614035087719,"X,Y",um,False,0.900990099009901,0.995049504950495,,2.441427908856696
E1C14,E,E1,C,14,10.224944786194712,22.994619375000003,15.585772734375004,1138.0,26167.898419687506,504.94413717619636,16.29884001545653,174.0535714285712,0.7588609029487977,350.0,0.4153,0.4453125,2.245614035087719,"X,Y",um,False,0.9,1.0,,2.441427908856696
E1C15,E,E1,C,15,13.869996269797406,21.605605078125006,16.476344296875002,875.0,18904.851286406254,274.7972291028443,23.215735361685933,342.24016853932585,0.7972410917627653,178.0,0.4616,0.4453125,2.245614035087719,"X,Y",um,False,0.8932584269662921,1.0,,2.441427908856696
E1C17,E,E1,C,17,11.146200270733884,20.829821718750004,15.585772734375004,1007.0,20975.554972500006,281.76671974312137,18.299153780050794,205.1136363636367,0.7596810817755234,297.0,0.4254,0.4453125,2.245614035087719,"X,Y",um,False,0.8855218855218855,1.0,,2.441427908856696
E1C18,E,E1,C,18,11.922430997808933,22.214213671875005,16.476344296875002,900.0,19992.74993320313,339.10551393947765,18.49140441216334,220.7201086956525,0.7391584966095394,276.0,0.429,0.4453125,2.245614035087719,"X,Y",um,False,0.9130434782608696,1.0,,2.441427908856696
E1C19,E,E1,C,19,12.183181760548312,24.503814609375002,17.812201640625002,933.0,22861.89878929688,384.7440153245911,21.28440781778555,295.72208737864037,0.9431333679756918,206.0,0.4466,0.4453125,2.245614035087719,"X,Y",um,False,0.8932038834951457,1.0,,2.441427908856696
E1C22,E,E1,C,22,14.51552618008493,19.135732734375,14.249915390625002,793.0,15174.468883593752,237.66598130180057,24.180156033152375,354.178779069767,0.8353008456770389,172.0,0.4853,0.4453125,2.245614035087719,"X,Y",um,False,0.9069767441860463,1.0,,2.441427908856696
E1C23,E,E1,C,23,11.94280639749003,20.737374843750004,15.585772734375004,1004.0,20820.5862759375,293.30379958271493,20.26809030614463,245.64012096774223,0.7843174093825777,248.0,0.4408,0.4453125,2.245614035087719,"X,Y",um,False,0.9153225806451613,1.0,,2.441427908856696
E1C24,E,E1,C,24,11.915520486943933,20.958476953125,15.585772734375004,871.0,18255.140812031255,277.10951178482674,20.453364153551757,271.95870535714334,0.975072957219784,224.0,0.4408,0.4453125,2.245614035087719,"X,Y",um,False,0.90625,1.0,,2.441427908856696
E1C25,E,E1,C,25,10.008620951899507,24.410597343750002,17.812201640625002,1149.0,28048.007465156257,446.3287207906861,15.245574253916253,163.76008064516122,0.6986239389696094,372.0,0.4006,0.4453125,2.245614035087719,"X,Y",um,False,0.9086021505376344,1.0,,2.441427908856696
E1C26,E,E1,C,26,11.032891841696093,21.972311015625003,17.144272968750002,1004.0,22060.335848437502,275.25125791488654,17.909413020074894,216.0239361702128,0.9441156844398222,282.0,0.4292,0.4453125,2.245614035087719,"X,Y",um,False,0.9148936170212766,1.0,,2.441427908856696
E1C27,E,E1,C,27,9.826101654069436,23.751142968750003,16.921630078125002,1189.0,28240.38247851563,451.13074316746224,15.680542306577317,160.31250000000006,0.770007047087384,380.0,0.3985,0.4453125,2.245614035087719,"X,Y",um,False,0.9,1.0,,2.441427908856696
E1C28,E,E1,C,28,12.286545364487106,21.461542031250005,16.031058515625002,926.0,19873.406410312502,303.79987741404426,20.433081741316784,255.96113445378094,0.6575536044821766,238.0,0.419,0.4453125,2.245614035087719,"X,Y",um,False,0.8697478991596639,1.0,,2.441427908856696
E1C29,E,E1,C,29,11.986414263021086,21.011633906250005,15.140486953125,993.0,20864.226593671876,321.7574588074586,19.09704585971297,240.7855731225292,0.8694717186224806,253.0,0.4422,0.4453125,2.245614035087719,"X,Y",um,False,0.8814229249011858,1.0,,2.441427908856696
E1C30,E,E1,C,30,14.874525508769203,18.131143359375002,13.359343828125002,687.0,12455.835866250001,194.08099585089116,27.229248451546407,390.50480769230813,0.824027738240448,156.0,0.4615,0.4453125,2.245614035087719,"X,Y",um,False,0.9230769230769232,1.0,,2.441427908856696
E1C32,E,E1,C,32,11.292704215861049,20.512420781250004,15.140486953125,1025.0,21025.430061562503,260.70275037293703,18.515439217010652,214.5026408450703,0.7548334625190851,284.0,0.4167,0.4453125,2.245614035087719,"X,Y",um,False,0.9330985915492958,1.0,,2.441427908856696
E1C33,E,E1,C,33,10.412093953832402,21.99157078125,16.031058515625002,912.0,20056.429651875,324.06024546199956,17.494835811544203,190.9678683385582,0.7554845630623265,319.0,0.4757,0.4453125,2.245614035087719,"X,Y",um,False,0.9184952978056428,1.0,,2.441427908856696
E1C34,E,E1,C,34,13.054857493242324,20.978507109375006,14.695201171875002,910.0,19090.54701304688,334.36996375479134,21.423999338735605,264.8641304347823,0.7816266109073855,230.0,0.4217,0.4453125,2.245614035087719,"X,Y",um,False,0.917391304347826,1.0,,2.441427908856696
E1C36,E,E1,C,36,11.535957025128337,17.929301015625,14.249915390625002,907.0,16261.922244609375,170.36763482455447,18.892591346186826,229.0178571428571,0.7954069267919983,266.0,0.4701,0.4453125,2.245614035087719,"X,Y",um,False,0.9022556390977444,1.0,,2.441427908856696
E1C37,E,E1,C,37,11.235168349606829,21.446904609375,16.476344296875002,949.0,20353.452986953125,310.8696698441712,17.97750035372495,208.62585616438363,0.690769094782959,292.0,0.4154,0.4453125,2.245614035087719,"X,Y",um,False,0.8938356164383562,1.0,,2.441427908856696
E1C38,E,E1,C,38,12.543400407467132,18.081838359375002,13.804629609375002,836.0,15116.577880078126,208.5220795824097,20.563537307015867,263.7175324675326,0.7286358433287053,231.0,0.4684,0.4453125,2.245614035087719,"X,Y",um,False,0.9134199134199136,0.9956709956709956,,2.441427908856696
E1C39,E,E1,C,39,12.686802565556953,18.479359921875,14.695201171875002,860.0,15892.31270484375,184.9137683596436,20.192391677224794,261.4538626609439,0.8319421301152113,233.0,0.4684,0.4453125,2.245614035087719,"X,Y",um,False,0.8969957081545065,0.9957081545064378,,2.441427908856696
E1C40,E,E1,C,40,11.581938029435507,17.31375890625,12.468772265625,894.0,15478.617561562502,182.04656157405398,18.661188006473598,226.46375464684067,0.8211384557298097,269.0,0.4803,0.4453125,2.245614035087719,"X,Y",um,False,0.8810408921933086,0.9962825278810408,,2.441427908856696
E2C1,E,E2,C,1,11.137757393024033,21.054005390625004,15.585772734375004,1031.0,21706.31285179688,295.6089602441163,18.793128504102967,227.30876865671667,1.0307473022787008,268.0,0.4713,0.4453125,2.245614035087719,"X,Y",um,False,0.8955223880597015,1.0,,2.557348420032508
E2C2,E,E2,C,2,11.189152529874486,21.430726406250002,16.031058515625002,1155.0,24752.695463906253,299.38125714521493,18.105737554209075,212.2604529616728,0.9426147830776658,287.0,0.44,0.4453125,2.245614035087719,"X,Y",um,False,0.902439024390244,0.9930313588850174,,2.557348420032508
E2C3,E,E2,C,3,10.659635790121003,26.807282578125,20.0394009375,1195.0,32034.44537039063,500.27387218016975,16.74993708896652,174.55229226361004,0.6800871870986954,349.0,0.3088,0.4453125,2.245614035087719,"X,Y",um,False,0.8595988538681948,1.0,,2.557348420032508
E2C4,E,E2,C,4,9.372683377256672,30.803298750000007,20.0394009375,1176.0,36224.83571929688,1008.2733561856386,15.12835518834841,147.8610436893203,0.9877359298709536,412.0,0.3822,0.4453125,2.245614035087719,"X,Y",um,False,0.8810679611650486,0.9975728155339806,,2.557348420032508
E2C5,E,E2,C,5,9.767230453170603,23.713393828125003,16.921630078125002,1105.0,26203.523593359376,416.8394010731141,16.366520814047803,165.99114441416847,0.9795096713284877,367.0,0.4136,0.4453125,2.245614035087719,"X,Y",um,False,0.9155313351498636,1.0,,2.557348420032508
E2C6,E,E2,C,6,10.806401722920317,22.044727734375,16.031058515625002,892.0,19663.663710703127,373.5458249643128,16.726166884287,221.52272727272722,1.2021000545658065,275.0,0.4676,0.4453125,2.245614035087719,"X,Y",um,False,0.8690909090909091,1.0,,2.557348420032508
E2C7,E,E2,C,7,10.449096760215877,23.812003828125004,17.366915859375002,1336.0,31813.125240468755,426.1484754742677,16.9547913512139,183.49021084337397,0.7520655277516319,332.0,0.3789,0.4453125,2.245614035087719,"X,Y",um,False,0.8463855421686748,0.993975903614458,,2.557348420032508
E2C8,E,E2,C,8,10.342767787059786,25.831968046875,17.812201640625002,1291.0,33349.00757648438,602.5413397103944,15.98381613279115,174.05357142857133,0.7608235475800902,350.0,0.3569,0.4453125,2.245614035087719,"X,Y",um,False,0.8657142857142858,0.9971428571428572,,2.557348420032508
E2C9,E,E2,C,9,11.592651002929383,27.849621093750002,19.59411515625,1053.0,29326.054696406256,659.0432964884767,19.19737278941299,232.5143129770992,0.8370808024413514,262.0,0.4038,0.4453125,2.245614035087719,"X,Y",um,False,0.9045801526717556,0.9923664122137404,,2.557348420032508
E2C10,E,E2,C,10,11.642183564796484,21.798202734375003,16.476344296875002,1080.0,23541.891007968756,332.2386990959107,20.551062867457357,275.6504524886889,1.0199635442768311,221.0,0.4439,0.4453125,2.245614035087719,"X,Y",um,False,0.8868778280542986,1.0,,2.557348420032508
E2C11,E,E2,C,11,11.065532818991155,23.882109375000002,17.812201640625002,1118.0,26700.04651429688,412.53651363872694,17.985249601787253,216.02393617021207,0.9938254702837632,282.0,0.4463,0.4453125,2.245614035087719,"X,Y",um,False,0.8936170212765957,0.9929078014184396,,2.557348420032508
E2C12,E,E2,C,12,10.558903370571679,25.009961250000003,18.257487421875005,1144.0,28611.327875625007,437.6760592864198,17.052795040442568,184.6022727272727,0.7692320024536271,330.0,0.3619,0.4453125,2.245614035087719,"X,Y",um,False,0.8757575757575757,1.0,,2.557348420032508
E2C13,E,E2,C,13,12.172792525201043,23.312790703125003,17.812201640625002,1240.0,28907.460639140627,339.2521088631043,19.78506115996726,241.7410714285719,0.7146689330005087,252.0,0.3557,0.4453125,2.245614035087719,"X,Y",um,False,0.9007936507936508,0.996031746031746,,2.557348420032508
E2C14,E,E2,C,14,11.444899237487533,23.278123125000004,16.921630078125002,973.0,22649.929660781254,368.3123268406678,19.951585744241967,234.3028846153846,0.8466750510292558,260.0,0.4055,0.4453125,2.245614035087719,"X,Y",um,False,0.8769230769230769,1.0,,2.557348420032508
E2C15,E,E2,C,15,11.817128918765368,25.587754218750003,19.148058984375,1044.0,26713.406628515626,407.8336060483704,18.993898911838578,231.63022813688227,0.9009798574977432,263.0,0.4491,0.4453125,2.245614035087719,"X,Y",um,False,0.8593155893536122,0.9961977186311788,,2.557348420032508
E2C16,E,E2,C,16,11.870228315143512,21.135666796875,15.140486953125,1000.0,21135.421812656252,305.80828721790164,20.22468430589464,249.66700819672107,0.8770350214264032,244.0,0.4548,0.4453125,2.245614035087719,"X,Y",um,False,0.8442622950819673,1.0,,2.557348420032508
E2C17,E,E2,C,17,10.342839793705743,25.046169609375006,18.702773203125002,1194.0,29904.96087960938,425.4784120379334,16.631756731911963,185.72789634146324,0.8336482747188236,328.0,0.4134,0.4453125,2.245614035087719,"X,Y",um,False,0.8902439024390244,1.0,,2.557348420032508
E2C18,E,E2,C,18,13.023899201122973,22.602490546875003,16.476344296875002,967.0,21856.382634375004,378.753209012494,20.140110350777878,261.4538626609436,0.8298746202334533,233.0,0.4549,0.4453125,2.245614035087719,"X,Y",um,False,0.8755364806866953,1.0,,2.557348420032508
E2C19,E,E2,C,19,12.148714215195136,23.920628906250005,17.366915859375002,1061.0,25380.140878828126,417.64003488676764,20.357892222617537,253.82812499999991,0.8515705913079685,240.0,0.4217,0.4453125,2.245614035087719,"X,Y",um,False,0.8500000000000001,0.9875,,2.557348420032508
E2C20,E,E2,C,20,12.059578252082472,23.505388359375004,17.812201640625002,1136.0,26701.828427812507,346.9456715957886,20.301829827563264,240.78557312253028,0.7056132289015284,253.0,0.3519,0.4453125,2.245614035087719,"X,Y",um,False,0.8774703557312252,0.9881422924901184,,2.557348420032508
E2C21,E,E2,C,21,13.071598528528053,24.813511640625006,17.366915859375002,1087.0,26972.57836101563,548.2157537215394,21.431928631382412,276.90340909090924,0.7088847146419667,220.0,0.386,0.4453125,2.245614035087719,"X,Y",um,False,0.8681818181818182,0.9954545454545456,,2.557348420032508
E2C22,E,E2,C,22,13.930762873787476,23.620946953125003,17.366915859375002,1019.0,24070.03153054688,372.85320846280524,24.137851303933513,388.0175159235669,0.9655121326099588,157.0,0.4055,0.4453125,2.245614035087719,"X,Y",um,False,0.8789808917197452,1.0,,2.557348420032508
E2C23,E,E2,C,23,15.454821652902247,27.011436093750003,22.043186953125,864.0,23337.937793906254,449.45113331376353,24.459870338302935,388.0175159235675,0.7956293734571893,157.0,0.3686,0.4453125,2.245614035087719,"X,Y",um,False,0.8598726114649682,1.0,,2.557348420032508
E2C24,E,E2,C,24,14.210552322907407,21.260470078125003,15.585772734375004,864.0,18369.14090554688,322.5871742051514,24.398525959840246,373.73466257668645,0.8323007148743221,163.0,0.4789,0.4453125,2.245614035087719,"X,Y",um,False,0.901840490797546,1.0,,2.557348420032508
E2C25,E,E2,C,25,10.712640680389274,29.166218671875004,22.711115625000005,1053.0,30712.312535625006,557.7456107607056,17.170584448727148,180.76780415430298,0.7278614362482029,337.0,0.3521,0.4453125,2.245614035087719,"X,Y",um,False,0.9258160237388724,1.0,,2.557348420032508
E2C26,E,E2,C,26,12.494976691815808,20.282073984375003,15.140486953125,1069.0,21681.37530726563,239.78715643152472,20.065897051209248,274.408783783784,0.7663964017147898,222.0,0.4257,0.4453125,2.245614035087719,"X,Y",um,False,0.8828828828828829,1.0,,2.557348420032508
E2C27,E,E2,C,27,11.075136804357243,27.559954218750004,20.0394009375,1141.0,31445.74212960938,529.9234373608156,18.146444638888678,237.03793774319047,0.9730822276659,257.0,0.367,0.4453125,2.245614035087719,"X,Y",um,False,0.906614785992218,1.0,,2.557348420032508
E2C28,E,E2,C,28,14.580957455882467,20.534762109375002,15.585772734375004,963.0,19774.992089531253,305.72341647264415,24.504543430162748,398.16176470588255,0.8468545187393068,153.0,0.4681,0.4453125,2.245614035087719,"X,Y",um,False,0.8888888888888888,1.0,,2.557348420032508
E2C29,E,E2,C,29,11.644348830830031,28.973621015625007,20.48468671875,1097.0,31783.73406773438,643.2175732556581,17.80049536509463,210.79152249134947,0.7463596119813499,289.0,0.3418,0.4453125,2.245614035087719,"X,Y",um,False,0.8996539792387543,0.9965397923875432,,2.557348420032508
E2C30,E,E2,C,30,12.702636838315053,23.866701562500005,18.257487421875005,946.0,22577.788741875003,350.925694097168,20.59850172755037,282.0312500000008,1.0278440888989702,216.0,0.4228,0.4453125,2.245614035087719,"X,Y",um,False,0.8796296296296295,0.9907407407407408,,2.557348420032508
E2C32,E,E2,C,32,12.958889565365375,22.265059453125,16.476344296875002,973.0,21664.00762101563,295.4504952861878,22.231445415662172,294.2934782608698,0.9898004487842352,207.0,0.4209,0.4453125,2.245614035087719,"X,Y",um,False,0.8647342995169082,0.9951690821256038,,2.557348420032508
E2C33,E,E2,C,33,14.827838047866566,23.205706406250002,17.812201640625002,916.0,21256.10119289063,369.96344861204227,24.46271112511567,408.8506711409394,0.9295176081411626,149.0,0.467,0.4453125,2.245614035087719,"X,Y",um,False,0.8859060402684564,0.9932885906040269,,2.557348420032508
E2C34,E,E2,C,34,12.523105893679547,22.007748984375002,16.921630078125002,1019.0,22425.937816171878,293.81836556969614,19.093806023195047,280.73156682027593,0.8960364613502151,217.0,0.4015,0.4453125,2.245614035087719,"X,Y",um,False,0.8433179723502304,1.0,,2.557348420032508
E2C35,E,E2,C,35,11.539173659146863,26.300365546875007,19.59411515625,1223.0,32165.81237976563,512.321956996454,18.37244887006215,237.03793774319055,0.8332180302400082,257.0,0.3259,0.4453125,2.245614035087719,"X,Y",um,False,0.8832684824902723,1.0,,2.557348420032508
E2C36,E,E2,C,36,11.43784247000319,28.319559375,19.59411515625,1065.0,30160.125040078132,657.8206829553957,19.158435774395418,221.52272727272756,0.9138476263012604,275.0,0.3425,0.4453125,2.245614035087719,"X,Y",um,False,0.9127272727272726,0.9927272727272728,,2.557348420032508
E2C37,E,E2,C,37,14.849886889793655,18.102638906250004,13.804629609375002,955.0,17288.36683125,206.15638174606937,25.861618055910814,441.44021739130454,1.1276136706978543,138.0,0.4727,0.4453125,2.245614035087719,"X,Y",um,False,0.8333333333333333,0.9927536231884058,,2.557348420032508
E2C38,E,E2,C,38,12.465691677923287,21.256618125000003,16.476344296875002,1086.0,23084.554776562505,278.0941311301575,21.00648890582697,294.29347826086973,0.9971381656636272,207.0,0.4089,0.4453125,2.245614035087719,"X,Y",um,False,0.8840579710144928,1.0,,2.557348420032508
E2C39,E,E2,C,39,11.873727117966842,27.983669062500002,19.59411515625,1032.0,28878.960808359378,637.714031851648,18.586840462477973,220.72010869565122,0.7644402177307921,276.0,0.3424,0.4453125,2.245614035087719,"X,Y",um,False,0.8876811594202898,1.0,,2.557348420032508
E2C40,E,E2,C,40,10.541669763541927,24.963737812500007,18.257487421875005,1053.0,26286.79665679688,447.62018052271736,17.27359919463995,188.6029411764702,0.8065672777901617,323.0,0.3722,0.4453125,2.245614035087719,"X,Y",um,False,0.9009287925696594,1.0,,2.557348420032508
E2C41,E,E2,C,41,12.464555884680433,25.412875546875004,18.257487421875005,1010.0,25666.921870546877,508.53541605419326,21.854424108091667,264.86413043478314,0.740342423277694,230.0,0.39,0.4453125,2.245614035087719,"X,Y",um,False,0.8739130434782609,0.9956521739130436,,2.557348420032508
E2C43,E,E2,C,43,11.32728876879143,25.442920781250006,18.702773203125002,1027.0,26129.601531328128,464.18362638739023,17.949323151712235,206.50423728813595,0.7848742816859148,295.0,0.4024,0.4453125,2.245614035087719,"X,Y",um,False,0.8779661016949153,1.0,,2.557348420032508
E2C44,E,E2,C,44,10.049143001536903,27.529908984375002,19.59411515625,1236.0,34026.77336625,657.5648837161928,15.486650740920302,160.31250000000023,0.74025885125864,380.0,0.3472,0.4453125,2.245614035087719,"X,Y",um,False,0.9210526315789472,0.9973684210526316,,2.557348420032508
E2C45,E,E2,C,45,10.906872795316707,24.565445859375004,17.812201640625002,1022.0,25106.27317476563,440.01267553872077,18.042860149561097,225.625,0.972649247420244,270.0,0.43,0.4453125,2.245614035087719,"X,Y",um,False,0.9185185185185184,0.9925925925925926,,2.557348420032508
E2C46,E,E2,C,46,11.782531585437559,18.974721093750002,13.359343828125002,957.0,18158.507634375004,222.49073594871828,19.682175819278083,248.64795918367338,0.971377321466166,245.0,0.4897,0.4453125,2.245614035087719,"X,Y",um,False,0.8979591836734694,1.0,,2.557348420032508
E2C47,E,E2,C,47,11.097428127547504,25.684053046875004,18.702773203125002,1268.0,32567.484036562502,493.20823426204845,17.320656634179453,207.9138225255972,0.921340034512074,293.0,0.3725,0.4453125,2.245614035087719,"X,Y",um,False,0.8976109215017065,0.9965870307167236,,2.557348420032508
E2C48,E,E2,C,48,12.127505773903906,23.098622109375004,16.921630078125002,1021.0,23583.30489679688,402.6938811957093,20.596550517010755,248.64795918367358,0.6680831323018191,245.0,0.4278,0.4453125,2.245614035087719,"X,Y",um,False,0.8285714285714286,1.0,,2.557348420032508
E2C49,E,E2,C,49,13.302304280966354,21.879093750000003,16.698987187500002,1072.0,23454.164316328126,291.39272406013185,22.89177099183809,295.7220873786406,0.7363654177036779,206.0,0.4346,0.4453125,2.245614035087719,"X,Y",um,False,0.8980582524271845,1.0,,2.557348420032508
E2C50,E,E2,C,50,11.988727649078484,21.357539296875004,16.031058515625002,1159.0,24753.140749687504,281.007631049524,19.333174293235118,242.70418326693178,0.7512762343731343,251.0,0.4134,0.4453125,2.245614035087719,"X,Y",um,False,0.8645418326693227,0.9920318725099602,,2.557348420032508
E2I1,E,E2,I,1,9.97691229294765,19.762830703125,14.695201171875002,1150.0,22727.414009062504,254.11191382688602,16.984238416992774,184.04456193353465,0.8430328840310086,331.0,0.4617,0.4453125,2.245614035087719,"X,Y",um,False,0.8489425981873112,1.0,,2.557348420032508
E2I2,E,E2,I,2,8.688311752286324,21.931480312500003,16.031058515625002,1349.0,29585.671714687505,324.75820347894296,14.371242846528059,132.43206521739114,0.7601167873510094,460.0,0.4332,0.4453125,2.245614035087719,"X,Y",um,False,0.8543478260869565,0.9978260869565218,,2.557348420032508
E2I3,E,E2,I,3,8.592933446008166,20.581755937500002,16.031058515625002,1138.0,23421.656143125005,263.7432596593323,14.166550930158111,127.17901878914434,0.9203471310060858,479.0,0.4626,0.4453125,2.245614035087719,"X,Y",um,False,0.908141962421712,0.9979123173277662,,2.557348420032508
E2I5,E,E2,I,5,10.150315701409689,22.856719453125002,16.476344296875002,1193.0,27268.26583875,390.66063392230234,16.54473715690414,167.82024793388473,0.630506076661542,363.0,0.4276,0.4453125,2.245614035087719,"X,Y",um,False,0.8650137741046832,1.0,,2.557348420032508
E2I6,E,E2,I,6,9.43362533143265,22.771206093750003,16.921630078125002,1037.0,23614.03115648438,407.1949982029359,16.568342137394758,173.06463068181816,0.905688144533426,352.0,0.4594,0.4453125,2.245614035087719,"X,Y",um,False,0.8664772727272727,0.9971590909090908,,2.557348420032508
E2I7,E,E2,I,7,8.813153725364723,24.289646015625003,17.812201640625002,1294.0,31431.046928437503,385.5410881279542,13.79495848494585,122.0816633266532,0.7589397592578551,499.0,0.3098,0.4453125,2.245614035087719,"X,Y",um,False,0.9038076152304608,0.997995991983968,,2.557348420032508
E2I8,E,E2,I,8,9.126654572499087,24.536171015625005,18.257487421875005,1298.0,31848.304357968755,426.8476204946412,14.506170135373717,136.58912556053792,0.7725276522090903,446.0,0.3653,0.4453125,2.245614035087719,"X,Y",um,False,0.8968609865470851,0.9977578475336324,,2.557348420032508
E2I9,E,E2,I,9,10.074352087581785,21.684184921875,16.476344296875002,1105.0,23961.37486640625,287.5545484686585,16.92636942558952,181.84701492537286,0.9281647363397136,335.0,0.4475,0.4453125,2.245614035087719,"X,Y",um,False,0.8776119402985075,0.9970149253731344,,2.557348420032508
E2I10,E,E2,I,10,11.937478296678249,21.7650759375,16.476344296875002,970.0,21112.265411250002,305.3530714024293,18.997279232600764,249.6670081967208,0.8166417923733494,244.0,0.4486,0.4453125,2.245614035087719,"X,Y",um,False,0.8934426229508197,1.0,,2.557348420032508
E2I11,E,E2,I,11,9.765635085499039,24.711820078125,17.812201640625002,1163.0,28739.577884531252,469.81061614813854,16.32455453501043,169.21874999999994,0.870334868343141,360.0,0.4066,0.4453125,2.245614035087719,"X,Y",um,False,0.8777777777777778,1.0,,2.557348420032508
E2I12,E,E2,I,12,8.423640270990742,25.867406015625,18.702773203125002,967.0,25013.648339531253,541.2551656069886,14.201947632318957,141.01562500000063,1.117373433430448,432.0,0.4319,0.4453125,2.245614035087719,"X,Y",um,False,0.8912037037037038,0.9976851851851852,,2.557348420032508
E2I13,E,E2,I,13,11.052194193154364,22.7388496875,17.144272968750002,1052.0,23921.296834921875,345.75392015189215,17.48662606336871,207.20663265306146,0.7583812812272567,294.0,0.4149,0.4453125,2.245614035087719,"X,Y",um,False,0.8673469387755102,1.0,,2.557348420032508
E2I14,E,E2,I,14,11.107818568567973,27.331918593750004,19.148058984375,1082.0,29572.75765664063,580.3182614906434,18.756160486958755,212.26045296167197,0.8963794978255177,287.0,0.3941,0.4453125,2.245614035087719,"X,Y",um,False,0.8780487804878049,0.9965156794425089,,2.557348420032508
E2I15,E,E2,I,15,10.844143136305401,25.434446484375005,18.257487421875005,952.0,24213.422026406253,498.5794247835938,18.159361548739057,206.50423728813567,0.7853515653711379,295.0,0.378,0.4453125,2.245614035087719,"X,Y",um,False,0.8813559322033898,0.9966101694915256,,2.557348420032508
E2I16,E,E2,I,16,10.976149877562957,27.867340078125004,18.257487421875005,1181.0,32911.71074601563,713.0572940769106,18.531943623436142,197.788149350649,0.7895507166710276,308.0,0.3778,0.4453125,2.245614035087719,"X,Y",um,False,0.8766233766233765,0.9967532467532468,,2.557348420032508
E2I17,E,E2,I,17,11.453254296272458,27.382764375,20.9299725,1194.0,32695.288759687504,498.93196480235605,18.810390165748263,223.14560439560472,0.8559317890881023,273.0,0.3648,0.4453125,2.245614035087719,"X,Y",um,False,0.9010989010989012,1.0,,2.557348420032508
E2I18,E,E2,I,18,12.663677325119515,24.650188828125003,17.812201640625002,988.0,24354.14080757813,422.2877468176209,21.29671654320264,324.03590425531945,1.1668400479894476,188.0,0.4046,0.4453125,2.245614035087719,"X,Y",um,False,0.8936170212765957,1.0,,2.557348420032508
E2I19,E,E2,I,19,9.678478155429358,27.592310625000007,21.820544062500005,1106.0,30516.820521796883,429.3616937597535,15.868801613358155,174.55229226361007,1.078225968615274,349.0,0.3845,0.4453125,2.245614035087719,"X,Y",um,False,0.8653295128939827,0.994269340974212,,2.557348420032508
E2I20,E,E2,I,20,11.188435060810896,27.916645078125004,20.0394009375,1171.0,32690.835901875005,643.2798909357424,17.50079256151155,212.2604529616723,0.7398131734706596,287.0,0.3415,0.4453125,2.245614035087719,"X,Y",um,False,0.902439024390244,1.0,,2.557348420032508
E2I21,E,E2,I,21,9.289305280738425,27.885829453125005,20.0394009375,1323.0,36892.80445148438,551.5393633260317,15.198181427719861,157.41279069767438,1.0260200953220924,387.0,0.3559,0.4453125,2.245614035087719,"X,Y",um,False,0.8604651162790696,0.9948320413436692,,2.557348420032508
E2I22,E,E2,I,22,8.966143951849736,30.052167890625004,22.265829843750005,1258.0,37805.695000781256,735.6744574354799,13.818413117321132,126.65020790020733,0.7760485852034634,481.0,0.2896,0.4453125,2.245614035087719,"X,Y",um,False,0.9272349272349272,0.997920997920998,,2.557348420032508
E2I23,E,E2,I,23,8.175064244213898,25.227211406250007,18.702773203125002,1239.0,31256.038830937505,433.2188614061097,13.113621158148893,110.16048824593129,0.8751863663293477,553.0,0.2822,0.4453125,2.245614035087719,"X,Y",um,False,0.8716094032549728,1.0,,2.557348420032508
E2I24,E,E2,I,24,10.400848440950135,24.146353359375002,17.812201640625002,1101.0,26585.15661960938,411.9637844836671,16.695051415776554,181.84701492537363,0.9155092703151136,335.0,0.404,0.4453125,2.245614035087719,"X,Y",um,False,0.8716417910447761,1.0,,2.557348420032508
E2I25,E,E2,I,25,8.567120702400931,26.801889843750004,19.148058984375,1207.0,32350.172249062507,525.8953412205141,13.217435011189087,116.70258620689661,0.650626002486955,522.0,0.2525,0.4453125,2.245614035087719,"X,Y",um,False,0.9061302681992336,0.9980842911877394,,2.557348420032508
E2I26,E,E2,I,26,9.827572286164518,26.813445703125005,19.148058984375,1217.0,32631.60904101563,523.0287279366395,15.993550489911994,166.90068493150676,0.8476530050206553,365.0,0.3823,0.4453125,2.245614035087719,"X,Y",um,False,0.9178082191780822,1.0,,2.557348420032508
E2I27,E,E2,I,27,8.917031011709621,25.093163437500007,20.0394009375,1284.0,32219.249755078126,404.70051049442145,14.767660319576105,132.72058823529437,0.793148511652394,459.0,0.3596,0.4453125,2.245614035087719,"X,Y",um,False,0.906318082788671,1.0,,2.557348420032508
E2I28,E,E2,I,28,12.304397872506557,21.855211640625004,15.585772734375004,1182.0,25833.023482031254,367.08911980587163,19.78243105377866,243.67499999999987,0.7508288411215293,250.0,0.4273,0.4453125,2.245614035087719,"X,Y",um,False,0.876,1.0,,2.557348420032508
E2I29,E,E2,I,29,10.869819424020621,22.053202031250002,16.921630078125002,1122.0,24743.343692109378,324.87334281167,17.257086704655354,190.96786833855728,0.9286919957289872,319.0,0.4276,0.4453125,2.245614035087719,"X,Y",um,False,0.8620689655172413,1.0,,2.557348420032508
E2I30,E,E2,I,30,8.970578313774002,26.419776093750002,18.702773203125002,1091.0,28823.74228992188,521.4025332372987,15.23397991186591,147.50302663438222,0.877566615106564,413.0,0.3871,0.4453125,2.245614035087719,"X,Y",um,False,0.8789346246973365,1.0,,2.557348420032508
E2I31,E,E2,I,31,9.528222525512138,26.971375781250003,20.48468671875,1259.0,33956.85964664063,471.60833284313975,15.312476322654247,144.35722748815138,0.6637375500018118,422.0,0.3496,0.4453125,2.245614035087719,"X,Y",um,False,0.8957345971563981,0.9976303317535544,,2.557348420032508
E2I32,E,E2,I,32,11.715422101263297,22.699559765625004,16.476344296875002,986.0,22381.851442265626,372.45674931712654,19.164304722025395,241.7410714285713,0.9890741710341656,252.0,0.4552,0.4453125,2.245614035087719,"X,Y",um,False,0.8809523809523809,0.984126984126984,,2.557348420032508
E2I33,E,E2,I,33,9.604966211891151,27.230997421875006,19.59411515625,1298.0,35345.34391476563,536.8875864856568,15.954909396968604,151.53917910447748,0.8408472674978177,402.0,0.3303,0.4453125,2.245614035087719,"X,Y",um,False,0.8880597014925373,1.0,,2.557348420032508
E2I34,E,E2,I,34,7.942956321669441,25.980653437500003,19.371472265625002,1306.0,33930.58624476563,486.1105472513123,12.350067550264518,102.90329391891859,0.7864085639323077,592.0,0.2893,0.4453125,2.245614035087719,"X,Y",um,False,0.8817567567567568,0.9983108108108107,,2.557348420032508
E2I35,E,E2,I,35,9.51610960635007,28.153155,20.48468671875,1204.0,33896.2969284375,581.2838887810914,15.2572624268301,156.2019230769232,0.8865242534413257,390.0,0.3475,0.4453125,2.245614035087719,"X,Y",um,False,0.8717948717948718,1.0,,2.557348420032508
E2I36,E,E2,I,36,9.241069809712005,26.121634921875,18.257487421875005,1130.0,29517.53913820313,579.5194081821352,14.85267879010262,156.60347043701813,1.0461512244801427,389.0,0.3972,0.4453125,2.245614035087719,"X,Y",um,False,0.897172236503856,0.9974293059125964,,2.557348420032508
E2I37,E,E2,I,37,10.086512706637427,27.757174218750006,19.816758046875,1116.0,30977.273753671878,746.7391099098634,16.460246856725146,165.0914634146341,0.7046172539267748,369.0,0.3052,0.4453125,2.245614035087719,"X,Y",um,False,0.8753387533875339,0.997289972899729,,2.557348420032508
E2I38,E,E2,I,38,7.631149154767471,25.905925546875004,18.257487421875005,1311.0,33962.64836179688,530.5234675947694,12.130525437381843,96.39042721518986,0.7299492126738039,632.0,0.2635,0.4453125,2.245614035087719,"X,Y",um,False,0.8765822784810127,1.0,,2.557348420032508
E2I39,E,E2,I,39,10.277666247756647,27.16859578125,20.48468671875,1052.0,28581.046901718753,514.0799090765443,16.680221807081782,186.86733128834345,1.0363838867777146,326.0,0.4038,0.4453125,2.245614035087719,"X,Y",um,False,0.8803680981595092,1.0,,2.557348420032508
E2I40,E,E2,I,40,7.616437277296514,24.138649453125,18.257487421875005,1316.0,31766.812437656255,355.91348251076664,11.656837974728946,93.00572519083961,0.7281016001388144,655.0,0.2627,0.4453125,2.245614035087719,"X,Y",um,False,0.8717557251908397,0.9969465648854962,,2.557348420032508
E2I41,E,E2,I,41,9.147195092784465,25.040776875000002,18.480130312500002,1298.0,32503.359032109376,423.9501451215821,14.475154023192133,141.67151162790677,0.8192005136508528,430.0,0.3427,0.4453125,2.245614035087719,"X,Y",um,False,0.8883720930232558,1.0,,2.557348420032508
E2I42,E,E2,I,42,10.490899375644737,26.702509453125003,19.148058984375,1035.0,27637.429322343753,511.5966979006165,17.306861615405825,188.02083333333317,0.8139101680593955,324.0,0.294,0.4453125,2.245614035087719,"X,Y",um,False,0.8858024691358025,1.0,,2.557348420032508
E2I43,E,E2,I,43,9.526320337292367,27.980587500000006,20.0394009375,1221.0,34164.375146953134,619.4217154909242,15.09966063360805,160.3124999999996,0.8805583620207701,380.0,0.3388,0.4453125,2.245614035087719,"X,Y",um,False,0.8973684210526316,1.0,,2.557348420032508
E2I44,E,E2,I,44,9.103901391044168,29.462048671875007,20.48468671875,1104.0,32526.51543351563,788.1465375681154,15.619372373435539,154.61611675126866,0.8925916650005138,394.0,0.3333,0.4453125,2.245614035087719,"X,Y",um,False,0.8781725888324874,0.9974619289340102,,2.557348420032508
E2I45,E,E2,I,45,11.274129421176458,23.284286250000005,16.921630078125002,1070.0,24914.3434471875,413.6748499282654,19.37428108961255,223.96599264705915,0.749168252366287,272.0,0.4378,0.4453125,2.245614035087719,"X,Y",um,False,0.875,1.0,,2.557348420032508
E2I46,E,E2,I,46,10.908237906926495,33.1606940625,20.707329609375005,924.0,30640.616902500005,1092.86100112511,17.851487029089743,210.06465517241347,0.7837519597397953,290.0,0.3429,0.4453125,2.245614035087719,"X,Y",um,False,0.913793103448276,1.0,,2.557348420032508
E2I47,E,E2,I,47,9.224651898474466,27.022221562500004,19.148058984375,1301.0,35155.640616093755,562.0105140853273,14.869461845134499,132.72058823529392,0.5944503594691959,459.0,0.2951,0.4453125,2.245614035087719,"X,Y",um,False,0.8779956427015251,0.9978213507625272,,2.557348420032508
E2I48,E,E2,I,48,8.663878750699638,27.671660859375002,20.0394009375,1371.0,37937.953352109376,592.5236242614259,13.423602445731017,118.74999999999984,0.724349204152724,513.0,0.3038,0.4453125,2.245614035087719,"X,Y",um,False,0.8908382066276803,0.9941520467836256,,2.557348420032508
E2I49,E,E2,I,49,8.293513892741876,28.874240625000002,21.820544062500005,1178.0,34014.30459398438,557.9117912409303,13.247710470829938,109.56609712230247,0.6757208086661516,556.0,0.2648,0.4453125,2.245614035087719,"X,Y",um,False,0.8830935251798562,0.9946043165467626,,2.557348420032508
E2I50,E,E2,I,50,8.74261803488139,23.805070312500003,17.812201640625002,1361.0,32398.71071039063,349.4502488334595,13.871923206090349,128.52056962025264,0.7725164773530184,474.0,0.3295,0.4453125,2.245614035087719,"X,Y",um,False,0.8734177215189873,1.0,,2.557348420032508
E2S1,E,E2,S,1,9.21120485109528,23.671792734375003,17.366915859375002,1193.0,28240.82776429688,396.64253770867316,15.055776802564893,146.79216867469862,0.9965416193200904,415.0,0.4316,0.4453125,2.245614035087719,"X,Y",um,False,0.8554216867469879,1.0,,2.557348420032508
E2S2,E,E2,S,2,10.3719169628282,20.750471484375,15.585772734375004,1003.0,20813.015647265627,289.40568031801763,17.348919444954188,192.17271293375384,0.7234043165481552,317.0,0.4628,0.4453125,2.245614035087719,"X,Y",um,False,0.8706624605678234,0.996845425867508,,2.557348420032508
E2S3,E,E2,S,3,9.454696586659779,24.291957187500003,17.366915859375002,1155.0,28057.35923695313,451.3877294100953,15.483965542644262,164.2014824797847,0.9867130616881772,371.0,0.4244,0.4453125,2.245614035087719,"X,Y",um,False,0.8463611859838275,1.0,,2.557348420032508
E2S4,E,E2,S,4,7.809637070134132,23.147927109375004,16.921630078125002,1377.0,31874.577759843753,367.41970026117565,12.50583921645925,108.97808586762119,0.8514918487462735,559.0,0.3636,0.4453125,2.245614035087719,"X,Y",um,False,0.853309481216458,1.0,,2.557348420032508
E2S8,E,E2,S,8,9.130902252670541,33.930314296875004,22.265829843750005,1089.0,36950.25016921876,1162.7553241041505,15.187938189642843,142.00174825174835,0.7256633241289666,429.0,0.2549,0.4453125,2.245614035087719,"X,Y",um,False,0.8694638694638694,0.9953379953379954,,2.557348420032508
E2S13,E,E2,S,13,9.024840563558612,23.114800312500005,17.366915859375002,1300.0,30048.796661250006,319.16088880394904,14.434857406198594,138.13775510204079,0.7924873512578788,441.0,0.4019,0.4453125,2.245614035087719,"X,Y",um,False,0.8888888888888888,1.0,,2.557348420032508
E2S14,E,E2,S,14,12.040567348540648,22.194953906250003,16.921630078125002,970.0,21529.07832539063,324.6311941119141,19.809432924652537,249.6670081967214,0.9303498025683236,244.0,0.4222,0.4453125,2.245614035087719,"X,Y",um,False,0.8770491803278689,0.9959016393442623,,2.557348420032508
E2S15,E,E2,S,15,10.605811655562533,31.810199296875002,20.9299725,992.0,31555.734651093757,966.6552354185304,17.46408488751913,206.50423728813615,0.8428565811836505,295.0,0.3476,0.4453125,2.245614035087719,"X,Y",um,False,0.8576271186440677,0.9932203389830508,,2.557348420032508
E2S16,E,E2,S,16,10.419289683953949,24.023090859375003,16.476344296875002,1266.0,30413.06277164063,521.5105505494447,16.523535836871503,176.57608695652135,0.7773473316827177,345.0,0.3797,0.4453125,2.245614035087719,"X,Y",um,False,0.8666666666666667,1.0,,2.557348420032508
E2S18,E,E2,S,18,10.921346359283994,25.420579453125004,18.257487421875005,1307.0,33224.32062421875,452.9611024567933,17.246926855718627,191.5683962264149,0.7847129345512917,318.0,0.4051,0.4453125,2.245614035087719,"X,Y",um,False,0.8427672955974842,0.9968553459119496,,2.557348420032508
E2S19,E,E2,S,19,9.844609569128044,23.094770156250004,16.031058515625002,1076.0,24849.773156953128,439.7331362309144,16.617499831508294,165.99114441416953,0.8326143329420779,367.0,0.4193,0.4453125,2.245614035087719,"X,Y",um,False,0.8501362397820165,0.994550408719346,,2.557348420032508
E2S20,E,E2,S,20,10.682583370238026,21.580952578125004,16.031058515625002,1109.0,23933.320321406252,289.610438409723,16.764107759543382,185.16337386018222,0.7137971754743605,329.0,0.4177,0.4453125,2.245614035087719,"X,Y",um,False,0.8541033434650456,0.9908814589665652,,2.557348420032508
E2S21,E,E2,S,21,10.27503876939075,22.7080340625,16.476344296875002,1100.0,24978.913737421877,418.0934701970948,16.460327745028415,171.6021126760565,0.75267585880196,355.0,0.4233,0.4453125,2.245614035087719,"X,Y",um,False,0.8985915492957747,1.0,,2.557348420032508
E2S23,E,E2,S,23,11.383374875834338,23.234981250000004,16.921630078125002,1181.0,27440.601451171875,395.1231733180482,18.52756631190876,217.5669642857139,0.6838038127615889,280.0,0.3595,0.4453125,2.245614035087719,"X,Y",um,False,0.8464285714285714,1.0,,2.557348420032508
E2S24,E,E2,S,24,10.508217830751487,21.996193125,17.366915859375002,1104.0,24283.781031796876,284.4671525467713,16.22775153410007,176.06575144508727,0.7523072311908333,346.0,0.4107,0.4453125,2.245614035087719,"X,Y",um,False,0.869942196531792,1.0,,2.557348420032508
E2S25,E,E2,S,25,11.2036368628817,23.110948359375,16.476344296875002,1043.0,24104.32007648438,370.24002041127324,17.595238204101925,201.7177152317884,0.7157765899414028,302.0,0.3985,0.4453125,2.245614035087719,"X,Y",um,False,0.8874172185430463,1.0,,2.557348420032508
E2S26,E,E2,S,26,11.789849394876647,21.626405625000004,16.031058515625002,989.0,21388.359544218754,312.93861682296756,19.545616106594036,229.8820754716984,0.7727028086640039,265.0,0.4017,0.4453125,2.245614035087719,"X,Y",um,False,0.8867924528301887,0.9962264150943396,,2.557348420032508
E2S27,E,E2,S,27,10.204700102852566,22.297415859375004,16.921630078125002,1254.0,27960.726829687505,318.4528412578492,15.511890048903267,163.76008064516134,0.746531998306014,372.0,0.3966,0.4453125,2.245614035087719,"X,Y",um,False,0.8870967741935484,1.0,,2.557348420032508
E2S28,E,E2,S,28,11.671423443330076,23.570871562500002,16.031058515625002,1126.0,26540.62495992188,452.6477335512269,18.524540593817424,231.6302281368825,0.7108926857496803,263.0,0.3787,0.4453125,2.245614035087719,"X,Y",um,False,0.9239543726235742,0.9961977186311788,,2.557348420032508
E2S29,E,E2,S,29,10.696742269583984,26.026106484375006,18.702773203125002,1188.0,30919.382750156255,559.2204625226991,16.424685878908058,177.60568513119583,0.6534828695591606,343.0,0.3709,0.4453125,2.245614035087719,"X,Y",um,False,0.8571428571428571,1.0,,2.557348420032508
E2S30,E,E2,S,30,11.264967769767205,25.778040703125,17.812201640625002,1131.0,29154.609655546876,563.8966625358765,17.750059421752255,199.73360655737696,0.7385523921087479,305.0,0.3929,0.4453125,2.245614035087719,"X,Y",um,False,0.8754098360655738,0.99672131147541,,2.557348420032508
E2S31,E,E2,S,31,12.563392905915606,22.006978593750002,16.476344296875002,960.0,21126.515326640627,337.66093076495366,20.621179972658616,288.71445497630344,0.799978075266216,211.0,0.4659,0.4453125,2.245614035087719,"X,Y",um,False,0.8672985781990521,0.995260663507109,,2.557348420032508
E2S32,E,E2,S,32,11.038427781447504,23.977637812500003,17.366915859375002,1171.0,28077.84392367188,447.1637777038148,18.14200245601606,226.46375464684021,0.8041782365523378,269.0,0.417,0.4453125,2.245614035087719,"X,Y",um,False,0.8847583643122676,1.0,,2.557348420032508
E2S33,E,E2,S,33,13.568122495165007,24.527696718750004,17.812201640625002,995.0,24404.906468203128,431.77605873673104,22.095226385877627,304.5937499999997,0.7212560141872075,200.0,0.3857,0.4453125,2.245614035087719,"X,Y",um,False,0.92,1.0,,2.557348420032508
E2S34,E,E2,S,34,10.959057625546272,22.690315078125003,15.585772734375004,1146.0,26003.132665546877,406.6198950410157,18.17906855887449,215.26060070671375,0.8170424572887417,283.0,0.3879,0.4453125,2.245614035087719,"X,Y",um,False,0.8869257950530035,1.0,,2.557348420032508
E2S35,E,E2,S,35,11.541979360861923,23.066265703125,16.031058515625002,1143.0,26364.726290859377,388.6884277230653,19.248540883939878,228.16011235955065,0.7636782735263009,267.0,0.4016,0.4453125,2.245614035087719,"X,Y",um,False,0.8539325842696629,1.0,,2.557348420032508
E2S36,E,E2,S,36,13.447273747999317,26.499126328125,18.702773203125002,1046.0,27718.476727265628,583.5320732778443,20.975809249272874,298.6213235294118,0.8845533566582027,204.0,0.3713,0.4453125,2.245614035087719,"X,Y",um,False,0.8382352941176471,0.9950980392156864,,2.557348420032508
E2S37,E,E2,S,37,12.007730323884509,22.184168437500002,16.921630078125002,1075.0,23847.82005867188,375.60646291909796,19.676392071919917,228.16011235954988,0.7092121020247871,267.0,0.3982,0.4453125,2.245614035087719,"X,Y",um,False,0.8801498127340824,0.99625468164794,,2.557348420032508
E2S38,E,E2,S,38,13.359790322717298,23.359014140625003,16.921630078125002,960.0,22424.601188437504,385.9173682153199,20.54829074162546,276.903409090909,0.7568935655087343,220.0,0.4092,0.4453125,2.245614035087719,"X,Y",um,False,0.9090909090909092,1.0,,2.557348420032508
E2S39,E,E2,S,39,13.576187158413353,22.143337734375002,16.921630078125002,987.0,21855.492062812504,295.82380786497805,21.78600496339491,300.0923645320198,0.7943407047957122,203.0,0.4036,0.4453125,2.245614035087719,"X,Y",um,False,0.8719211822660099,0.9901477832512317,,2.557348420032508
E2S40,E,E2,S,40,13.736647019190924,22.700330156250004,16.476344296875002,985.0,22360.030898203127,373.92804006882943,22.767561764937582,309.23223350253795,0.7099432675935102,197.0,0.3922,0.4453125,2.245614035087719,"X,Y",um,False,0.8629441624365481,0.9949238578680204,,2.557348420032508
E2S41,E,E2,S,41,12.455865346957358,24.432168281250004,16.031058515625002,963.0,23528.530893750005,564.932323028705,20.903303873118062,261.4538626609441,0.8588689783135977,233.0,0.4277,0.4453125,2.245614035087719,"X,Y",um,False,0.9012875536480688,1.0,,2.557348420032508
E2S42,E,E2,S,42,12.517445219783102,17.708969296875,12.914058046875002,851.0,15070.26584765625,200.41840716459964,19.63909906704713,248.64795918367412,0.738646254245591,245.0,0.4735,0.4453125,2.245614035087719,"X,Y",um,False,0.8571428571428571,1.0,,2.557348420032508
E3C1,E,E3,C,1,10.73855196242949,18.67889109375,14.249915390625002,1023.0,19108.804500468752,227.3633850295899,16.999026656663837,199.08088235294093,1.0085924159120516,306.0,0.4762,0.4453125,2.245614035087719,"X,Y",um,False,0.8627450980392157,1.0,,1.6134242575975828
E3C2,E,E3,C,2,9.732946703821113,23.837426718750002,16.476344296875002,1282.0,30560.015553750003,457.1625010979005,15.840017717098851,154.22468354430399,0.7765589849544894,395.0,0.4244,0.4453125,2.245614035087719,"X,Y",um,False,0.9063291139240506,1.0,,1.6134242575975828
E3C3,E,E3,C,3,11.266737861406497,16.759077656250003,12.468772265625,1018.0,17060.367414609376,174.38860894427492,19.44391720422489,228.16011235955065,0.7671750285372158,267.0,0.4704,0.4453125,2.245614035087719,"X,Y",um,False,0.8464419475655431,0.99250936329588,,1.6134242575975828
E3C4,E,E3,C,4,11.020583360245938,19.961591484375003,14.695201171875002,1119.0,22337.32055296875,259.3376964282349,18.312223387769464,216.02393617021303,0.7278903263817806,282.0,0.4405,0.4453125,2.245614035087719,"X,Y",um,False,0.8794326241134752,1.0,,1.6134242575975828
E3C5,E,E3,C,5,11.365314301406137,20.946150703125003,16.031058515625002,1063.0,22266.070205625005,256.27404057495124,20.014576197344656,231.63022813688178,0.7564201984718489,263.0,0.4385,0.4453125,2.245614035087719,"X,Y",um,False,0.8783269961977186,1.0,,1.6134242575975828
E3C6,E,E3,C,6,10.889753698589969,22.466131406250003,16.921630078125002,1216.0,27319.031499375,412.8504760460084,17.63695247513268,199.73360655737687,0.8375418612126855,305.0,0.4149,0.4453125,2.245614035087719,"X,Y",um,False,0.8327868852459016,0.99672131147541,,1.6134242575975828
E3C7,E,E3,C,7,10.92101033659139,18.69429890625,14.695201171875002,1097.0,20507.531111953125,193.19014977654425,16.989890724336576,189.778037383177,0.7865668085482534,321.0,0.4564,0.4453125,2.245614035087719,"X,Y",um,False,0.8691588785046729,1.0,,1.6134242575975828
E3C8,E,E3,C,8,11.552667048604086,22.749635156250005,16.476344296875002,1154.0,26253.39868242188,357.2957480052064,18.400887175888112,213.74999999999997,0.6995779021662765,285.0,0.4411,0.4453125,2.245614035087719,"X,Y",um,False,0.863157894736842,0.9964912280701754,,1.6134242575975828
E3C9,E,E3,C,9,11.295222796116828,23.025435000000005,17.366915859375002,1087.0,25028.78882648438,376.23794874395145,19.204831403833214,216.79270462633448,0.7367565424999181,281.0,0.4365,0.4453125,2.245614035087719,"X,Y",um,False,0.8718861209964412,1.0,,1.6134242575975828
E3C10,E,E3,C,10,11.423388626195086,20.858326171875003,16.476344296875002,959.0,20003.43756234375,259.58399963999636,19.421825070606165,232.51431297709948,0.8709815612177741,262.0,0.4479,0.4453125,2.245614035087719,"X,Y",um,False,0.851145038167939,0.9885496183206108,,1.6134242575975828
E3C11,E,E3,C,11,12.265877647187956,21.456149296875,16.031058515625002,1024.0,21971.273299453125,275.6049849370789,20.098961475549,278.16780821917735,0.8608968204665814,219.0,0.463,0.4453125,2.245614035087719,"X,Y",um,False,0.8767123287671232,0.9817351598173516,,1.6134242575975828
E3C12,E,E3,C,12,11.63925115400071,22.624831875,16.476344296875002,1028.0,23258.67153210938,411.56257732426764,18.294964721294797,215.2606007067134,0.746397721941644,283.0,0.4267,0.4453125,2.245614035087719,"X,Y",um,False,0.8798586572438163,1.0,,1.6134242575975828
E3C13,E,E3,C,13,10.984106353762934,20.500864921875003,15.585772734375004,1063.0,21792.70291570313,254.9072061251038,19.134656760423006,229.01785714285694,0.8556624195049454,266.0,0.4438,0.4453125,2.245614035087719,"X,Y",um,False,0.868421052631579,1.0,,1.6134242575975828
E3C14,E,E3,C,14,9.880836536020922,20.787450234375004,16.031058515625002,1119.0,23260.898731406254,253.08574936149907,17.279016977494603,179.70132743362828,0.8790249856802398,339.0,0.4459,0.4453125,2.245614035087719,"X,Y",um,False,0.887905604719764,0.9970501474926252,,1.6134242575975828
E3C15,E,E3,C,15,11.192466718174039,19.883782031250004,15.140486953125,1147.0,22807.124786250002,277.88225101787117,18.29427790060462,203.74163879598686,0.7781246638843358,299.0,0.4496,0.4453125,2.245614035087719,"X,Y",um,False,0.862876254180602,1.0,,1.6134242575975828
E3C16,E,E3,C,16,10.861709456483378,23.164105312500006,17.812201640625002,1172.0,27148.4762596875,362.7435002479981,18.414263841058215,205.11363636363666,0.8311876148750766,297.0,0.4328,0.4453125,2.245614035087719,"X,Y",um,False,0.8855218855218855,0.9966329966329966,,1.6134242575975828
E3C17,E,E3,C,17,11.795605956014585,21.268944375000004,15.140486953125,1159.0,24650.273571093752,343.7514453651856,18.479263880764357,220.72010869565204,0.7799326513924374,276.0,0.4406,0.4453125,2.245614035087719,"X,Y",um,False,0.8405797101449275,1.0,,1.6134242575975828
E3C18,E,E3,C,18,10.128396986146276,24.188724843750002,16.921630078125002,1253.0,30308.85973570313,515.293620083899,16.489817311889304,174.55229226361044,0.7280794021135122,349.0,0.4096,0.4453125,2.245614035087719,"X,Y",um,False,0.8653295128939827,0.994269340974212,,1.6134242575975828
E3C19,E,E3,C,19,11.157149021222152,22.460738671875003,16.031058515625002,1127.0,25312.89810351563,377.73832107969366,19.01008346391964,205.80658783783738,0.7126697424985924,296.0,0.4027,0.4453125,2.245614035087719,"X,Y",um,False,0.8344594594594594,1.0,,1.6134242575975828
E3C20,E,E3,C,20,12.611124855926452,19.815987656250005,14.249915390625002,947.0,18765.469132968752,275.3367221618592,20.676269322343558,275.6504524886878,0.8878049163159819,221.0,0.457,0.4453125,2.245614035087719,"X,Y",um,False,0.8868778280542986,0.995475113122172,,1.6134242575975828
E3C21,E,E3,C,21,11.18899974467736,20.334460546875004,15.140486953125,1183.0,24055.781615156255,253.65254349940798,18.282556450917223,214.5026408450707,0.8796866043760839,284.0,0.4292,0.4453125,2.245614035087719,"X,Y",um,False,0.8943661971830986,1.0,,1.6134242575975828
E3C22,E,E3,C,22,10.70594968307755,21.935332265625004,16.476344296875002,1087.0,23843.81248664063,317.1204299074769,17.31373138582617,194.62859424920134,0.76179132351102,313.0,0.4077,0.4453125,2.245614035087719,"X,Y",um,False,0.8817891373801917,0.9936102236421726,,1.6134242575975828
E3C23,E,E3,C,23,10.497622958722939,21.85444125,16.476344296875002,1222.0,26706.281285625006,290.66390395400396,16.441168472098244,176.57608695652198,0.6807811673150874,345.0,0.4126,0.4453125,2.245614035087719,"X,Y",um,False,0.8927536231884058,1.0,,1.6134242575975828
E3C24,E,E3,C,24,12.04905399914805,22.359047109375002,16.476344296875002,1047.0,23410.077942421878,366.66535958129884,19.752746711176123,235.2075289575292,0.821448341408491,259.0,0.4319,0.4453125,2.245614035087719,"X,Y",um,False,0.8532818532818532,1.0,,1.6134242575975828
E3C25,E,E3,C,25,11.88297032419405,22.389092343750004,16.476344296875002,1104.0,24717.515576015627,322.9325922033326,18.255916553708275,224.79243542435356,0.7364390246361654,271.0,0.4148,0.4453125,2.245614035087719,"X,Y",um,False,0.870848708487085,0.996309963099631,,1.6134242575975828
E3C26,E,E3,C,26,12.867423301780507,19.500127500000005,15.140486953125,1096.0,21372.32848570313,223.6528123068604,22.766028932140255,279.4438073394496,0.702296083426356,218.0,0.4172,0.4453125,2.245614035087719,"X,Y",um,False,0.8577981651376146,0.9908256880733946,,1.6134242575975828
E3C27,E,E3,C,27,12.68441916129216,19.040204296875004,14.249915390625002,1054.0,20068.45313835938,230.92439532011724,20.547323384479704,259.2287234042551,0.771711317755684,235.0,0.4357,0.4453125,2.245614035087719,"X,Y",um,False,0.8680851063829788,1.0,,1.6134242575975828
E3C28,E,E3,C,28,12.326890923126701,20.581755937500002,15.140486953125,1025.0,21096.679638515627,293.54416777732547,20.95591056322345,282.03125000000006,0.8496539671041706,216.0,0.4358,0.4453125,2.245614035087719,"X,Y",um,False,0.8981481481481481,1.0,,1.6134242575975828
E3C29,E,E3,C,29,12.204929463851242,22.070150625000004,17.366915859375002,1084.0,23923.968549609377,320.9134993686036,21.459482655458824,283.3430232558131,0.7448195668595974,215.0,0.4021,0.4453125,2.245614035087719,"X,Y",um,False,0.8744186046511628,0.9953488372093025,,1.6134242575975828
E3C30,E,E3,C,30,11.327134368722552,22.661810625000005,16.031058515625002,992.0,22480.71104882813,356.6844412386658,19.79144254721942,228.1601123595505,0.8282956876268776,267.0,0.3913,0.4453125,2.245614035087719,"X,Y",um,False,0.902621722846442,0.99250936329588,,1.6134242575975828
E3C31,E,E3,C,31,11.468165735868144,23.479965468750006,17.366915859375002,1035.0,24302.039289609376,449.61672029227304,18.61872118980966,224.7924354243545,0.7980147147513941,271.0,0.3995,0.4453125,2.245614035087719,"X,Y",um,False,0.8560885608856089,0.996309963099631,,1.6134242575975828
E3C32,E,E3,C,32,12.57380466658108,22.751175937500005,16.476344296875002,1042.0,23707.1012775,349.8888466009095,23.53109691542458,312.40384615384636,0.8885981174516312,195.0,0.4542,0.4453125,2.245614035087719,"X,Y",um,False,0.882051282051282,0.9948717948717948,,1.6134242575975828
E3C33,E,E3,C,33,12.439459445962697,24.059299218750002,18.257487421875005,1034.0,24876.93713039063,393.3509771967957,20.920116848486007,262.5808189655176,0.7616174309133604,232.0,0.4033,0.4453125,2.245614035087719,"X,Y",um,False,0.896551724137931,1.0,,1.6134242575975828
E3C34,E,E3,C,34,13.635229314457124,19.992407109375,14.695201171875002,1039.0,20772.49233,252.2566274655213,23.613936090321133,315.6411917098445,0.6779134305800061,193.0,0.4385,0.4453125,2.245614035087719,"X,Y",um,False,0.8808290155440415,1.0,,1.6134242575975828
E3C35,E,E3,C,35,13.541317392977549,20.0394009375,15.585772734375004,997.0,19978.945303593755,213.70513006027224,21.317599682426124,286.0035211267608,0.7596653340635003,213.0,0.4288,0.4453125,2.245614035087719,"X,Y",um,False,0.8732394366197184,0.9953051643192488,,1.6134242575975828
E3C36,E,E3,C,36,12.529936122009273,22.619439140625005,16.921630078125002,1074.0,24293.132803593755,332.60429615240486,20.363464752681143,279.44380733944956,0.852484740477384,218.0,0.4022,0.4453125,2.245614035087719,"X,Y",um,False,0.8853211009174312,0.9954128440366972,,1.6134242575975828
E3C37,E,E3,C,37,12.228105058118425,23.793514453125006,16.698987187500002,932.0,22175.226513515627,477.02462949503183,20.203279970400473,267.18749999999994,0.785971523212484,228.0,0.3994,0.4453125,2.245614035087719,"X,Y",um,False,0.868421052631579,1.0,,1.6134242575975828
E3C38,E,E3,C,38,12.605993534474953,21.862915546875005,15.585772734375004,915.0,20004.328133906252,374.95420453421633,22.26171443010686,279.4438073394491,0.7332789730061788,218.0,0.4125,0.4453125,2.245614035087719,"X,Y",um,False,0.9036697247706422,1.0,,1.6134242575975828
E3C39,E,E3,C,39,12.849461218526109,22.510043671875003,16.921630078125002,929.0,20911.875253828126,338.83784466597297,20.903992438147068,300.0923645320206,0.9113098562269608,203.0,0.3909,0.4453125,2.245614035087719,"X,Y",um,False,0.8571428571428571,0.9950738916256158,,1.6134242575975828
E3C40,E,E3,C,40,13.82480872175718,22.390633125000004,16.921630078125002,854.0,19121.71855851563,366.557935770868,26.2665996681986,390.50480769230705,0.8832072271858712,156.0,0.4677,0.4453125,2.245614035087719,"X,Y",um,False,0.8974358974358975,1.0,,1.6134242575975828
E3C41,E,E3,C,41,11.062811563285205,22.460738671875003,16.476344296875002,960.0,21562.47629976563,350.5310154566346,19.010238433042534,230.75284090909128,1.1959233158861031,264.0,0.4573,0.4453125,2.245614035087719,"X,Y",um,False,0.8863636363636364,0.9962121212121212,,1.6134242575975828
E3C42,E,E3,C,42,10.47986605617652,23.02389421875,16.031058515625002,1022.0,23530.75809304688,458.4996604619935,17.043864985169975,183.49021084337326,0.659840376634309,332.0,0.4201,0.4453125,2.245614035087719,"X,Y",um,False,0.8734939759036144,1.0,,1.6134242575975828
E3C43,E,E3,C,43,12.969154869148337,18.480130312500002,13.359343828125002,1032.0,19071.843469453128,212.71220169093021,21.906414470518722,283.34302325581376,0.6938665690575511,215.0,0.4659,0.4453125,2.245614035087719,"X,Y",um,False,0.8651162790697674,1.0,,1.6134242575975828
E3C44,E,E3,C,44,14.23059275947616,19.416925312500002,14.695201171875002,983.0,19086.53944101563,233.98686416997074,24.369662302450077,327.52016129032194,0.6790633471388554,186.0,0.4646,0.4453125,2.245614035087719,"X,Y",um,False,0.8763440860215054,0.9946236559139784,,1.6134242575975828
E3C45,E,E3,C,45,10.686713811457656,20.282073984375003,15.140486953125,1061.0,21519.281267812505,273.9770097325928,17.76504910939775,192.78085443037992,0.6691064775965614,316.0,0.4322,0.4453125,2.245614035087719,"X,Y",um,False,0.9082278481012658,0.9968354430379748,,1.6134242575975828
E3I1,E,E3,I,1,8.599287323081873,22.04087578125,16.476344296875002,1109.0,24443.648642343753,311.6637751389588,14.628804766885285,135.0748337028827,0.9402730943468208,451.0,0.4439,0.4453125,2.245614035087719,"X,Y",um,False,0.8558758314855875,0.9977827050997784,,1.6134242575975828
E3I2,E,E3,I,2,8.918177693765134,23.660236875000002,17.812201640625002,1087.0,25718.57810273438,406.2649810153932,14.753946760993298,139.083904109589,0.8032826743818635,438.0,0.4607,0.4453125,2.245614035087719,"X,Y",um,False,0.8835616438356165,0.997716894977169,,1.6134242575975828
E3I3,E,E3,I,3,9.923859828040218,21.871389843750002,16.476344296875002,1139.0,24911.226446718752,326.3108039656129,17.31972461267829,180.7678041543023,0.8610275537879095,337.0,0.4572,0.4453125,2.245614035087719,"X,Y",um,False,0.8664688427299704,1.0,,1.6134242575975828
E3I4,E,E3,I,4,9.338871789379589,20.917646250000004,15.585772734375004,1185.0,24786.984009843753,264.56466603301396,16.513483843364718,159.89173228346496,0.7860090119753987,381.0,0.4356,0.4453125,2.245614035087719,"X,Y",um,False,0.8923884514435696,1.0,,1.6134242575975828
E3I5,E,E3,I,5,8.057234801876659,21.471557109375002,16.476344296875002,1351.0,29008.546674609377,290.360624577594,12.706708212416311,107.44047619047635,0.7416758192257337,567.0,0.4295,0.4453125,2.245614035087719,"X,Y",um,False,0.8553791887125219,0.9982363315696648,,1.6134242575975828
E3I6,E,E3,I,6,7.97182884034301,22.754257500000005,16.921630078125002,1326.0,30172.593812343755,358.3563355700684,12.778448980886028,110.16048824593149,0.9964775300643997,553.0,0.4399,0.4453125,2.245614035087719,"X,Y",um,False,0.8734177215189873,1.0,,1.6134242575975828
E3I7,E,E3,I,7,8.222457351444163,22.580919609375,16.921630078125002,1270.0,28677.67930898438,317.2242927076172,13.475833999370428,117.60376447876443,0.8317172091298332,518.0,0.4086,0.4453125,2.245614035087719,"X,Y",um,False,0.8590733590733591,0.998069498069498,,1.6134242575975828
E3I8,E,E3,I,8,8.607425542722757,22.391403515625004,16.921630078125002,1352.0,30273.679847812502,373.6039881323914,13.573374978100377,119.44852941176492,0.7043729038751714,510.0,0.4381,0.4453125,2.245614035087719,"X,Y",um,False,0.8450980392156863,1.0,,1.6134242575975828
E3I9,E,E3,I,9,8.400709848639462,23.003093671875003,17.144272968750002,1410.0,32433.890598281254,341.32105584190066,13.28738935637346,114.50892857142881,0.786356685402866,532.0,0.4045,0.4453125,2.245614035087719,"X,Y",um,False,0.8439849624060151,0.9943609022556392,,1.6134242575975828
E3I10,E,E3,I,10,9.627491955090212,22.520829140625004,17.366915859375002,1237.0,27857.859651093757,324.94337601405033,15.416744686814981,153.06218592964834,0.8169101666258805,398.0,0.4342,0.4453125,2.245614035087719,"X,Y",um,False,0.8592964824120602,1.0,,1.6134242575975828
E3I11,E,E3,I,11,10.265071041112614,21.100228828125,16.476344296875002,1148.0,24223.21908398438,264.1064827089661,16.866976853379402,187.4423076923075,0.7856769416397341,325.0,0.4372,0.4453125,2.245614035087719,"X,Y",um,False,0.8584615384615385,1.0,,1.6134242575975828
E3I12,E,E3,I,12,9.796145137856755,20.858326171875003,15.585772734375004,1060.0,22109.765651718753,295.51221946455695,15.804850743002705,165.5400815217385,0.8509984037928269,368.0,0.4593,0.4453125,2.245614035087719,"X,Y",um,False,0.8668478260869564,0.9945652173913044,,1.6134242575975828
E3I13,E,E3,I,13,9.388619474138888,21.390666093750003,15.585772734375004,1208.0,25839.702768750005,326.1867621071595,16.622886322889613,170.16410614525148,0.9361798782700096,358.0,0.4485,0.4453125,2.245614035087719,"X,Y",um,False,0.8715083798882681,0.9972067039106144,,1.6134242575975828
E3I14,E,E3,I,14,9.906207567722488,21.178808671875004,15.585772734375004,1184.0,25075.54691507813,294.1531005370057,16.599521135317225,185.727896341463,0.9466908673856392,328.0,0.4451,0.4453125,2.245614035087719,"X,Y",um,False,0.8445121951219512,1.0,,1.6134242575975828
E3I15,E,E3,I,15,9.534982173108665,21.740423437500002,16.698987187500002,1158.0,25175.297093203128,308.92120371353764,14.995503376452715,150.41666666666643,0.814017949872048,405.0,0.4405,0.4453125,2.245614035087719,"X,Y",um,False,0.8419753086419753,0.9975308641975308,,1.6134242575975828
E3I16,E,E3,I,16,9.558029083149355,22.293563906250004,16.476344296875002,1355.0,30208.21898601563,332.3502774183472,15.08197862293744,151.53917910447734,0.7055983506036119,402.0,0.4037,0.4453125,2.245614035087719,"X,Y",um,False,0.8855721393034826,1.0,,1.6134242575975828
E3I17,E,E3,I,17,9.378951432112606,22.013141718750003,16.031058515625002,1202.0,26460.02361117188,350.30489130318614,15.064065516830246,153.44773299748098,0.8565097904690357,397.0,0.4338,0.4453125,2.245614035087719,"X,Y",um,False,0.8992443324937027,0.9974811083123426,,1.6134242575975828
E3I18,E,E3,I,18,8.97804481547049,23.920628906250005,17.366915859375002,1280.0,30618.351843046876,475.04886228550424,14.008303661889137,131.008064516129,0.8004426078013854,465.0,0.3987,0.4453125,2.245614035087719,"X,Y",um,False,0.8989247311827957,1.0,,1.6134242575975828
E3I19,E,E3,I,19,10.514423761226169,20.038630546875,14.695201171875002,1206.0,24166.218652031253,252.9427154481629,17.508535451048598,177.60568513119537,0.6710538792711437,343.0,0.4202,0.4453125,2.245614035087719,"X,Y",um,False,0.9008746355685132,1.0,,1.6134242575975828
E3I20,E,E3,I,20,9.855919854187604,24.914432812500007,18.257487421875005,1207.0,30071.953062656255,435.70682059575813,15.989951640288881,165.09146341463403,0.935088495421099,369.0,0.3949,0.4453125,2.245614035087719,"X,Y",um,False,0.8780487804878049,1.0,,1.6134242575975828
E3I21,E,E3,I,21,9.731265341739052,22.505421328125003,16.476344296875002,1154.0,25971.515834296883,349.9677823290162,15.811524205458417,160.3125000000001,0.767504064291826,380.0,0.4318,0.4453125,2.245614035087719,"X,Y",um,False,0.894736842105263,0.9947368421052633,,1.6134242575975828
E3I22,E,E3,I,22,11.06073880780227,20.606408437500004,15.585772734375004,944.0,19452.58592414063,262.6150128989502,17.985060328830535,221.52272727272788,1.04396613258521,275.0,0.4656,0.4453125,2.245614035087719,"X,Y",um,False,0.8872727272727273,0.9963636363636365,,1.6134242575975828
E3I23,E,E3,I,23,12.497552712244461,17.944708828125002,13.804629609375002,1025.0,18393.63316429688,174.6598392280701,22.799387574194704,297.16463414634165,0.8531956607611715,205.0,0.4696,0.4453125,2.245614035087719,"X,Y",um,False,0.8829268292682927,1.0,,1.6134242575975828
E3I24,E,E3,I,24,10.949462953530468,24.397500703125004,18.257487421875005,1241.0,30277.68741984375,427.31173883583995,17.820145922120542,212.26045296167223,0.9346098645308905,287.0,0.3926,0.4453125,2.245614035087719,"X,Y",um,False,0.8850174216027875,0.989547038327526,,1.6134242575975828
E3I25,E,E3,I,25,10.97537615936974,21.946888125,15.585772734375004,1119.0,24558.539307421877,375.6100239293885,18.570703417974514,203.0625000000005,0.6638898650340419,300.0,0.4275,0.4453125,2.245614035087719,"X,Y",um,False,0.8433333333333334,1.0,,1.6134242575975828
E3I26,E,E3,I,26,11.136265875457495,22.162597500000004,16.031058515625002,991.0,21963.258155390628,378.36090437882086,18.508734384117957,211.52343749999997,0.7706634462884828,288.0,0.4181,0.4453125,2.245614035087719,"X,Y",um,False,0.8333333333333334,0.9895833333333334,,1.6134242575975828
E3I27,E,E3,I,27,11.189793885324942,22.364439843750002,15.808415625000002,1008.0,22543.054910156254,369.86492732733774,19.352289481455088,218.34677419354927,0.8019919540356815,279.0,0.451,0.4453125,2.245614035087719,"X,Y",um,False,0.906810035842294,0.996415770609319,,1.6134242575975828
E3I28,E,E3,I,28,11.398093642818168,18.859162500000004,14.695201171875002,1072.0,20216.74254820313,208.76422828216556,19.359016320162976,229.88207547169773,0.7538943154014951,265.0,0.4301,0.4453125,2.245614035087719,"X,Y",um,False,0.8339622641509434,1.0,,1.6134242575975828
E3I29,E,E3,I,29,12.813866031093918,19.688873203125002,14.695201171875002,1041.0,20496.398197031252,241.7332485552979,22.103664588309748,294.29347826086945,0.7060873391261034,207.0,0.4244,0.4453125,2.245614035087719,"X,Y",um,False,0.8840579710144928,1.0,,1.6134242575975828
E3I30,E,E3,I,30,13.759069987053868,20.212738828125,15.585772734375004,1094.0,22112.882652187505,227.5343135235352,22.176752241749707,318.94633507853433,0.6585724260362156,191.0,0.4371,0.4453125,2.245614035087719,"X,Y",um,False,0.8586387434554974,0.9947643979057592,,1.6134242575975828
E3I31,E,E3,I,31,11.889957870277252,23.338983984375005,17.366915859375002,1145.0,26722.75762992188,390.29088235380254,19.7485308546764,259.22872340425505,0.7789406779427521,235.0,0.4217,0.4453125,2.245614035087719,"X,Y",um,False,0.8765957446808511,1.0,,1.6134242575975828
E3I32,E,E3,I,32,11.461099807161395,22.189561171875003,16.031058515625002,1055.0,23409.632656640628,383.0905195463563,20.885904936273537,282.03125000000074,0.9105315312507228,216.0,0.4589,0.4453125,2.245614035087719,"X,Y",um,False,0.875,1.0,,1.6134242575975828
E3I33,E,E3,I,33,10.807070298413304,23.339754375000002,16.921630078125002,1163.0,27144.468687656255,398.5174096266358,17.56682110240911,204.42533557046983,0.7244170382466286,298.0,0.4178,0.4453125,2.245614035087719,"X,Y",um,False,0.8691275167785235,1.0,,1.6134242575975828
E3I34,E,E3,I,34,11.137504115870735,21.553988906250005,16.476344296875002,1063.0,22912.218393750005,288.9112933893494,18.508010201845654,214.50264084507083,0.7309386302317579,284.0,0.4517,0.4453125,2.245614035087719,"X,Y",um,False,0.8697183098591549,1.0,,1.6134242575975828
E3I35,E,E3,I,35,10.666711272202859,20.38607671875,14.695201171875002,1138.0,23199.445441640626,298.50109410173957,18.698810781959658,219.13219424460425,0.7903023142175335,278.0,0.4298,0.4453125,2.245614035087719,"X,Y",um,False,0.841726618705036,1.0,,1.6134242575975828
E3I36,E,E3,I,36,12.325066387166897,24.451428046875005,17.812201640625002,957.0,23400.280884843753,518.4658867510439,20.48841047422167,290.0892857142866,0.8959359023757981,210.0,0.4068,0.4453125,2.245614035087719,"X,Y",um,False,0.9,1.0,,1.6134242575975828
E3I37,E,E3,I,37,11.327389322636048,20.269747734375002,15.140486953125,980.0,19864.054638515627,264.7658631144288,17.88483001591561,223.1456043956049,0.7747727048155009,273.0,0.4322,0.4453125,2.245614035087719,"X,Y",um,False,0.9047619047619048,1.0,,1.6134242575975828
E3I38,E,E3,I,38,11.00616757894739,18.87919265625,14.249915390625002,1031.0,19464.609410625002,228.69817038682254,18.0456418960187,197.78814935064892,0.7721580658293383,308.0,0.4522,0.4453125,2.245614035087719,"X,Y",um,False,0.9123376623376624,1.0,,1.6134242575975828
E3I39,E,E3,I,39,11.006652515504197,20.956165781250004,16.031058515625002,1117.0,23408.29679929688,284.49267312052007,18.031666788478493,207.91382252559765,0.7522672420101677,293.0,0.4388,0.4453125,2.245614035087719,"X,Y",um,False,0.8668941979522184,0.9965870307167236,,1.6134242575975828
E3I40,E,E3,I,40,11.63824785918427,19.679628515625005,14.695201171875002,997.0,19620.913964531253,246.88721744912112,18.86378894690775,220.7201086956525,0.6985981833340472,276.0,0.457,0.4453125,2.245614035087719,"X,Y",um,False,0.8985507246376812,1.0,,1.6134242575975828
E3I41,E,E3,I,41,11.339370809762928,18.805235156250003,13.804629609375002,923.0,17357.3907496875,217.33617355317998,18.982764430230553,221.522727272728,0.8615249909210605,275.0,0.4572,0.4453125,2.245614035087719,"X,Y",um,False,0.8763636363636363,0.9963636363636365,,1.6134242575975828
E3I42,E,E3,I,42,11.049398681897813,21.221950546875004,16.031058515625002,1131.0,24001.89818367188,290.67043247286995,18.29742436034744,203.74163879598728,0.8380590302860341,299.0,0.4487,0.4453125,2.245614035087719,"X,Y",um,False,0.8494983277591973,1.0,,1.6134242575975828
E3I43,E,E3,I,43,10.387737915402447,19.387650468750003,15.585772734375004,1088.0,21093.56263804688,197.13931018873905,17.675301335420162,197.78814935064923,0.9246659656970678,308.0,0.4491,0.4453125,2.245614035087719,"X,Y",um,False,0.8506493506493507,0.9935064935064936,,1.6134242575975828
E3S1,E,E3,S,1,11.685471623402115,18.827576484375,14.472558281250002,840.0,15815.27364234375,189.64457053060917,18.48630809485003,247.63719512195146,1.0398034998560213,246.0,0.4815,0.4453125,2.245614035087719,"X,Y",um,False,0.8902439024390244,1.0,,1.6134242575975828
E3S2,E,E3,S,2,11.685471623402115,18.827576484375,14.472558281250002,840.0,15815.27364234375,189.64457053060917,18.48630809485003,247.63719512195146,1.0398034998560213,246.0,0.4815,0.4453125,2.245614035087719,"X,Y",um,False,0.8902439024390244,1.0,,1.6134242575975828
E3S3,E,E3,S,3,12.472305647254226,18.755930156250002,14.695201171875002,967.0,18136.68786070313,200.97570527506718,21.631632028387752,274.40878378378426,0.7689956862988216,222.0,0.4754,0.4453125,2.245614035087719,"X,Y",um,False,0.9009009009009008,1.0,,1.6134242575975828
E3S4,E,E3,S,4,12.03331059288545,21.72963796875,16.031058515625002,877.0,19057.148268281253,313.4306297447755,20.522567297161444,263.7175324675329,1.0325896599286195,231.0,0.4715,0.4453125,2.245614035087719,"X,Y",um,False,0.8658008658008658,1.0,,1.6134242575975828
E3S5,E,E3,S,5,11.169814818875581,20.191938281250003,15.140486953125,1074.0,21686.27345085938,270.9946636142762,19.70932041822661,229.88207547169816,1.1359856790376963,265.0,0.4648,0.4453125,2.245614035087719,"X,Y",um,False,0.8830188679245283,1.0,,1.6134242575975828
E3S6,E,E3,S,6,8.623730078265192,22.302038203125004,16.476344296875002,1212.0,27030.023308359378,340.5613736465882,13.774737792347748,122.5729376257545,0.798190744643919,497.0,0.4138,0.4453125,2.245614035087719,"X,Y",um,False,0.8832997987927566,0.9979879275653925,,1.6134242575975828
E3S7,E,E3,S,7,10.377787040849675,20.641076015625003,14.917844062500002,856.0,17668.664000156252,272.7431196669251,17.57672271009936,200.3906249999997,0.93934753855169,304.0,0.4911,0.4453125,2.245614035087719,"X,Y",um,False,0.8651315789473684,0.9967105263157896,,1.6134242575975828
E3S8,E,E3,S,8,10.764521369320228,21.688807265625,15.585772734375004,991.0,21493.453151718753,340.3399975068604,17.441600800406945,205.1136363636362,0.6989441070380369,297.0,0.4637,0.4453125,2.245614035087719,"X,Y",um,False,0.8653198653198653,0.9966329966329966,,1.6134242575975828
E3S9,E,E3,S,9,11.165591459405707,20.922268593750005,15.585772734375004,1031.0,21570.492214218753,297.39955491853647,17.929649259678264,223.96599264705847,0.8934047351745055,272.0,0.4611,0.4453125,2.245614035087719,"X,Y",um,False,0.8639705882352942,1.0,,1.6134242575975828
E3S10,E,E3,S,10,12.501040431071313,18.512486718750004,13.804629609375002,942.0,17438.437384218752,209.44853575966192,21.71230052170663,261.45386266094476,0.6091221035311465,233.0,0.4748,0.4453125,2.245614035087719,"X,Y",um,False,0.8969957081545065,1.0,,1.6134242575975828
E3S11,E,E3,S,11,11.717160388878236,18.171974062500002,13.804629609375002,979.0,17790.680008125,207.61936347376104,19.63073720063979,250.69444444444386,0.9225196562345442,243.0,0.4666,0.4453125,2.245614035087719,"X,Y",um,False,0.8847736625514403,1.0,,1.6134242575975828
E3S12,E,E3,S,12,12.290481500038151,21.05477578125,16.031058515625002,1012.0,21307.758195468756,261.9758115518006,19.655886521453624,255.9611344537823,0.9786174580719488,238.0,0.4335,0.4453125,2.245614035087719,"X,Y",um,False,0.8823529411764706,1.0,,1.6134242575975828
E3S13,E,E3,S,13,12.336093923521966,19.174252265625004,14.249915390625002,863.0,16547.367378984378,237.23094454464115,20.582303983187174,253.8281249999997,0.8166060588925396,240.0,0.4491,0.4453125,2.245614035087719,"X,Y",um,False,0.8541666666666666,1.0,,1.6134242575975828
E3S14,E,E3,S,14,12.219615781261517,19.90227140625,14.249915390625002,855.0,17016.28104070313,261.65532062565313,20.89038742449627,269.5519911504429,0.7340404081146047,226.0,0.4817,0.4453125,2.245614035087719,"X,Y",um,False,0.8761061946902655,0.995575221238938,,1.6134242575975828
E3S15,E,E3,S,15,10.862200358773753,21.749668125000003,16.031058515625002,1118.0,24315.843919218754,346.5492124501099,17.939517758135533,205.11363636363592,0.8805768225178149,297.0,0.4262,0.4453125,2.245614035087719,"X,Y",um,False,0.888888888888889,0.9966329966329966,,1.6134242575975828
E3S16,E,E3,S,16,13.498820566638198,18.476278359375,14.695201171875002,939.0,17348.929549453125,180.26130841506964,22.917420257411475,324.03590425531866,0.8608993520536365,188.0,0.4726,0.4453125,2.245614035087719,"X,Y",um,False,0.8829787234042553,1.0,,1.6134242575975828
E3S18,E,E3,S,18,12.619498687150251,19.919220000000003,15.140486953125,1044.0,20795.648731406254,230.87572817948,20.69120948689863,267.1874999999998,0.7444553147090084,228.0,0.4335,0.4453125,2.245614035087719,"X,Y",um,False,0.8640350877192982,0.9956140350877192,,1.6134242575975828
E3S19,E,E3,S,19,13.272951384615144,18.447003515625003,13.804629609375002,1032.0,19037.55492351563,200.7935002485352,23.097482982932092,344.17372881355885,0.7814475770822734,177.0,0.4658,0.4453125,2.245614035087719,"X,Y",um,False,0.864406779661017,0.9943502824858758,,1.6134242575975828
E3S20,E,E3,S,20,12.200201093392437,20.171908125000005,14.695201171875002,969.0,19546.546616718755,272.11934936436774,19.389108405193138,253.8281249999995,0.8139932305194283,240.0,0.4711,0.4453125,2.245614035087719,"X,Y",um,False,0.9,1.0,,1.6134242575975828
E3S21,E,E3,S,21,13.165541808328465,20.462345390625003,15.585772734375004,1022.0,20912.320539609376,242.77899857728278,20.979367638485222,270.7499999999997,0.6059589290273497,225.0,0.434,0.4453125,2.245614035087719,"X,Y",um,False,0.8755555555555555,1.0,,1.6134242575975828
E3S22,E,E3,S,22,12.345057667599042,20.815954687500003,15.585772734375004,1001.0,20836.617334453127,286.5901081816407,22.445946098014833,287.35259433962204,1.0400760439062853,212.0,0.4399,0.4453125,2.245614035087719,"X,Y",um,False,0.8915094339622641,1.0,,1.6134242575975828
E3S23,E,E3,S,23,11.654574528643069,19.644960937500002,14.695201171875002,1046.0,20548.945000781252,250.22269708791507,19.05961631938878,246.63461538461513,0.7678157394807917,247.0,0.4323,0.4453125,2.245614035087719,"X,Y",um,False,0.8785425101214575,0.9919028340080972,,1.6134242575975828
E3S24,E,E3,S,24,12.398474182101113,19.450822500000005,14.917844062500002,914.0,17778.211235859377,229.39968941405644,20.768144758259822,262.58081896551676,0.7465177050457579,232.0,0.4553,0.4453125,2.245614035087719,"X,Y",um,False,0.8922413793103449,1.0,,1.6134242575975828
E3S25,E,E3,S,25,13.361881210336644,17.665827421875004,13.804629609375002,985.0,17400.585781640628,182.45548425574955,22.523074825820853,301.57797029702965,0.8000700909702689,202.0,0.4484,0.4453125,2.245614035087719,"X,Y",um,False,0.9108910891089108,1.0,,1.6134242575975828
E3S26,E,E3,S,26,15.073016407861491,17.964738984375003,12.914058046875002,923.0,16581.210639140627,204.41623471743168,25.77553741472383,388.0175159235653,0.8061315213538207,157.0,0.4549,0.4453125,2.245614035087719,"X,Y",um,False,0.89171974522293,1.0,,1.6134242575975828
E3S27,E,E3,S,27,12.267344025412383,22.404500156250002,14.695201171875002,1026.0,22987.031027343754,477.08576017168593,19.299573119893306,248.64795918367344,0.8042261657683821,245.0,0.4001,0.4453125,2.245614035087719,"X,Y",um,False,0.9020408163265308,1.0,,1.6134242575975828
E3S28,E,E3,S,28,13.060214100933736,18.867636796875,14.249915390625002,1027.0,19376.88271898438,197.38976791250613,21.933740638649304,287.3525943396229,0.7714863307065035,212.0,0.4052,0.4453125,2.245614035087719,"X,Y",um,False,0.8679245283018867,0.9952830188679244,,1.6134242575975828
E3S29,E,E3,S,29,12.865542021950128,20.700396093750005,15.140486953125,1023.0,21176.39041570313,286.0874122289612,20.432843536462897,266.02074235807936,0.7529305981460033,229.0,0.4142,0.4453125,2.245614035087719,"X,Y",um,False,0.8820960698689956,1.0,,1.6134242575975828
E3S30,E,E3,S,30,14.087381645472455,16.809923437500004,12.914058046875002,823.0,13834.523076796877,170.93442896246341,24.26679309887394,369.2045454545457,0.9687205359345024,165.0,0.4893,0.4453125,2.245614035087719,"X,Y",um,False,0.8727272727272727,1.0,,1.6134242575975828
E3S31,E,E3,S,31,12.353106955640188,18.443921953125002,14.249915390625002,851.0,15695.484063281252,216.48627909717413,20.11115291433075,264.86413043478194,0.8080911042552908,230.0,0.4631,0.4453125,2.245614035087719,"X,Y",um,False,0.8869565217391304,1.0,,1.6134242575975828
E3S32,E,E3,S,32,12.139523663259084,21.598671562500005,14.695201171875002,890.0,19222.80459398438,362.2099422061341,21.23839930349555,271.95870535714243,0.8103387347480407,224.0,0.4589,0.4453125,2.245614035087719,"X,Y",um,False,0.9017857142857144,1.0,,1.6134242575975828
E3S33,E,E3,S,33,12.21601169732245,20.418433125000004,15.140486953125,1015.0,20724.843669843754,274.33370426336063,20.39611235006923,267.1875000000003,0.8735956586789654,228.0,0.4276,0.4453125,2.245614035087719,"X,Y",um,False,0.8552631578947368,1.0,,1.6134242575975828
E3S34,E,E3,S,34,12.28477862740365,18.689676562500004,14.249915390625002,844.0,15773.859753515628,194.29406296660773,20.451827117895757,273.1782511210762,0.8942508044597172,223.0,0.4587,0.4453125,2.245614035087719,"X,Y",um,False,0.9013452914798208,1.0,,1.6134242575975828
E3S35,E,E3,S,35,13.701627043885251,22.333624218750003,16.476344296875002,815.0,18202.148722500002,319.95796160731203,22.308300864637108,310.8099489795932,0.8270151903878821,196.0,0.4272,0.4453125,2.245614035087719,"X,Y",um,False,0.8520408163265306,0.9948979591836736,,1.6134242575975828
E3S36,E,E3,S,36,12.616669789474855,20.202723750000004,14.695201171875002,944.0,19071.398183671878,324.1029775854859,20.161091180001524,263.71753246753235,0.8076965219156359,231.0,0.4388,0.4453125,2.245614035087719,"X,Y",um,False,0.8831168831168831,1.0,,1.6134242575975828
E3S37,E,E3,S,37,13.010414921638148,18.59877046875,13.804629609375002,783.0,14562.609241406251,217.8928781619324,22.244961553452047,300.0923645320198,0.7881596402897766,203.0,0.4657,0.4453125,2.245614035087719,"X,Y",um,False,0.8620689655172413,0.9950738916256158,,1.6134242575975828
E3S38,E,E3,S,38,14.101727404313966,20.226605859375002,14.695201171875002,1035.0,20934.140313281252,304.4687538469483,23.57840292055253,332.8893442622956,0.7534995797449612,183.0,0.4235,0.4453125,2.245614035087719,"X,Y",um,False,0.8907103825136612,1.0,,1.6134242575975828
E3S39,E,E3,S,39,12.884559124485614,20.339853281250004,15.140486953125,959.0,19505.57801367188,272.992390387262,20.34067236769937,273.17825112107647,0.8503469222870704,223.0,0.4323,0.4453125,2.245614035087719,"X,Y",um,False,0.8968609865470852,1.0,,1.6134242575975828
E3S40,E,E3,S,40,10.560141538502982,22.098655078125002,16.921630078125002,1193.0,26363.39043351563,335.48099896543584,16.847584468394338,192.7808544303796,0.9210408573039862,316.0,0.3923,0.4453125,2.245614035087719,"X,Y",um,False,0.8829113924050633,1.0,,1.6134242575975828
E3S41,E,E3,S,41,10.177391512303691,25.415186718750004,17.812201640625002,1227.0,31184.343968203128,539.94768132865,16.32237451125371,171.6021126760565,0.8458799125169335,355.0,0.4057,0.4453125,2.245614035087719,"X,Y",um,False,0.9070422535211268,1.0,,1.6134242575975828
E3S42,E,E3,S,42,9.548724250551862,25.898992031250007,18.702773203125002,1283.0,33228.773482031254,431.66922842801523,14.858629802629475,147.50302663438265,0.7449639639008117,413.0,0.361,0.4453125,2.245614035087719,"X,Y",um,False,0.8861985472154964,0.9975786924939468,,1.6134242575975828
E3S43,E,E3,S,43,9.585223864283433,24.828919453125003,18.702773203125002,1300.0,32277.586044375006,450.98236773869024,15.038934817393471,146.0881294964024,0.8403835138490435,417.0,0.3709,0.4453125,2.245614035087719,"X,Y",um,False,0.8920863309352518,0.9976019184652278,,1.6134242575975828
E3S44,E,E3,S,44,9.282296046216205,26.871995390625003,18.702773203125002,1227.0,32971.8281784375,597.5422747642091,15.446579538944,151.53917910447768,0.9131827317944934,402.0,0.3849,0.4453125,2.245614035087719,"X,Y",um,False,0.8830845771144279,0.9975124378109452,,1.6134242575975828
E3S45,E,E3,S,45,10.946099127664278,21.484653750000003,14.695201171875002,1083.0,23267.578018125005,417.2269576930665,17.441868024787595,197.78814935064892,0.7844109013245659,308.0,0.442,0.4453125,2.245614035087719,"X,Y",um,False,0.8993506493506493,1.0,,1.6134242575975828
E3S46,E,E3,S,46,12.646959618668214,19.167318750000003,13.58198671875,828.0,15870.492160781254,299.08331928424076,21.95555275788861,278.16780821917763,0.6761083326339229,219.0,0.4784,0.4453125,2.245614035087719,"X,Y",um,False,0.863013698630137,1.0,,1.6134242575975828
E3S47,E,E3,S,47,11.56479062925135,19.472393437500003,14.249915390625002,912.0,17758.617120703126,240.73616567395024,19.625680492439606,244.65361445783049,1.037984968223815,249.0,0.4652,0.4453125,2.245614035087719,"X,Y",um,False,0.8835341365461847,0.9959839357429718,,1.6134242575975828
E3S48,E,E3,S,48,11.765849818209652,20.369128125000003,14.695201171875002,778.0,15846.890473593752,326.3013079381714,20.755739787528874,280.73156682027667,0.8310043292863157,217.0,0.4749,0.4453125,2.245614035087719,"X,Y",um,False,0.8940092165898618,1.0,,1.6134242575975828
